global_index,repair_batch_index,collector,sample_id,main_relative_path,before_event_start,before_event_end,after_event_start,after_event_end,outcome,category,action,first_pass_disposition,first_pass_model,independent_review_model,old_prefilter_status,old_primary_error
1207,1,Zhengxuan_Liu,F_034,dataset/fly_ball/Zhengxuan_Liu/F_034,0.91,0.917,,,needs_source_recut,visible_contact_audio_unresolved,recover source and re-localize normal-speed bat-contact audio,contact_visible_audio_unresolved,qwen3.5-omni-plus,qwen3.5-omni-plus,needs_edit,clip_too_short
1206,2,Zhengxuan_Liu,F_033,dataset/fly_ball/Zhengxuan_Liu/F_033,1.138,1.15,1.095,1.195,metadata_time_correction,independent_multimodal_confirmation,publish corrected event_start/event_end,candidate_bound_pending_second_review,qwen3.5-omni-plus,qwen3.5-omni-flash,needs_edit,clip_too_short
1205,3,Zhengxuan_Liu,F_032,dataset/fly_ball/Zhengxuan_Liu/F_032,0.809,0.815,,,needs_source_recut,visible_contact_audio_unresolved,recover source and re-localize normal-speed bat-contact audio,contact_visible_audio_unresolved,qwen3.5-omni-plus,qwen3.5-omni-plus,needs_edit,contact_timestamp_wrong
1204,4,Zhengxuan_Liu,F_031,dataset/fly_ball/Zhengxuan_Liu/F_031,2.171,2.179,2.123,2.223,metadata_time_correction,independent_multimodal_confirmation,publish corrected event_start/event_end,candidate_bound_pending_second_review,qwen3.5-omni-plus,qwen3.5-omni-flash,needs_edit,clip_too_short
1203,5,Zhengxuan_Liu,F_030,dataset/fly_ball/Zhengxuan_Liu/F_030,1.115,1.122,1.065,1.165,metadata_time_correction,independent_multimodal_confirmation,publish corrected event_start/event_end,candidate_bound_pending_second_review,qwen3.5-omni-plus,qwen3.5-omni-flash,needs_edit,clip_too_short
1202,6,Zhengxuan_Liu,F_029,dataset/fly_ball/Zhengxuan_Liu/F_029,1.204,1.211,1.155,1.255,metadata_time_correction,independent_multimodal_confirmation,publish corrected event_start/event_end,candidate_bound_pending_second_review,qwen3.5-omni-plus,qwen-omni-turbo,needs_edit,clip_too_short
1201,7,Zhengxuan_Liu,F_028,dataset/fly_ball/Zhengxuan_Liu/F_028,0.852,0.859,0.806,0.906,metadata_time_correction,independent_multimodal_confirmation,publish corrected event_start/event_end,candidate_bound_pending_second_review,qwen3.5-omni-plus,qwen3.5-omni-flash,needs_edit,clip_too_short
1200,8,Zhengxuan_Liu,F_027,dataset/fly_ball/Zhengxuan_Liu/F_027,1.148,1.156,1.100,1.200,metadata_time_correction,independent_multimodal_confirmation,publish corrected event_start/event_end,candidate_bound_pending_second_review,qwen3.5-omni-plus,qwen3.5-omni-flash,needs_edit,clip_too_short
1199,9,Zhengxuan_Liu,F_026,dataset/fly_ball/Zhengxuan_Liu/F_026,1.297,1.307,1.250,1.350,metadata_time_correction,independent_multimodal_confirmation,publish corrected event_start/event_end,candidate_bound_pending_second_review,qwen3.5-omni-plus,qwen3.5-omni-flash,needs_edit,clip_too_short
1198,10,Zhengxuan_Liu,F_025,dataset/fly_ball/Zhengxuan_Liu/F_025,0.441,0.449,,,needs_source_recut,visible_contact_audio_unresolved,recover source and re-localize normal-speed bat-contact audio,contact_visible_audio_unresolved,qwen3.5-omni-plus,qwen3.5-omni-plus,needs_edit,clip_too_short
1197,11,Zhengxuan_Liu,F_024,dataset/fly_ball/Zhengxuan_Liu/F_024,1.902,1.916,,,needs_source_recut,visible_contact_audio_unresolved,recover source and re-localize normal-speed bat-contact audio,contact_visible_audio_unresolved,qwen3.5-omni-plus,qwen3.5-omni-plus,needs_edit,clip_too_short
1196,12,Zhengxuan_Liu,F_023,dataset/fly_ball/Zhengxuan_Liu/F_023,0.443,0.451,0.396,0.496,metadata_time_correction,independent_multimodal_confirmation,publish corrected event_start/event_end,candidate_bound_pending_second_review,qwen3.5-omni-plus,qwen3.5-omni-flash,needs_edit,clip_too_short
1195,13,Zhengxuan_Liu,F_022,dataset/fly_ball/Zhengxuan_Liu/F_022,2.035,2.047,1.988,2.088,metadata_time_correction,independent_multimodal_confirmation,publish corrected event_start/event_end,candidate_bound_pending_second_review,qwen3.5-omni-plus,qwen3.5-omni-flash,needs_edit,clip_too_short
1194,14,Zhengxuan_Liu,F_021,dataset/fly_ball/Zhengxuan_Liu/F_021,0.369,0.379,,,needs_source_recut,visible_contact_audio_unresolved,recover source and re-localize normal-speed bat-contact audio,contact_visible_audio_unresolved,qwen3.5-omni-plus,qwen3.5-omni-plus,needs_edit,clip_too_short
1193,15,Zhengxuan_Liu,F_020,dataset/fly_ball/Zhengxuan_Liu/F_020,1.127,1.132,1.080,1.180,metadata_time_correction,independent_multimodal_confirmation,publish corrected event_start/event_end,candidate_bound_pending_second_review,qwen3.5-omni-plus,qwen3.5-omni-flash,needs_edit,clip_too_short
1192,16,Zhengxuan_Liu,F_019,dataset/fly_ball/Zhengxuan_Liu/F_019,0.866,0.874,0.821,0.921,metadata_time_correction,independent_multimodal_confirmation,publish corrected event_start/event_end,candidate_bound_pending_second_review,qwen3.5-omni-plus,qwen3.5-omni-flash,needs_edit,clip_too_short
1191,17,Zhengxuan_Liu,F_018,dataset/fly_ball/Zhengxuan_Liu/F_018,0.998,1.008,0.950,1.050,metadata_time_correction,independent_multimodal_confirmation,publish corrected event_start/event_end,candidate_bound_pending_second_review,qwen3.5-omni-plus,qwen3.5-omni-flash,needs_edit,clip_too_short
1190,18,Zhengxuan_Liu,F_017,dataset/fly_ball/Zhengxuan_Liu/F_017,0.788,0.796,0.741,0.841,metadata_time_correction,independent_multimodal_confirmation,publish corrected event_start/event_end,candidate_bound_pending_second_review,qwen3.5-omni-plus,qwen3.5-omni-flash,needs_edit,clip_too_short
1189,19,Zhengxuan_Liu,F_016,dataset/fly_ball/Zhengxuan_Liu/F_016,0.838,0.847,0.791,0.891,metadata_time_correction,independent_multimodal_confirmation,publish corrected event_start/event_end,candidate_bound_pending_second_review,qwen3.5-omni-plus,qwen3.5-omni-flash,needs_edit,clip_too_short
1188,20,Zhengxuan_Liu,F_015,dataset/fly_ball/Zhengxuan_Liu/F_015,0.603,0.62,0.561,0.661,metadata_time_correction,independent_multimodal_confirmation,publish corrected event_start/event_end,candidate_bound_pending_second_review,qwen3.5-omni-plus,qwen3.5-omni-flash,needs_edit,clip_too_short
1187,21,Zhengxuan_Liu,F_014,dataset/fly_ball/Zhengxuan_Liu/F_014,1.893,1.903,1.848,1.948,metadata_time_correction,independent_multimodal_confirmation,publish corrected event_start/event_end,candidate_bound_pending_second_review,qwen3.5-omni-plus,qwen3.5-omni-flash,needs_edit,clip_too_short
1186,22,Zhengxuan_Liu,F_013,dataset/fly_ball/Zhengxuan_Liu/F_013,2.134,2.142,2.088,2.188,metadata_time_correction,independent_multimodal_confirmation,publish corrected event_start/event_end,candidate_bound_pending_second_review,qwen3.5-omni-plus,qwen3.5-omni-flash,needs_edit,clip_too_short
1185,23,Zhengxuan_Liu,F_012,dataset/fly_ball/Zhengxuan_Liu/F_012,1.301,1.312,1.255,1.355,metadata_time_correction,independent_multimodal_confirmation,publish corrected event_start/event_end,candidate_bound_pending_second_review,qwen3.5-omni-plus,qwen3.5-omni-flash,needs_edit,clip_too_short
1184,24,Zhengxuan_Liu,F_011,dataset/fly_ball/Zhengxuan_Liu/F_011,0.816,0.826,0.771,0.871,metadata_time_correction,independent_multimodal_confirmation,publish corrected event_start/event_end,candidate_bound_pending_second_review,qwen3.5-omni-plus,qwen3.5-omni-flash,needs_edit,clip_too_short
1183,25,Zhengxuan_Liu,F_010,dataset/fly_ball/Zhengxuan_Liu/F_010,0.837,0.846,,,needs_source_recut,visible_contact_audio_unresolved,recover source and re-localize normal-speed bat-contact audio,contact_visible_audio_unresolved,qwen3.5-omni-plus,qwen3.5-omni-plus,needs_edit,clip_too_short
1182,26,Zhengxuan_Liu,F_009,dataset/fly_ball/Zhengxuan_Liu/F_009,0.823,0.833,0.776,0.876,metadata_time_correction,independent_multimodal_confirmation,publish corrected event_start/event_end,candidate_bound_pending_second_review,qwen3.5-omni-plus,qwen3.5-omni-flash,needs_edit,clip_too_short
1181,27,Zhengxuan_Liu,F_008,dataset/fly_ball/Zhengxuan_Liu/F_008,1.427,1.436,,,needs_source_recut,visible_contact_audio_unresolved,recover source and re-localize normal-speed bat-contact audio,contact_visible_audio_unresolved,qwen3.5-omni-plus,qwen3.5-omni-plus,needs_edit,contact_timestamp_wrong
1180,28,Zhengxuan_Liu,F_007,dataset/fly_ball/Zhengxuan_Liu/F_007,0.642,0.656,0.596,0.696,metadata_time_correction,independent_multimodal_confirmation,publish corrected event_start/event_end,candidate_bound_pending_second_review,qwen3.5-omni-plus,qwen3.5-omni-flash,needs_edit,clip_too_short
1179,29,Zhengxuan_Liu,F_006,dataset/fly_ball/Zhengxuan_Liu/F_006,1.207,1.22,0.641,0.741,metadata_time_correction,independent_multimodal_confirmation,publish corrected event_start/event_end,candidate_bound_pending_second_review,qwen3.5-omni-plus,qwen3.5-omni-flash,needs_edit,clip_too_short
1178,30,Zhengxuan_Liu,F_005,dataset/fly_ball/Zhengxuan_Liu/F_005,1.947,1.951,1.898,1.998,metadata_time_correction,independent_multimodal_confirmation,publish corrected event_start/event_end,candidate_bound_pending_second_review,qwen3.5-omni-plus,qwen3.5-omni-flash,needs_edit,clip_too_short
1177,31,Zhengxuan_Liu,F_004,dataset/fly_ball/Zhengxuan_Liu/F_004,2.296,2.301,,,needs_source_recut,visible_contact_audio_unresolved,recover source and re-localize normal-speed bat-contact audio,contact_visible_audio_unresolved,qwen3.5-omni-plus,qwen3.5-omni-plus,needs_edit,clip_too_short
1176,32,Zhengxuan_Liu,F_003,dataset/fly_ball/Zhengxuan_Liu/F_003,2.043,2.051,,,needs_source_recut,visible_contact_audio_unresolved,recover source and re-localize normal-speed bat-contact audio,contact_visible_audio_unresolved,qwen3.5-omni-plus,qwen3.5-omni-plus,needs_edit,clip_too_short
1175,33,Zhengxuan_Liu,F_002,dataset/fly_ball/Zhengxuan_Liu/F_002,1.635,1.638,,,needs_source_recut,visible_contact_audio_unresolved,recover source and re-localize normal-speed bat-contact audio,contact_visible_audio_unresolved,qwen3.5-omni-plus,qwen3.5-omni-plus,needs_edit,clip_too_short
1174,34,Zhengxuan_Liu,F_001,dataset/fly_ball/Zhengxuan_Liu/F_001,1.508,1.517,1.459,1.559,metadata_time_correction,independent_multimodal_confirmation,publish corrected event_start/event_end,candidate_bound_pending_second_review,qwen3.5-omni-plus,qwen3.5-omni-flash,needs_edit,clip_too_short
1173,35,Codex_Workstation,F_1289,dataset/fly_ball/Codex_Workstation/F_1289,1.950,2.050,,,needs_source_recut,visible_contact_audio_unresolved,recover source and re-localize normal-speed bat-contact audio,contact_visible_audio_unresolved,qwen3.5-omni-plus,qwen3.5-omni-plus,needs_edit,clip_too_short
1172,36,Codex_Workstation,F_1288,dataset/fly_ball/Codex_Workstation/F_1288,1.950,2.050,0.912,1.012,metadata_time_correction,independent_multimodal_confirmation,publish corrected event_start/event_end,candidate_bound_pending_second_review,qwen3.5-omni-plus,qwen3.5-omni-flash,needs_edit,clip_too_short
1171,37,Codex_Workstation,F_1287,dataset/fly_ball/Codex_Workstation/F_1287,1.950,2.050,,,needs_source_recut,no_verified_live_contact_in_clip,recover source and recut around an actual live batting action,needs_source_recut_no_visual_contact,qwen3.5-omni-plus,qwen3.5-omni-plus,direct_use_candidate,audio_and_context_pass
1170,38,Codex_Workstation,F_1286,dataset/fly_ball/Codex_Workstation/F_1286,1.950,2.050,,,needs_source_recut,no_verified_live_contact_in_clip,recover source and recut around an actual live batting action,needs_source_recut_no_visual_contact,qwen3.5-omni-plus,qwen3.5-omni-plus,direct_use_candidate,audio_and_context_pass
1169,39,Codex_Workstation,F_1285,dataset/fly_ball/Codex_Workstation/F_1285,1.950,2.050,,,needs_source_recut,no_verified_live_contact_in_clip,recover source and recut around an actual live batting action,needs_source_recut_no_visual_contact,qwen3.5-omni-plus,qwen3.5-omni-plus,direct_use_candidate,audio_and_context_pass
1168,40,Codex_Workstation,F_1284,dataset/fly_ball/Codex_Workstation/F_1284,1.950,2.050,,,needs_source_recut,no_verified_live_contact_in_clip,recover source and recut around an actual live batting action,needs_source_recut_no_visual_contact,qwen3.5-omni-plus,qwen3.5-omni-plus,needs_edit,clip_too_short
1167,41,Codex_Workstation,F_1283,dataset/fly_ball/Codex_Workstation/F_1283,1.950,2.050,1.957,2.057,metadata_time_correction,independent_multimodal_confirmation,publish corrected event_start/event_end,candidate_bound_pending_second_review,qwen3.5-omni-plus,qwen3.5-omni-flash,needs_edit,clip_too_short
1166,42,Codex_Workstation,F_1282,dataset/fly_ball/Codex_Workstation/F_1282,1.950,2.050,,,needs_source_recut,no_verified_live_contact_in_clip,recover source and recut around an actual live batting action,needs_source_recut_no_visual_contact,qwen3.5-omni-plus,qwen3.5-omni-plus,direct_use_candidate,audio_and_context_pass
1165,43,Codex_Workstation,F_1281,dataset/fly_ball/Codex_Workstation/F_1281,1.950,2.050,,,needs_source_recut,contact_pair_unverified,recover source and recut to make video and normal-speed audio unambiguous,needs_source_recut,qwen3.5-omni-plus,qwen3.5-omni-plus,needs_edit,contact_timestamp_wrong
1164,44,Codex_Workstation,F_1280,dataset/fly_ball/Codex_Workstation/F_1280,3.860,3.960,,,needs_source_recut,visible_contact_audio_unresolved,recover source and re-localize normal-speed bat-contact audio,contact_visible_audio_unresolved,qwen3.5-omni-plus,qwen3.5-omni-plus,needs_edit,clip_too_short
1163,45,Codex_Workstation,F_1279,dataset/fly_ball/Codex_Workstation/F_1279,1.950,2.050,,,needs_source_recut,no_verified_live_contact_in_clip,recover source and recut around an actual live batting action,needs_source_recut_no_visual_contact,qwen3.5-omni-plus,qwen3.5-omni-plus,needs_edit,contact_timestamp_wrong
1162,46,Codex_Workstation,F_1278,dataset/fly_ball/Codex_Workstation/F_1278,1.830,1.930,1.848,1.948,metadata_time_correction,independent_multimodal_confirmation,publish corrected event_start/event_end,candidate_bound_pending_second_review,qwen3.5-omni-plus,qwen3.5-omni-flash,direct_use_candidate,audio_and_context_pass
1161,47,Codex_Workstation,F_1277,dataset/fly_ball/Codex_Workstation/F_1277,1.950,2.050,,,needs_source_recut,contact_pair_unverified,recover source and recut to make video and normal-speed audio unambiguous,needs_source_recut,qwen3.5-omni-plus,qwen3.5-omni-plus,direct_use_candidate,audio_and_context_pass
1160,48,Codex_Workstation,F_1276,dataset/fly_ball/Codex_Workstation/F_1276,0.230,0.330,2.618,2.718,metadata_time_correction,independent_multimodal_confirmation,publish corrected event_start/event_end,candidate_bound_pending_second_review,qwen3.5-omni-plus,qwen3.5-omni-flash,needs_edit,clip_too_short
1159,49,Codex_Workstation,F_1275,dataset/fly_ball/Codex_Workstation/F_1275,1.950,2.050,0.847,0.947,metadata_time_correction,independent_multimodal_confirmation,publish corrected event_start/event_end,candidate_bound_pending_second_review,qwen3.5-omni-plus,qwen3.5-omni-flash,needs_edit,source_recovery_required
1158,50,Codex_Workstation,F_1273,dataset/fly_ball/Codex_Workstation/F_1273,1.950,2.050,,,needs_source_recut,no_verified_live_contact_in_clip,recover source and recut around an actual live batting action,needs_source_recut_no_visual_contact,qwen3.5-omni-plus,qwen3.5-omni-plus,needs_edit,contact_timestamp_wrong
1157,51,Codex_Workstation,F_1272,dataset/fly_ball/Codex_Workstation/F_1272,1.950,2.050,,,needs_source_recut,contact_pair_unverified,recover source and recut to make video and normal-speed audio unambiguous,needs_source_recut,qwen3.5-omni-plus,qwen3.5-omni-plus,direct_use_candidate,audio_and_context_pass
1156,52,Codex_Workstation,F_1271,dataset/fly_ball/Codex_Workstation/F_1271,5.310,5.410,,,needs_source_recut,no_verified_live_contact_in_clip,recover source and recut around an actual live batting action,needs_source_recut_no_visual_contact,qwen3.5-omni-plus,qwen3.5-omni-plus,needs_edit,contact_timestamp_wrong
1155,53,Codex_Workstation,F_1270,dataset/fly_ball/Codex_Workstation/F_1270,1.950,2.050,1.977,2.077,metadata_time_correction,independent_multimodal_confirmation,publish corrected event_start/event_end,candidate_bound_pending_second_review,qwen3.5-omni-plus,qwen3.5-omni-flash,needs_edit,clip_too_short
1154,54,Codex_Workstation,F_1269,dataset/fly_ball/Codex_Workstation/F_1269,5.728,5.828,,,needs_source_recut,no_verified_live_contact_in_clip,recover source and recut around an actual live batting action,needs_source_recut_no_visual_contact,qwen3.5-omni-plus,qwen3.5-omni-plus,needs_edit,contact_timestamp_wrong
1153,55,Codex_Workstation,F_1268,dataset/fly_ball/Codex_Workstation/F_1268,1.950,2.050,,,needs_source_recut,no_verified_live_contact_in_clip,recover source and recut around an actual live batting action,needs_source_recut_no_visual_contact,qwen3.5-omni-plus,qwen3.5-omni-plus,needs_edit,clip_too_short
1152,56,Codex_Workstation,F_1267,dataset/fly_ball/Codex_Workstation/F_1267,1.950,2.050,,,needs_source_recut,no_verified_live_contact_in_clip,recover source and recut around an actual live batting action,needs_source_recut_no_visual_contact,qwen3.5-omni-plus,qwen3.5-omni-plus,needs_edit,clip_too_short
1151,57,Codex_Workstation,F_1266,dataset/fly_ball/Codex_Workstation/F_1266,1.950,2.050,,,needs_source_recut,no_verified_live_contact_in_clip,recover source and recut around an actual live batting action,needs_source_recut_no_visual_contact,qwen3.5-omni-plus,qwen3.5-omni-plus,needs_edit,clip_too_short
1150,58,Codex_Workstation,F_1265,dataset/fly_ball/Codex_Workstation/F_1265,1.950,2.050,,,needs_source_recut,no_verified_live_contact_in_clip,recover source and recut around an actual live batting action,needs_source_recut_no_visual_contact,qwen3.5-omni-plus,qwen3.5-omni-plus,needs_edit,clip_too_short
1149,59,Codex_Workstation,F_1264,dataset/fly_ball/Codex_Workstation/F_1264,1.950,2.050,,,needs_source_recut,no_verified_live_contact_in_clip,recover source and recut around an actual live batting action,needs_source_recut_no_visual_contact,qwen3.5-omni-plus,qwen3.5-omni-plus,direct_use_candidate,audio_and_context_pass
1148,60,Codex_Workstation,F_1263,dataset/fly_ball/Codex_Workstation/F_1263,1.950,2.050,,,needs_source_recut,no_verified_live_contact_in_clip,recover source and recut around an actual live batting action,needs_source_recut_no_visual_contact,qwen3.5-omni-plus,qwen3.5-omni-plus,needs_edit,clip_too_short
1147,61,Codex_Workstation,F_1262,dataset/fly_ball/Codex_Workstation/F_1262,1.950,2.050,,,needs_source_recut,no_verified_live_contact_in_clip,recover source and recut around an actual live batting action,needs_source_recut_no_visual_contact,qwen3.5-omni-plus,qwen3.5-omni-plus,direct_use_candidate,audio_and_context_pass
1146,62,Codex_Workstation,F_1261,dataset/fly_ball/Codex_Workstation/F_1261,1.950,2.050,,,needs_source_recut,no_verified_live_contact_in_clip,recover source and recut around an actual live batting action,needs_source_recut_no_visual_contact,qwen3.5-omni-plus,qwen3.5-omni-plus,direct_use_candidate,audio_and_context_pass
1145,63,Codex_Workstation,F_1260,dataset/fly_ball/Codex_Workstation/F_1260,5.543,5.643,,,needs_source_recut,visible_contact_audio_unresolved,recover source and re-localize normal-speed bat-contact audio,contact_visible_audio_unresolved,qwen3.5-omni-plus,qwen3.5-omni-plus,needs_edit,clip_too_short
1144,64,Codex_Workstation,F_1258,dataset/fly_ball/Codex_Workstation/F_1258,1.950,2.050,,,needs_source_recut,no_verified_live_contact_in_clip,recover source and recut around an actual live batting action,needs_source_recut_no_visual_contact,qwen3.5-omni-plus,qwen3.5-omni-plus,needs_edit,contact_timestamp_wrong
1143,65,Codex_Workstation,F_1257,dataset/fly_ball/Codex_Workstation/F_1257,1.950,2.050,,,needs_source_recut,no_verified_live_contact_in_clip,recover source and recut around an actual live batting action,needs_source_recut_no_visual_contact,qwen3.5-omni-plus,qwen3.5-omni-plus,needs_edit,contact_timestamp_wrong
1142,66,Codex_Workstation,F_1255,dataset/fly_ball/Codex_Workstation/F_1255,3.066,3.166,,,needs_source_recut,no_verified_live_contact_in_clip,recover source and recut around an actual live batting action,needs_source_recut_no_visual_contact,qwen3.5-omni-plus,qwen3.5-omni-plus,needs_edit,contact_timestamp_wrong
1141,67,Codex_Workstation,F_1254,dataset/fly_ball/Codex_Workstation/F_1254,1.950,2.050,,,needs_source_recut,no_verified_live_contact_in_clip,recover source and recut around an actual live batting action,needs_source_recut_no_visual_contact,qwen3.5-omni-plus,qwen3.5-omni-plus,direct_use_candidate,audio_and_context_pass
1140,68,Codex_Workstation,F_1253,dataset/fly_ball/Codex_Workstation/F_1253,3.964,4.064,,,needs_source_recut,no_verified_live_contact_in_clip,recover source and recut around an actual live batting action,needs_source_recut_no_visual_contact,qwen3.5-omni-plus,qwen3.5-omni-plus,needs_edit,contact_timestamp_wrong
1139,69,Codex_Workstation,F_1252,dataset/fly_ball/Codex_Workstation/F_1252,6.615,6.715,,,needs_source_recut,visible_contact_audio_unresolved,recover source and re-localize normal-speed bat-contact audio,contact_visible_audio_unresolved,qwen3.5-omni-plus,qwen3.5-omni-plus,needs_edit,clip_too_short
1138,70,Codex_Workstation,F_1251,dataset/fly_ball/Codex_Workstation/F_1251,1.950,2.050,,,needs_source_recut,no_verified_live_contact_in_clip,recover source and recut around an actual live batting action,needs_source_recut_no_visual_contact,qwen3.5-omni-plus,qwen3.5-omni-plus,needs_edit,contact_timestamp_wrong
1137,71,Codex_Workstation,F_1250,dataset/fly_ball/Codex_Workstation/F_1250,1.950,2.050,0.813,0.913,metadata_time_correction,independent_multimodal_confirmation,publish corrected event_start/event_end,candidate_bound_pending_second_review,qwen3.5-omni-plus,qwen3.5-omni-flash,needs_edit,clip_too_short
1136,72,Codex_Workstation,F_1249,dataset/fly_ball/Codex_Workstation/F_1249,3.601,3.701,,,needs_source_recut,no_verified_live_contact_in_clip,recover source and recut around an actual live batting action,needs_source_recut_no_visual_contact,qwen3.5-omni-plus,qwen3.5-omni-plus,needs_edit,contact_timestamp_wrong
1135,73,Codex_Workstation,F_1248,dataset/fly_ball/Codex_Workstation/F_1248,1.950,2.050,,,needs_source_recut,no_verified_live_contact_in_clip,recover source and recut around an actual live batting action,needs_source_recut_no_visual_contact,qwen3.5-omni-plus,qwen3.5-omni-plus,needs_edit,contact_timestamp_wrong
1134,74,Codex_Workstation,F_1247,dataset/fly_ball/Codex_Workstation/F_1247,1.950,2.050,,,needs_source_recut,no_verified_live_contact_in_clip,recover source and recut around an actual live batting action,needs_source_recut_no_visual_contact,qwen3.5-omni-plus,qwen3.5-omni-plus,needs_edit,contact_timestamp_wrong
1133,75,Codex_Workstation,F_1246,dataset/fly_ball/Codex_Workstation/F_1246,1.790,1.890,1.822,1.922,metadata_time_correction,independent_multimodal_confirmation,publish corrected event_start/event_end,candidate_bound_pending_second_review,qwen3.5-omni-plus,qwen3.5-omni-flash,direct_use_candidate,audio_and_context_pass
1132,76,Codex_Workstation,F_1245,dataset/fly_ball/Codex_Workstation/F_1245,5.589,5.689,,,needs_source_recut,no_verified_live_contact_in_clip,recover source and recut around an actual live batting action,needs_source_recut_no_visual_contact,qwen3.5-omni-plus,qwen3.5-omni-plus,needs_edit,clip_too_short
1131,77,Codex_Workstation,F_1244,dataset/fly_ball/Codex_Workstation/F_1244,1.950,2.050,,,needs_source_recut,no_verified_live_contact_in_clip,recover source and recut around an actual live batting action,needs_source_recut_no_visual_contact,qwen3.5-omni-plus,qwen3.5-omni-plus,needs_edit,contact_timestamp_wrong
1130,78,Codex_Workstation,F_1243,dataset/fly_ball/Codex_Workstation/F_1243,1.950,2.050,,,needs_source_recut,no_verified_live_contact_in_clip,recover source and recut around an actual live batting action,needs_source_recut_no_visual_contact,qwen3.5-omni-plus,qwen3.5-omni-plus,direct_use_candidate,audio_and_context_pass
1129,79,Codex_Workstation,F_1242,dataset/fly_ball/Codex_Workstation/F_1242,1.950,2.050,,,needs_source_recut,candidate_rejected_by_independent_review,recover source and replace only after a new full review,candidate_bound_pending_second_review,qwen3.5-omni-plus,qwen3.5-omni-flash,needs_edit,clip_too_short
1128,80,Codex_Workstation,F_1240,dataset/fly_ball/Codex_Workstation/F_1240,1.950,2.050,,,needs_source_recut,visible_contact_audio_unresolved,recover source and re-localize normal-speed bat-contact audio,contact_visible_audio_unresolved,qwen3.5-omni-plus,qwen3.5-omni-plus,direct_use_candidate,audio_and_context_pass
1127,81,Codex_Workstation,F_1239,dataset/fly_ball/Codex_Workstation/F_1239,1.950,2.050,,,needs_source_recut,visible_contact_audio_unresolved,recover source and re-localize normal-speed bat-contact audio,contact_visible_audio_unresolved,qwen3.5-omni-plus,qwen3.5-omni-plus,direct_use_candidate,audio_and_context_pass
1126,82,Codex_Workstation,F_1238,dataset/fly_ball/Codex_Workstation/F_1238,1.950,2.050,,,needs_source_recut,contact_pair_unverified,recover source and recut to make video and normal-speed audio unambiguous,needs_source_recut,qwen3.5-omni-plus,qwen3.5-omni-plus,direct_use_candidate,audio_and_context_pass
1125,83,Codex_Workstation,F_1237,dataset/fly_ball/Codex_Workstation/F_1237,3.555,3.655,,,needs_source_recut,visible_contact_audio_unresolved,recover source and re-localize normal-speed bat-contact audio,contact_visible_audio_unresolved,qwen3.5-omni-plus,qwen3.5-omni-plus,needs_edit,source_recovery_required
1124,84,Codex_Workstation,F_1235,dataset/fly_ball/Codex_Workstation/F_1235,1.950,2.050,,,needs_source_recut,no_verified_live_contact_in_clip,recover source and recut around an actual live batting action,needs_source_recut_no_visual_contact,qwen3.5-omni-plus,qwen3.5-omni-plus,needs_edit,clip_too_short
1123,85,Codex_Workstation,F_1234,dataset/fly_ball/Codex_Workstation/F_1234,1.950,2.050,,,needs_source_recut,visible_contact_audio_unresolved,recover source and re-localize normal-speed bat-contact audio,contact_visible_audio_unresolved,qwen3.5-omni-plus,qwen3.5-omni-plus,needs_edit,audio_candidate_review
1122,86,Codex_Workstation,F_1233,dataset/fly_ball/Codex_Workstation/F_1233,1.950,2.050,,,needs_source_recut,no_verified_live_contact_in_clip,recover source and recut around an actual live batting action,needs_source_recut_no_visual_contact,qwen3.5-omni-plus,qwen3.5-omni-plus,direct_use_candidate,audio_and_context_pass
1121,87,Codex_Workstation,F_1232,dataset/fly_ball/Codex_Workstation/F_1232,1.950,2.050,,,needs_source_recut,no_verified_live_contact_in_clip,recover source and recut around an actual live batting action,needs_source_recut_no_visual_contact,qwen3.5-omni-plus,qwen3.5-omni-plus,needs_edit,contact_timestamp_wrong
1120,88,Codex_Workstation,F_1231,dataset/fly_ball/Codex_Workstation/F_1231,0.990,1.090,1.022,1.122,metadata_time_correction,independent_multimodal_confirmation,publish corrected event_start/event_end,candidate_bound_pending_second_review,qwen3.5-omni-plus,qwen3.5-omni-flash,needs_edit,clip_too_short
1119,89,Codex_Workstation,F_1230,dataset/fly_ball/Codex_Workstation/F_1230,0.970,1.070,1.008,1.108,metadata_time_correction,independent_multimodal_confirmation,publish corrected event_start/event_end,candidate_bound_pending_second_review,qwen3.5-omni-plus,qwen3.5-omni-flash,needs_edit,clip_too_short
1118,90,Codex_Workstation,F_1229,dataset/fly_ball/Codex_Workstation/F_1229,1.170,1.270,,,needs_source_recut,visible_contact_audio_unresolved,recover source and re-localize normal-speed bat-contact audio,contact_visible_audio_unresolved,qwen3.5-omni-plus,qwen3.5-omni-plus,direct_use_candidate,audio_and_context_pass
1117,91,Codex_Workstation,F_1228,dataset/fly_ball/Codex_Workstation/F_1228,1.950,2.050,,,needs_source_recut,no_verified_live_contact_in_clip,recover source and recut around an actual live batting action,needs_source_recut_no_visual_contact,qwen3.5-omni-plus,qwen3.5-omni-plus,direct_use_candidate,audio_and_context_pass
1116,92,Codex_Workstation,F_1227,dataset/fly_ball/Codex_Workstation/F_1227,1.950,2.050,,,needs_source_recut,no_verified_live_contact_in_clip,recover source and recut around an actual live batting action,needs_source_recut_no_visual_contact,qwen3.5-omni-plus,qwen3.5-omni-plus,needs_edit,contact_timestamp_wrong
1115,93,Codex_Workstation,F_1226,dataset/fly_ball/Codex_Workstation/F_1226,1.950,2.050,0.327,0.427,metadata_time_correction,independent_multimodal_confirmation,publish corrected event_start/event_end,candidate_bound_pending_second_review,qwen3.5-omni-plus,qwen3.5-omni-flash,needs_edit,contact_timestamp_wrong
1114,94,Codex_Workstation,F_1225,dataset/fly_ball/Codex_Workstation/F_1225,1.950,2.050,,,needs_source_recut,no_verified_live_contact_in_clip,recover source and recut around an actual live batting action,needs_source_recut_no_visual_contact,qwen3.5-omni-plus,qwen3.5-omni-plus,needs_edit,clip_too_short
1113,95,Codex_Workstation,F_1224,dataset/fly_ball/Codex_Workstation/F_1224,1.950,2.050,,,needs_source_recut,no_verified_live_contact_in_clip,recover source and recut around an actual live batting action,needs_source_recut_no_visual_contact,qwen3.5-omni-plus,qwen3.5-omni-plus,needs_edit,clip_too_short
1112,96,Codex_Workstation,F_1223,dataset/fly_ball/Codex_Workstation/F_1223,1.950,2.050,,,needs_source_recut,visible_contact_audio_unresolved,recover source and re-localize normal-speed bat-contact audio,contact_visible_audio_unresolved,qwen3.5-omni-plus,qwen3.5-omni-plus,direct_use_candidate,audio_and_context_pass
1111,97,Codex_Workstation,F_1222,dataset/fly_ball/Codex_Workstation/F_1222,1.150,1.250,1.177,1.277,metadata_time_correction,independent_multimodal_confirmation,publish corrected event_start/event_end,candidate_bound_pending_second_review,qwen3.5-omni-plus,qwen3.5-omni-flash,needs_edit,clip_too_short
1110,98,Codex_Workstation,F_1221,dataset/fly_ball/Codex_Workstation/F_1221,1.210,1.310,1.238,1.338,metadata_time_correction,independent_multimodal_confirmation,publish corrected event_start/event_end,candidate_bound_pending_second_review,qwen3.5-omni-plus,qwen3.5-omni-flash,needs_edit,clip_too_short
1109,99,Codex_Workstation,F_1220,dataset/fly_ball/Codex_Workstation/F_1220,3.860,3.960,,,needs_source_recut,no_verified_live_contact_in_clip,recover source and recut around an actual live batting action,needs_source_recut_no_visual_contact,qwen3.5-omni-plus,qwen3.5-omni-plus,needs_edit,clip_too_short
1108,100,Codex_Workstation,F_1219,dataset/fly_ball/Codex_Workstation/F_1219,3.456,3.556,,,needs_source_recut,no_verified_live_contact_in_clip,recover source and recut around an actual live batting action,needs_source_recut_no_visual_contact,qwen3.5-omni-plus,qwen3.5-omni-plus,needs_edit,clip_too_short
1107,101,Codex_Workstation,F_1218,dataset/fly_ball/Codex_Workstation/F_1218,4.096,4.196,,,needs_source_recut,no_verified_live_contact_in_clip,recover source and recut around an actual live batting action,needs_source_recut_no_visual_contact,qwen3.5-omni-plus,qwen3.5-omni-plus,needs_edit,clip_too_short
1106,102,Codex_Workstation,F_1217,dataset/fly_ball/Codex_Workstation/F_1217,1.950,2.050,0.077,0.177,metadata_time_correction,independent_multimodal_confirmation,publish corrected event_start/event_end,candidate_bound_pending_second_review,qwen3.5-omni-plus,qwen3.5-omni-flash,direct_use_candidate,audio_and_context_pass
1105,103,Codex_Workstation,F_1216,dataset/fly_ball/Codex_Workstation/F_1216,1.950,2.050,1.973,2.073,metadata_time_correction,independent_multimodal_confirmation,publish corrected event_start/event_end,candidate_bound_pending_second_review,qwen3.5-omni-plus,qwen-omni-turbo,direct_use_candidate,audio_and_context_pass
1104,104,Codex_Workstation,F_1214,dataset/fly_ball/Codex_Workstation/F_1214,1.950,2.050,,,needs_source_recut,no_verified_live_contact_in_clip,recover source and recut around an actual live batting action,needs_source_recut_no_visual_contact,qwen3.5-omni-plus,qwen3.5-omni-plus,direct_use_candidate,audio_and_context_pass
1103,105,Codex_Workstation,F_1213,dataset/fly_ball/Codex_Workstation/F_1213,2.973,3.073,1.863,1.963,metadata_time_correction,independent_multimodal_confirmation,publish corrected event_start/event_end,candidate_bound_pending_second_review,qwen3.5-omni-plus,qwen-omni-turbo,needs_edit,clip_too_short
1102,106,Codex_Workstation,F_1212,dataset/fly_ball/Codex_Workstation/F_1212,1.690,1.790,1.718,1.818,metadata_time_correction,independent_multimodal_confirmation,publish corrected event_start/event_end,candidate_bound_pending_second_review,qwen3.5-omni-plus,qwen-omni-turbo,direct_use_candidate,audio_and_context_pass
1101,107,Codex_Workstation,F_1211,dataset/fly_ball/Codex_Workstation/F_1211,1.950,2.050,,,needs_source_recut,contact_pair_unverified,recover source and recut to make video and normal-speed audio unambiguous,needs_source_recut,qwen3.5-omni-plus,qwen3.5-omni-plus,direct_use_candidate,audio_and_context_pass
1100,108,Codex_Workstation,F_1210,dataset/fly_ball/Codex_Workstation/F_1210,1.950,2.050,,,needs_source_recut,no_verified_live_contact_in_clip,recover source and recut around an actual live batting action,needs_source_recut_no_visual_contact,qwen3.5-omni-plus,qwen3.5-omni-plus,needs_edit,clip_too_short
1099,109,Codex_Workstation,F_1209,dataset/fly_ball/Codex_Workstation/F_1209,1.950,2.050,,,needs_source_recut,visible_contact_audio_unresolved,recover source and re-localize normal-speed bat-contact audio,contact_visible_audio_unresolved,qwen3.5-omni-plus,qwen3.5-omni-plus,direct_use_candidate,audio_and_context_pass
1098,110,Codex_Workstation,F_1208,dataset/fly_ball/Codex_Workstation/F_1208,1.950,2.050,,,needs_source_recut,no_verified_live_contact_in_clip,recover source and recut around an actual live batting action,needs_source_recut_no_visual_contact,qwen3.5-omni-plus,qwen3.5-omni-plus,needs_edit,clip_too_short
1097,111,Codex_Workstation,F_1207,dataset/fly_ball/Codex_Workstation/F_1207,1.750,1.850,1.782,1.882,metadata_time_correction,independent_multimodal_confirmation,publish corrected event_start/event_end,candidate_bound_pending_second_review,qwen3.5-omni-plus,qwen-omni-turbo,direct_use_candidate,audio_and_context_pass
1096,112,Codex_Workstation,F_1206,dataset/fly_ball/Codex_Workstation/F_1206,1.950,2.050,1.973,2.073,metadata_time_correction,independent_multimodal_confirmation,publish corrected event_start/event_end,candidate_bound_pending_second_review,qwen3.5-omni-plus,qwen-omni-turbo,direct_use_candidate,audio_and_context_pass
1095,113,Codex_Workstation,F_1205,dataset/fly_ball/Codex_Workstation/F_1205,1.950,2.050,1.973,2.073,metadata_time_correction,independent_multimodal_confirmation,publish corrected event_start/event_end,candidate_bound_pending_second_review,qwen3.5-omni-plus,qwen-omni-turbo,needs_edit,clip_too_short
1094,114,Codex_Workstation,F_1204,dataset/fly_ball/Codex_Workstation/F_1204,1.070,1.170,1.088,1.188,metadata_time_correction,independent_multimodal_confirmation,publish corrected event_start/event_end,candidate_bound_pending_second_review,qwen3.5-omni-plus,qwen-omni-turbo,direct_use_candidate,audio_and_context_pass
1093,115,Codex_Workstation,F_1203,dataset/fly_ball/Codex_Workstation/F_1203,1.950,2.050,,,needs_source_recut,no_verified_live_contact_in_clip,recover source and recut around an actual live batting action,needs_source_recut_no_visual_contact,qwen3.5-omni-plus,qwen3.5-omni-plus,needs_edit,contact_timestamp_wrong
1092,116,Codex_Workstation,F_1202,dataset/fly_ball/Codex_Workstation/F_1202,6.316,6.416,,,needs_source_recut,no_verified_live_contact_in_clip,recover source and recut around an actual live batting action,needs_source_recut_no_visual_contact,qwen3.5-omni-plus,qwen3.5-omni-plus,needs_edit,clip_too_short
1091,117,Codex_Workstation,F_1201,dataset/fly_ball/Codex_Workstation/F_1201,1.950,2.050,,,needs_source_recut,no_verified_live_contact_in_clip,recover source and recut around an actual live batting action,needs_source_recut_no_visual_contact,qwen3.5-omni-plus,qwen3.5-omni-plus,needs_edit,clip_too_short
1090,118,Codex_Workstation,F_1200,dataset/fly_ball/Codex_Workstation/F_1200,5.717,5.817,,,needs_source_recut,no_verified_live_contact_in_clip,recover source and recut around an actual live batting action,needs_source_recut_no_visual_contact,qwen3.5-omni-plus,qwen3.5-omni-plus,needs_edit,clip_too_short
1089,119,Codex_Workstation,F_1199,dataset/fly_ball/Codex_Workstation/F_1199,1.950,2.050,,,needs_source_recut,contact_pair_unverified,recover source and recut to make video and normal-speed audio unambiguous,needs_source_recut,qwen3.5-omni-plus,qwen3.5-omni-plus,needs_edit,clip_too_short
1088,120,Codex_Workstation,F_1198,dataset/fly_ball/Codex_Workstation/F_1198,1.130,1.230,1.152,1.252,metadata_time_correction,independent_multimodal_confirmation,publish corrected event_start/event_end,candidate_bound_pending_second_review,qwen3.5-omni-plus,qwen-omni-turbo,needs_edit,clip_too_short
1087,121,Codex_Workstation,F_1197,dataset/fly_ball/Codex_Workstation/F_1197,3.877,3.977,0.678,0.778,metadata_time_correction,independent_multimodal_confirmation,publish corrected event_start/event_end,candidate_bound_pending_second_review,qwen3.5-omni-plus,qwen-omni-turbo,needs_edit,contact_timestamp_wrong
1086,122,Codex_Workstation,F_1196,dataset/fly_ball/Codex_Workstation/F_1196,1.710,1.810,1.748,1.848,metadata_time_correction,independent_multimodal_confirmation,publish corrected event_start/event_end,candidate_bound_pending_second_review,qwen3.5-omni-plus,qwen-omni-turbo,direct_use_candidate,audio_and_context_pass
1085,123,Codex_Workstation,F_1195,dataset/fly_ball/Codex_Workstation/F_1195,1.950,2.050,,,needs_source_recut,no_verified_live_contact_in_clip,recover source and recut around an actual live batting action,needs_source_recut_no_visual_contact,qwen3.5-omni-plus,qwen3.5-omni-plus,needs_edit,clip_too_short
1084,124,Codex_Workstation,F_1194,dataset/fly_ball/Codex_Workstation/F_1194,1.950,2.050,,,needs_source_recut,visible_contact_audio_unresolved,recover source and re-localize normal-speed bat-contact audio,contact_visible_audio_unresolved,qwen3.5-omni-plus,qwen3.5-omni-plus,needs_edit,contact_timestamp_wrong
1083,125,Codex_Workstation,F_1193,dataset/fly_ball/Codex_Workstation/F_1193,3.341,3.441,,,needs_source_recut,no_verified_live_contact_in_clip,recover source and recut around an actual live batting action,needs_source_recut_no_visual_contact,qwen3.5-omni-plus,qwen3.5-omni-plus,needs_edit,contact_timestamp_wrong
1082,126,Codex_Workstation,F_1192,dataset/fly_ball/Codex_Workstation/F_1192,1.950,2.050,,,needs_source_recut,visible_contact_audio_unresolved,recover source and re-localize normal-speed bat-contact audio,contact_visible_audio_unresolved,qwen3.5-omni-plus,qwen3.5-omni-plus,needs_edit,contact_timestamp_wrong
1081,127,Codex_Workstation,F_1191,dataset/fly_ball/Codex_Workstation/F_1191,1.950,2.050,,,needs_source_recut,no_verified_live_contact_in_clip,recover source and recut around an actual live batting action,needs_source_recut_no_visual_contact,qwen3.5-omni-plus,qwen3.5-omni-plus,needs_edit,contact_timestamp_wrong
1080,128,Codex_Workstation,F_1190,dataset/fly_ball/Codex_Workstation/F_1190,1.950,2.050,1.967,2.067,metadata_time_correction,independent_multimodal_confirmation,publish corrected event_start/event_end,candidate_bound_pending_second_review,qwen3.5-omni-plus,qwen-omni-turbo,direct_use_candidate,audio_and_context_pass
1079,129,Codex_Workstation,F_1189,dataset/fly_ball/Codex_Workstation/F_1189,6.429,6.529,,,needs_source_recut,no_verified_live_contact_in_clip,recover source and recut around an actual live batting action,needs_source_recut_no_visual_contact,qwen3.5-omni-plus,qwen3.5-omni-plus,needs_edit,clip_too_short
1078,130,Codex_Workstation,F_1188,dataset/fly_ball/Codex_Workstation/F_1188,1.950,2.050,,,needs_source_recut,visible_contact_audio_unresolved,recover source and re-localize normal-speed bat-contact audio,contact_visible_audio_unresolved,qwen3.5-omni-plus,qwen3.5-omni-plus,direct_use_candidate,audio_and_context_pass
1077,131,Codex_Workstation,F_1187,dataset/fly_ball/Codex_Workstation/F_1187,1.950,2.050,,,needs_source_recut,no_verified_live_contact_in_clip,recover source and recut around an actual live batting action,needs_source_recut_no_visual_contact,qwen3.5-omni-plus,qwen3.5-omni-plus,needs_edit,contact_timestamp_wrong
1076,132,Codex_Workstation,F_1186,dataset/fly_ball/Codex_Workstation/F_1186,1.950,2.050,,,needs_source_recut,no_verified_live_contact_in_clip,recover source and recut around an actual live batting action,needs_source_recut_no_visual_contact,qwen3.5-omni-plus,qwen3.5-omni-plus,needs_edit,contact_timestamp_wrong
1075,133,Codex_Workstation,F_1185,dataset/fly_ball/Codex_Workstation/F_1185,1.950,2.050,,,needs_source_recut,contact_pair_unverified,recover source and recut to make video and normal-speed audio unambiguous,needs_source_recut,qwen3.5-omni-plus,qwen3.5-omni-plus,direct_use_candidate,audio_and_context_pass
1074,134,Codex_Workstation,F_1184,dataset/fly_ball/Codex_Workstation/F_1184,1.950,2.050,1.977,2.077,metadata_time_correction,independent_multimodal_confirmation,publish corrected event_start/event_end,candidate_bound_pending_second_review,qwen3.5-omni-flash,qwen3.5-omni-plus,direct_use_candidate,audio_and_context_pass
1073,135,Codex_Workstation,F_1183,dataset/fly_ball/Codex_Workstation/F_1183,1.950,2.050,,,needs_source_recut,no_verified_live_contact_in_clip,recover source and recut around an actual live batting action,needs_source_recut_no_visual_contact,qwen3.5-omni-flash,qwen3.5-omni-flash,needs_edit,clip_too_short
1072,136,Codex_Workstation,F_1182,dataset/fly_ball/Codex_Workstation/F_1182,1.950,2.050,,,needs_source_recut,no_verified_live_contact_in_clip,recover source and recut around an actual live batting action,needs_source_recut_no_visual_contact,qwen3.5-omni-flash,qwen3.5-omni-flash,needs_edit,clip_too_short
1071,137,Codex_Workstation,F_1181,dataset/fly_ball/Codex_Workstation/F_1181,1.950,2.050,,,needs_source_recut,no_verified_live_contact_in_clip,recover source and recut around an actual live batting action,needs_source_recut_no_visual_contact,qwen3.5-omni-flash,qwen3.5-omni-flash,needs_edit,clip_too_short
1070,138,Codex_Workstation,F_1180,dataset/fly_ball/Codex_Workstation/F_1180,1.950,2.050,,,needs_source_recut,visible_contact_audio_unresolved,recover source and re-localize normal-speed bat-contact audio,contact_visible_audio_unresolved,qwen3.5-omni-flash,qwen3.5-omni-flash,needs_edit,clip_too_short
1069,139,Codex_Workstation,F_1179,dataset/fly_ball/Codex_Workstation/F_1179,1.950,2.050,,,needs_source_recut,contact_pair_unverified,recover source and recut to make video and normal-speed audio unambiguous,needs_source_recut,qwen3.5-omni-flash,qwen3.5-omni-flash,direct_use_candidate,audio_and_context_pass
1068,140,Codex_Workstation,F_1178,dataset/fly_ball/Codex_Workstation/F_1178,1.950,2.050,0.037,0.137,metadata_time_correction,independent_multimodal_confirmation,publish corrected event_start/event_end,candidate_bound_pending_second_review,qwen3.5-omni-flash,qwen3.5-omni-plus,direct_use_candidate,audio_and_context_pass
1067,141,Codex_Workstation,F_1177,dataset/fly_ball/Codex_Workstation/F_1177,1.950,2.050,,,needs_source_recut,no_verified_live_contact_in_clip,recover source and recut around an actual live batting action,needs_source_recut_no_visual_contact,qwen3.5-omni-flash,qwen3.5-omni-flash,direct_use_candidate,audio_and_context_pass
1066,142,Codex_Workstation,F_1175,dataset/fly_ball/Codex_Workstation/F_1175,1.950,2.050,,,needs_source_recut,no_verified_live_contact_in_clip,recover source and recut around an actual live batting action,needs_source_recut_no_visual_contact,qwen3.5-omni-flash,qwen3.5-omni-flash,needs_edit,contact_timestamp_wrong
1065,143,Codex_Workstation,F_1174,dataset/fly_ball/Codex_Workstation/F_1174,1.950,2.050,,,needs_source_recut,no_verified_live_contact_in_clip,recover source and recut around an actual live batting action,needs_source_recut_no_visual_contact,qwen3.5-omni-flash,qwen3.5-omni-flash,direct_use_candidate,audio_and_context_pass
1064,144,Codex_Workstation,F_1172,dataset/fly_ball/Codex_Workstation/F_1172,0.750,0.850,0.777,0.877,metadata_time_correction,independent_multimodal_confirmation,publish corrected event_start/event_end,candidate_bound_pending_second_review,qwen3.5-omni-flash,qwen3.5-omni-plus,needs_edit,clip_too_short
1063,145,Codex_Workstation,F_1171,dataset/fly_ball/Codex_Workstation/F_1171,1.950,2.050,,,needs_source_recut,visible_contact_audio_unresolved,recover source and re-localize normal-speed bat-contact audio,contact_visible_audio_unresolved,qwen3.5-omni-flash,qwen3.5-omni-flash,direct_use_candidate,audio_and_context_pass
1062,146,Codex_Workstation,F_1170,dataset/fly_ball/Codex_Workstation/F_1170,5.102,5.202,,,needs_source_recut,no_verified_live_contact_in_clip,recover source and recut around an actual live batting action,needs_source_recut_no_visual_contact,qwen3.5-omni-flash,qwen3.5-omni-flash,needs_edit,contact_timestamp_wrong
1061,147,Codex_Workstation,F_1169,dataset/fly_ball/Codex_Workstation/F_1169,1.950,2.050,1.973,2.073,metadata_time_correction,independent_multimodal_confirmation,publish corrected event_start/event_end,candidate_bound_pending_second_review,qwen3.5-omni-flash,qwen3.5-omni-plus,direct_use_candidate,audio_and_context_pass
1060,148,Codex_Workstation,F_1168,dataset/fly_ball/Codex_Workstation/F_1168,6.022,6.122,,,needs_source_recut,no_verified_live_contact_in_clip,recover source and recut around an actual live batting action,needs_source_recut_no_visual_contact,qwen3.5-omni-flash,qwen3.5-omni-flash,needs_edit,contact_timestamp_wrong
1059,149,Codex_Workstation,F_1167,dataset/fly_ball/Codex_Workstation/F_1167,1.950,2.050,,,needs_source_recut,visible_contact_audio_unresolved,recover source and re-localize normal-speed bat-contact audio,contact_visible_audio_unresolved,qwen3.5-omni-flash,qwen3.5-omni-flash,direct_use_candidate,audio_and_context_pass
1058,150,Codex_Workstation,F_1166,dataset/fly_ball/Codex_Workstation/F_1166,1.950,2.050,,,needs_source_recut,visible_contact_audio_unresolved,recover source and re-localize normal-speed bat-contact audio,contact_visible_audio_unresolved,qwen3.5-omni-flash,qwen3.5-omni-flash,direct_use_candidate,audio_and_context_pass
1057,151,Codex_Workstation,F_1165,dataset/fly_ball/Codex_Workstation/F_1165,2.905,3.005,,,needs_source_recut,no_verified_live_contact_in_clip,recover source and recut around an actual live batting action,needs_source_recut_no_visual_contact,qwen3.5-omni-flash,qwen3.5-omni-flash,needs_edit,clip_too_short
1056,152,Codex_Workstation,F_1164,dataset/fly_ball/Codex_Workstation/F_1164,1.950,2.050,,,needs_source_recut,no_verified_live_contact_in_clip,recover source and recut around an actual live batting action,needs_source_recut_no_visual_contact,qwen3.5-omni-flash,qwen3.5-omni-flash,needs_edit,clip_too_short
1055,153,Codex_Workstation,F_1163,dataset/fly_ball/Codex_Workstation/F_1163,1.950,2.050,,,needs_source_recut,no_verified_live_contact_in_clip,recover source and recut around an actual live batting action,needs_source_recut_no_visual_contact,qwen3.5-omni-flash,qwen3.5-omni-flash,needs_edit,clip_too_short
1054,154,Codex_Workstation,F_1162,dataset/fly_ball/Codex_Workstation/F_1162,1.010,1.110,1.027,1.127,metadata_time_correction,independent_multimodal_confirmation,publish corrected event_start/event_end,candidate_bound_pending_second_review,qwen3.5-omni-flash,qwen3.5-omni-plus,direct_use_candidate,audio_and_context_pass
1053,155,Codex_Workstation,F_1161,dataset/fly_ball/Codex_Workstation/F_1161,1.950,2.050,,,needs_source_recut,contact_pair_unverified,recover source and recut to make video and normal-speed audio unambiguous,needs_source_recut,qwen3.5-omni-flash,qwen3.5-omni-flash,needs_edit,contact_timestamp_wrong
1052,156,Codex_Workstation,F_1160,dataset/fly_ball/Codex_Workstation/F_1160,1.950,2.050,,,needs_source_recut,visible_contact_audio_unresolved,recover source and re-localize normal-speed bat-contact audio,contact_visible_audio_unresolved,qwen3.5-omni-flash,qwen3.5-omni-flash,direct_use_candidate,audio_and_context_pass
1051,157,Codex_Workstation,F_1159,dataset/fly_ball/Codex_Workstation/F_1159,1.650,1.750,,,needs_source_recut,visible_contact_audio_unresolved,recover source and re-localize normal-speed bat-contact audio,contact_visible_audio_unresolved,qwen3.5-omni-flash,qwen3.5-omni-flash,direct_use_candidate,audio_and_context_pass
1050,158,Codex_Workstation,F_1158,dataset/fly_ball/Codex_Workstation/F_1158,1.650,1.750,1.672,1.772,metadata_time_correction,independent_multimodal_confirmation,publish corrected event_start/event_end,candidate_bound_pending_second_review,qwen3.5-omni-flash,qwen3.5-omni-plus,direct_use_candidate,audio_and_context_pass
1049,159,Codex_Workstation,F_1157,dataset/fly_ball/Codex_Workstation/F_1157,1.950,2.050,1.138,1.238,metadata_time_correction,independent_multimodal_confirmation,publish corrected event_start/event_end,candidate_bound_pending_second_review,qwen3.5-omni-flash,qwen3.5-omni-plus,direct_use_candidate,audio_and_context_pass
1048,160,Codex_Workstation,F_1156,dataset/fly_ball/Codex_Workstation/F_1156,1.810,1.910,1.828,1.928,metadata_time_correction,independent_multimodal_confirmation,publish corrected event_start/event_end,candidate_bound_pending_second_review,qwen3.5-omni-flash,qwen3.5-omni-plus,direct_use_candidate,audio_and_context_pass
1047,161,Codex_Workstation,F_1155,dataset/fly_ball/Codex_Workstation/F_1155,1.950,2.050,,,needs_source_recut,no_verified_live_contact_in_clip,recover source and recut around an actual live batting action,needs_source_recut_no_visual_contact,qwen3.5-omni-flash,qwen3.5-omni-flash,needs_edit,contact_timestamp_wrong
1046,162,Codex_Workstation,F_1153,dataset/fly_ball/Codex_Workstation/F_1153,2.954,3.054,0.148,0.248,metadata_time_correction,independent_multimodal_confirmation,publish corrected event_start/event_end,candidate_bound_pending_second_review,qwen3.5-omni-flash,qwen3.5-omni-plus,needs_edit,contact_timestamp_wrong
1045,163,Codex_Workstation,F_1152,dataset/fly_ball/Codex_Workstation/F_1152,1.950,2.050,,,needs_source_recut,visible_contact_audio_unresolved,recover source and re-localize normal-speed bat-contact audio,contact_visible_audio_unresolved,qwen3.5-omni-flash,qwen3.5-omni-flash,direct_use_candidate,audio_and_context_pass
1044,164,Codex_Workstation,F_1151,dataset/fly_ball/Codex_Workstation/F_1151,1.950,2.050,,,needs_source_recut,contact_pair_unverified,recover source and recut to make video and normal-speed audio unambiguous,needs_source_recut,qwen3.5-omni-flash,qwen3.5-omni-flash,needs_edit,clip_too_short
1043,165,Codex_Workstation,F_1150,dataset/fly_ball/Codex_Workstation/F_1150,1.950,2.050,,,needs_source_recut,visible_contact_audio_unresolved,recover source and re-localize normal-speed bat-contact audio,contact_visible_audio_unresolved,qwen3.5-omni-flash,qwen3.5-omni-flash,direct_use_candidate,audio_and_context_pass
1042,166,Codex_Workstation,F_1149,dataset/fly_ball/Codex_Workstation/F_1149,1.950,2.050,,,needs_source_recut,contact_pair_unverified,recover source and recut to make video and normal-speed audio unambiguous,needs_source_recut,qwen3.5-omni-flash,qwen3.5-omni-flash,needs_edit,clip_too_short
1041,167,Codex_Workstation,F_1148,dataset/fly_ball/Codex_Workstation/F_1148,1.950,2.050,,,needs_source_recut,no_verified_live_contact_in_clip,recover source and recut around an actual live batting action,needs_source_recut_no_visual_contact,qwen3.5-omni-flash,qwen3.5-omni-flash,needs_edit,clip_too_short
1040,168,Codex_Workstation,F_1146,dataset/fly_ball/Codex_Workstation/F_1146,1.310,1.410,1.333,1.433,metadata_time_correction,independent_multimodal_confirmation,publish corrected event_start/event_end,candidate_bound_pending_second_review,qwen3.5-omni-flash,qwen3.5-omni-plus,needs_edit,clip_too_short
1039,169,Codex_Workstation,F_1145,dataset/fly_ball/Codex_Workstation/F_1145,1.950,2.050,,,needs_source_recut,visible_contact_audio_unresolved,recover source and re-localize normal-speed bat-contact audio,contact_visible_audio_unresolved,qwen3.5-omni-flash,qwen3.5-omni-flash,direct_use_candidate,audio_and_context_pass
1038,170,Codex_Workstation,F_1144,dataset/fly_ball/Codex_Workstation/F_1144,1.950,2.050,5.212,5.312,metadata_time_correction,independent_multimodal_confirmation,publish corrected event_start/event_end,candidate_bound_pending_second_review,qwen3.5-omni-flash,qwen3.5-omni-plus,needs_edit,contact_timestamp_wrong
1037,171,Codex_Workstation,F_1143,dataset/fly_ball/Codex_Workstation/F_1143,1.950,2.050,,,needs_source_recut,visible_contact_audio_unresolved,recover source and re-localize normal-speed bat-contact audio,contact_visible_audio_unresolved,qwen3.5-omni-flash,qwen3.5-omni-flash,direct_use_candidate,audio_and_context_pass
1036,172,Codex_Workstation,F_1142,dataset/fly_ball/Codex_Workstation/F_1142,1.970,2.070,,,needs_source_recut,contact_pair_unverified,recover source and recut to make video and normal-speed audio unambiguous,needs_source_recut,qwen3.5-omni-flash,qwen3.5-omni-flash,needs_edit,clip_too_short
1035,173,Codex_Workstation,F_1141,dataset/fly_ball/Codex_Workstation/F_1141,1.950,2.050,1.008,1.108,metadata_time_correction,independent_multimodal_confirmation,publish corrected event_start/event_end,candidate_bound_pending_second_review,qwen3.5-omni-flash,qwen3.5-omni-plus,needs_edit,contact_timestamp_wrong
1034,174,Codex_Workstation,F_1140,dataset/fly_ball/Codex_Workstation/F_1140,1.970,2.070,,,needs_source_recut,visible_contact_audio_unresolved,recover source and re-localize normal-speed bat-contact audio,contact_visible_audio_unresolved,qwen3.5-omni-flash,qwen3.5-omni-flash,needs_edit,clip_too_short
1033,175,Codex_Workstation,F_1139,dataset/fly_ball/Codex_Workstation/F_1139,1.950,2.050,,,needs_source_recut,visible_contact_audio_unresolved,recover source and re-localize normal-speed bat-contact audio,contact_visible_audio_unresolved,qwen3.5-omni-flash,qwen3.5-omni-flash,needs_edit,clip_too_short
1032,176,Codex_Workstation,F_1138,dataset/fly_ball/Codex_Workstation/F_1138,1.970,2.070,,,needs_source_recut,contact_pair_unverified,recover source and recut to make video and normal-speed audio unambiguous,needs_source_recut,qwen3.5-omni-flash,qwen3.5-omni-flash,needs_edit,clip_too_short
1031,177,Codex_Workstation,F_1137,dataset/fly_ball/Codex_Workstation/F_1137,1.970,2.070,,,needs_source_recut,no_verified_live_contact_in_clip,recover source and recut around an actual live batting action,needs_source_recut_no_visual_contact,qwen3.5-omni-flash,qwen3.5-omni-flash,needs_edit,clip_too_short
1030,178,Codex_Workstation,F_1136,dataset/fly_ball/Codex_Workstation/F_1136,1.530,1.630,1.537,1.637,metadata_time_correction,independent_multimodal_confirmation,publish corrected event_start/event_end,candidate_bound_pending_second_review,qwen3.5-omni-flash,qwen3.5-omni-plus,needs_edit,clip_too_short
1029,179,Codex_Workstation,F_1135,dataset/fly_ball/Codex_Workstation/F_1135,1.790,1.890,1.797,1.897,metadata_time_correction,independent_multimodal_confirmation,publish corrected event_start/event_end,candidate_bound_pending_second_review,qwen3.5-omni-flash,qwen3.5-omni-plus,needs_edit,clip_too_short
1028,180,Codex_Workstation,F_1134,dataset/fly_ball/Codex_Workstation/F_1134,1.870,1.970,1.883,1.983,metadata_time_correction,independent_multimodal_confirmation,publish corrected event_start/event_end,candidate_bound_pending_second_review,qwen3.5-omni-flash,qwen3.5-omni-plus,needs_edit,clip_too_short
1027,181,Codex_Workstation,F_1133,dataset/fly_ball/Codex_Workstation/F_1133,1.970,2.070,,,needs_source_recut,visible_contact_audio_unresolved,recover source and re-localize normal-speed bat-contact audio,contact_visible_audio_unresolved,qwen3.5-omni-flash,qwen3.5-omni-flash,needs_edit,clip_too_short
1026,182,Codex_Workstation,F_1132,dataset/fly_ball/Codex_Workstation/F_1132,1.970,2.070,1.987,2.087,metadata_time_correction,independent_multimodal_confirmation,publish corrected event_start/event_end,candidate_bound_pending_second_review,qwen3.5-omni-flash,qwen3.5-omni-plus,needs_edit,clip_too_short
1025,183,Codex_Workstation,F_1131,dataset/fly_ball/Codex_Workstation/F_1131,1.970,2.070,,,needs_source_recut,visible_contact_audio_unresolved,recover source and re-localize normal-speed bat-contact audio,contact_visible_audio_unresolved,qwen3.5-omni-flash,qwen3.5-omni-flash,needs_edit,clip_too_short
1024,184,Codex_Workstation,F_1130,dataset/fly_ball/Codex_Workstation/F_1130,1.970,2.070,,,needs_source_recut,visible_contact_audio_unresolved,recover source and re-localize normal-speed bat-contact audio,contact_visible_audio_unresolved,qwen3.5-omni-flash,qwen3.5-omni-flash,needs_edit,clip_too_short
1023,185,Codex_Workstation,F_1129,dataset/fly_ball/Codex_Workstation/F_1129,1.610,1.710,1.623,1.723,metadata_time_correction,independent_multimodal_confirmation,publish corrected event_start/event_end,candidate_bound_pending_second_review,qwen3.5-omni-flash,qwen3.5-omni-plus,needs_edit,clip_too_short
1022,186,Codex_Workstation,F_1128,dataset/fly_ball/Codex_Workstation/F_1128,5.850,5.950,1.243,1.343,metadata_time_correction,independent_multimodal_confirmation,publish corrected event_start/event_end,candidate_bound_pending_second_review,qwen3.5-omni-flash,qwen3.5-omni-plus,needs_edit,contact_timestamp_wrong
1021,187,Codex_Workstation,F_1127,dataset/fly_ball/Codex_Workstation/F_1127,2.330,2.430,,,needs_source_recut,contact_pair_unverified,recover source and recut to make video and normal-speed audio unambiguous,needs_source_recut,qwen3.5-omni-flash,qwen3.5-omni-flash,needs_edit,clip_too_short
1020,188,Codex_Workstation,F_1126,dataset/fly_ball/Codex_Workstation/F_1126,1.970,2.070,,,needs_source_recut,no_verified_live_contact_in_clip,recover source and recut around an actual live batting action,needs_source_recut_no_visual_contact,qwen3.5-omni-flash,qwen3.5-omni-flash,needs_edit,clip_too_short
1019,189,Codex_Workstation,F_1125,dataset/fly_ball/Codex_Workstation/F_1125,1.970,2.070,1.977,2.077,metadata_time_correction,independent_multimodal_confirmation,publish corrected event_start/event_end,candidate_bound_pending_second_review,qwen3.5-omni-flash,qwen3.5-omni-plus,needs_edit,clip_too_short
1018,190,Codex_Workstation,F_1124,dataset/fly_ball/Codex_Workstation/F_1124,1.970,2.070,,,needs_source_recut,visible_contact_audio_unresolved,recover source and re-localize normal-speed bat-contact audio,contact_visible_audio_unresolved,qwen3.5-omni-flash,qwen3.5-omni-flash,needs_edit,clip_too_short
1017,191,Codex_Workstation,F_1123,dataset/fly_ball/Codex_Workstation/F_1123,1.970,2.070,,,needs_source_recut,no_verified_live_contact_in_clip,recover source and recut around an actual live batting action,needs_source_recut_no_visual_contact,qwen3.5-omni-flash,qwen3.5-omni-flash,needs_edit,contact_timestamp_wrong
1016,192,Codex_Workstation,F_1122,dataset/fly_ball/Codex_Workstation/F_1122,1.970,2.070,,,needs_source_recut,contact_pair_unverified,recover source and recut to make video and normal-speed audio unambiguous,needs_source_recut,qwen3.5-omni-flash,qwen3.5-omni-flash,needs_edit,contact_timestamp_wrong
1015,193,Codex_Workstation,F_1121,dataset/fly_ball/Codex_Workstation/F_1121,1.950,2.050,,,needs_source_recut,no_verified_live_contact_in_clip,recover source and recut around an actual live batting action,needs_source_recut_no_visual_contact,qwen3.5-omni-flash,qwen3.5-omni-flash,needs_edit,clip_too_short
1014,194,Codex_Workstation,F_1119,dataset/fly_ball/Codex_Workstation/F_1119,1.710,1.810,,,needs_source_recut,no_verified_live_contact_in_clip,recover source and recut around an actual live batting action,needs_source_recut_no_visual_contact,qwen3.5-omni-flash,qwen3.5-omni-flash,needs_edit,clip_too_short
1013,195,Codex_Workstation,F_1118,dataset/fly_ball/Codex_Workstation/F_1118,1.950,2.050,,,needs_source_recut,no_verified_live_contact_in_clip,recover source and recut around an actual live batting action,needs_source_recut_no_visual_contact,qwen3.5-omni-flash,qwen3.5-omni-flash,needs_edit,clip_too_short
1012,196,Codex_Workstation,F_1116,dataset/fly_ball/Codex_Workstation/F_1116,1.950,2.050,,,needs_source_recut,no_verified_live_contact_in_clip,recover source and recut around an actual live batting action,needs_source_recut_no_visual_contact,qwen3.5-omni-flash,qwen3.5-omni-flash,needs_edit,clip_too_short
1011,197,Codex_Workstation,F_1115,dataset/fly_ball/Codex_Workstation/F_1115,0.690,0.790,,,needs_source_recut,no_verified_live_contact_in_clip,recover source and recut around an actual live batting action,needs_source_recut_no_visual_contact,qwen3.5-omni-flash,qwen3.5-omni-flash,needs_edit,clip_too_short
1010,198,Codex_Workstation,F_1114,dataset/fly_ball/Codex_Workstation/F_1114,1.950,2.050,,,needs_source_recut,visible_contact_audio_unresolved,recover source and re-localize normal-speed bat-contact audio,contact_visible_audio_unresolved,qwen3.5-omni-flash,qwen3.5-omni-flash,needs_edit,clip_too_short
1009,199,Codex_Workstation,F_1113,dataset/fly_ball/Codex_Workstation/F_1113,1.950,2.050,,,needs_source_recut,no_verified_live_contact_in_clip,recover source and recut around an actual live batting action,needs_source_recut_no_visual_contact,qwen3.5-omni-flash,qwen3.5-omni-flash,needs_edit,clip_too_short
1008,200,Codex_Workstation,F_1112,dataset/fly_ball/Codex_Workstation/F_1112,1.950,2.050,,,needs_source_recut,no_verified_live_contact_in_clip,recover source and recut around an actual live batting action,needs_source_recut_no_visual_contact,qwen3.5-omni-flash,qwen3.5-omni-flash,needs_edit,clip_too_short
1007,201,Codex_Workstation,F_1110,dataset/fly_ball/Codex_Workstation/F_1110,1.950,2.050,1.172,1.272,metadata_time_correction,independent_multimodal_confirmation,publish corrected event_start/event_end,candidate_bound_pending_second_review,qwen3.5-omni-flash,qwen3.5-omni-plus,needs_edit,contact_timestamp_wrong
1006,202,Codex_Workstation,F_1109,dataset/fly_ball/Codex_Workstation/F_1109,1.950,2.050,,,needs_source_recut,visible_contact_audio_unresolved,recover source and re-localize normal-speed bat-contact audio,contact_visible_audio_unresolved,qwen3.5-omni-flash,qwen3.5-omni-flash,needs_edit,contact_timestamp_wrong
1005,203,Codex_Workstation,F_1108,dataset/fly_ball/Codex_Workstation/F_1108,1.950,2.050,1.172,1.272,metadata_time_correction,independent_multimodal_confirmation,publish corrected event_start/event_end,candidate_bound_pending_second_review,qwen3.5-omni-flash,qwen3.5-omni-plus,needs_edit,contact_timestamp_wrong
1004,204,Codex_Workstation,F_1107,dataset/fly_ball/Codex_Workstation/F_1107,1.950,2.050,,,needs_source_recut,no_verified_live_contact_in_clip,recover source and recut around an actual live batting action,needs_source_recut_no_visual_contact,qwen3.5-omni-flash,qwen3.5-omni-flash,needs_edit,clip_too_short
1003,205,Codex_Workstation,F_1106,dataset/fly_ball/Codex_Workstation/F_1106,1.950,2.050,,,needs_source_recut,no_verified_live_contact_in_clip,recover source and recut around an actual live batting action,needs_source_recut_no_visual_contact,qwen3.5-omni-flash,qwen3.5-omni-flash,needs_edit,contact_timestamp_wrong
1002,206,Codex_Workstation,F_1105,dataset/fly_ball/Codex_Workstation/F_1105,1.950,2.050,,,needs_source_recut,no_verified_live_contact_in_clip,recover source and recut around an actual live batting action,needs_source_recut_no_visual_contact,qwen3.5-omni-flash,qwen3.5-omni-flash,needs_edit,source_recovery_required
1001,207,Codex_Workstation,F_1104,dataset/fly_ball/Codex_Workstation/F_1104,1.950,2.050,,,needs_source_recut,no_verified_live_contact_in_clip,recover source and recut around an actual live batting action,needs_source_recut_no_visual_contact,qwen3.5-omni-flash,qwen3.5-omni-flash,needs_edit,clip_too_short
1000,208,Codex_Workstation,F_1103,dataset/fly_ball/Codex_Workstation/F_1103,1.950,2.050,,,needs_source_recut,no_verified_live_contact_in_clip,recover source and recut around an actual live batting action,needs_source_recut_no_visual_contact,qwen3.5-omni-flash,qwen3.5-omni-flash,needs_edit,clip_too_short
999,209,Codex_Workstation,F_1102,dataset/fly_ball/Codex_Workstation/F_1102,1.950,2.050,,,needs_source_recut,no_verified_live_contact_in_clip,recover source and recut around an actual live batting action,needs_source_recut_no_visual_contact,qwen3.5-omni-flash,qwen3.5-omni-flash,needs_edit,contact_timestamp_wrong
998,210,Codex_Workstation,F_1099,dataset/fly_ball/Codex_Workstation/F_1099,1.950,2.050,,,needs_source_recut,contact_pair_unverified,recover source and recut to make video and normal-speed audio unambiguous,needs_source_recut,qwen3.5-omni-flash,qwen3.5-omni-flash,needs_edit,contact_timestamp_wrong
997,211,Codex_Workstation,F_1098,dataset/fly_ball/Codex_Workstation/F_1098,1.950,2.050,,,needs_source_recut,no_verified_live_contact_in_clip,recover source and recut around an actual live batting action,needs_source_recut_no_visual_contact,qwen3.5-omni-flash,qwen3.5-omni-flash,needs_edit,clip_too_short
996,212,Codex_Workstation,F_1097,dataset/fly_ball/Codex_Workstation/F_1097,1.950,2.050,,,needs_source_recut,contact_pair_unverified,recover source and recut to make video and normal-speed audio unambiguous,needs_source_recut,qwen3.5-omni-flash,qwen3.5-omni-flash,needs_edit,clip_too_short
995,213,Codex_Workstation,F_1096,dataset/fly_ball/Codex_Workstation/F_1096,1.950,2.050,,,needs_source_recut,no_verified_live_contact_in_clip,recover source and recut around an actual live batting action,needs_source_recut_no_visual_contact,qwen3.5-omni-flash,qwen3.5-omni-flash,needs_edit,clip_too_short
994,214,Codex_Workstation,F_1095,dataset/fly_ball/Codex_Workstation/F_1095,1.950,2.050,,,needs_source_recut,visible_contact_audio_unresolved,recover source and re-localize normal-speed bat-contact audio,contact_visible_audio_unresolved,qwen3.5-omni-flash,qwen3.5-omni-flash,needs_edit,clip_too_short
993,215,Codex_Workstation,F_1093,dataset/fly_ball/Codex_Workstation/F_1093,1.950,2.050,,,needs_source_recut,visible_contact_audio_unresolved,recover source and re-localize normal-speed bat-contact audio,contact_visible_audio_unresolved,qwen3.5-omni-flash,qwen3.5-omni-flash,needs_edit,clip_too_short
992,216,Codex_Workstation,F_1092,dataset/fly_ball/Codex_Workstation/F_1092,1.950,2.050,,,needs_source_recut,no_verified_live_contact_in_clip,recover source and recut around an actual live batting action,needs_source_recut_no_visual_contact,qwen3.5-omni-flash,qwen3.5-omni-flash,needs_edit,clip_too_short
991,217,Codex_Workstation,F_1090,dataset/fly_ball/Codex_Workstation/F_1090,1.950,2.050,,,needs_source_recut,visible_contact_audio_unresolved,recover source and re-localize normal-speed bat-contact audio,contact_visible_audio_unresolved,qwen3.5-omni-flash,qwen3.5-omni-flash,needs_edit,clip_too_short
990,218,Codex_Workstation,F_1089,dataset/fly_ball/Codex_Workstation/F_1089,1.950,2.050,,,needs_source_recut,no_verified_live_contact_in_clip,recover source and recut around an actual live batting action,needs_source_recut_no_visual_contact,qwen3.5-omni-flash,qwen3.5-omni-flash,needs_edit,clip_too_short
989,219,Codex_Workstation,F_1087,dataset/fly_ball/Codex_Workstation/F_1087,1.950,2.050,,,needs_source_recut,no_verified_live_contact_in_clip,recover source and recut around an actual live batting action,needs_source_recut_no_visual_contact,qwen3.5-omni-flash,qwen3.5-omni-flash,needs_edit,clip_too_short
988,220,Codex_Workstation,F_1086,dataset/fly_ball/Codex_Workstation/F_1086,1.950,2.050,,,needs_source_recut,no_verified_live_contact_in_clip,recover source and recut around an actual live batting action,needs_source_recut_no_visual_contact,qwen3.5-omni-flash,qwen3.5-omni-flash,needs_edit,clip_too_short
987,221,Codex_Workstation,F_1085,dataset/fly_ball/Codex_Workstation/F_1085,1.950,2.050,,,needs_source_recut,no_verified_live_contact_in_clip,recover source and recut around an actual live batting action,needs_source_recut_no_visual_contact,qwen3.5-omni-flash,qwen3.5-omni-flash,needs_edit,clip_too_short
986,222,Codex_Workstation,F_1084,dataset/fly_ball/Codex_Workstation/F_1084,1.950,2.050,,,needs_source_recut,contact_pair_unverified,recover source and recut to make video and normal-speed audio unambiguous,needs_source_recut,qwen3.5-omni-flash,qwen3.5-omni-flash,needs_edit,contact_timestamp_wrong
985,223,Codex_Workstation,F_1083,dataset/fly_ball/Codex_Workstation/F_1083,1.950,2.050,,,needs_source_recut,no_verified_live_contact_in_clip,recover source and recut around an actual live batting action,needs_source_recut_no_visual_contact,qwen3.5-omni-flash,qwen3.5-omni-flash,needs_edit,clip_too_short
984,224,Codex_Workstation,F_1082,dataset/fly_ball/Codex_Workstation/F_1082,1.950,2.050,,,needs_source_recut,contact_pair_unverified,recover source and recut to make video and normal-speed audio unambiguous,needs_source_recut,qwen3.5-omni-flash,qwen3.5-omni-flash,needs_edit,clip_too_short
983,225,Codex_Workstation,F_1080,dataset/fly_ball/Codex_Workstation/F_1080,1.950,2.050,,,needs_source_recut,no_verified_live_contact_in_clip,recover source and recut around an actual live batting action,needs_source_recut_no_visual_contact,qwen3.5-omni-flash,qwen3.5-omni-flash,needs_edit,clip_too_short
982,226,Codex_Workstation,F_1079,dataset/fly_ball/Codex_Workstation/F_1079,1.950,2.050,,,needs_source_recut,no_verified_live_contact_in_clip,recover source and recut around an actual live batting action,needs_source_recut_no_visual_contact,qwen3.5-omni-flash,qwen3.5-omni-flash,needs_edit,contact_timestamp_wrong
981,227,Codex_Workstation,F_1078,dataset/fly_ball/Codex_Workstation/F_1078,1.950,2.050,,,needs_source_recut,no_verified_live_contact_in_clip,recover source and recut around an actual live batting action,needs_source_recut_no_visual_contact,qwen3.5-omni-flash,qwen3.5-omni-flash,needs_edit,contact_timestamp_wrong
980,228,Codex_Workstation,F_1077,dataset/fly_ball/Codex_Workstation/F_1077,0.290,0.390,,,needs_source_recut,no_verified_live_contact_in_clip,recover source and recut around an actual live batting action,needs_source_recut_no_visual_contact,qwen3.5-omni-flash,qwen3.5-omni-flash,needs_edit,clip_too_short
979,229,Codex_Workstation,F_1076,dataset/fly_ball/Codex_Workstation/F_1076,1.950,2.050,,,needs_source_recut,no_verified_live_contact_in_clip,recover source and recut around an actual live batting action,needs_source_recut_no_visual_contact,qwen3.5-omni-flash,qwen3.5-omni-flash,needs_edit,contact_timestamp_wrong
978,230,Codex_Workstation,F_1074,dataset/fly_ball/Codex_Workstation/F_1074,1.950,2.050,,,needs_source_recut,visible_contact_audio_unresolved,recover source and re-localize normal-speed bat-contact audio,contact_visible_audio_unresolved,qwen3.5-omni-flash,qwen3.5-omni-flash,needs_edit,clip_too_short
977,231,Codex_Workstation,F_1073,dataset/fly_ball/Codex_Workstation/F_1073,1.950,2.050,,,needs_source_recut,contact_pair_unverified,recover source and recut to make video and normal-speed audio unambiguous,needs_source_recut,qwen3.5-omni-flash,qwen3.5-omni-flash,needs_edit,clip_too_short
976,232,Codex_Workstation,F_1072,dataset/fly_ball/Codex_Workstation/F_1072,1.950,2.050,,,needs_source_recut,no_verified_live_contact_in_clip,recover source and recut around an actual live batting action,needs_source_recut_no_visual_contact,qwen3.5-omni-flash,qwen3.5-omni-flash,needs_edit,contact_timestamp_wrong
975,233,Codex_Workstation,F_1071,dataset/fly_ball/Codex_Workstation/F_1071,1.950,2.050,,,needs_source_recut,visible_contact_audio_unresolved,recover source and re-localize normal-speed bat-contact audio,contact_visible_audio_unresolved,qwen3.5-omni-flash,qwen3.5-omni-flash,needs_edit,clip_too_short
974,234,Codex_Workstation,F_1070,dataset/fly_ball/Codex_Workstation/F_1070,1.950,2.050,,,needs_source_recut,no_verified_live_contact_in_clip,recover source and recut around an actual live batting action,needs_source_recut_no_visual_contact,qwen3.5-omni-flash,qwen3.5-omni-flash,needs_edit,clip_too_short
973,235,Codex_Workstation,F_1069,dataset/fly_ball/Codex_Workstation/F_1069,1.950,2.050,,,needs_source_recut,no_verified_live_contact_in_clip,recover source and recut around an actual live batting action,needs_source_recut_no_visual_contact,qwen3.5-omni-flash,qwen3.5-omni-flash,needs_edit,contact_timestamp_wrong
972,236,Codex_Workstation,F_1068,dataset/fly_ball/Codex_Workstation/F_1068,1.950,2.050,,,needs_source_recut,no_verified_live_contact_in_clip,recover source and recut around an actual live batting action,needs_source_recut_no_visual_contact,qwen3.5-omni-flash,qwen3.5-omni-flash,needs_edit,clip_too_short
971,237,Codex_Workstation,F_1067,dataset/fly_ball/Codex_Workstation/F_1067,1.950,2.050,,,needs_source_recut,no_verified_live_contact_in_clip,recover source and recut around an actual live batting action,needs_source_recut_no_visual_contact,qwen3.5-omni-flash,qwen3.5-omni-flash,needs_edit,clip_too_short
970,238,Codex_Workstation,F_1066,dataset/fly_ball/Codex_Workstation/F_1066,1.950,2.050,,,needs_source_recut,no_verified_live_contact_in_clip,recover source and recut around an actual live batting action,needs_source_recut_no_visual_contact,qwen3.5-omni-flash,qwen3.5-omni-flash,needs_edit,contact_timestamp_wrong
969,239,Codex_Workstation,F_1065,dataset/fly_ball/Codex_Workstation/F_1065,1.950,2.050,0.000,0.073,metadata_time_correction,independent_multimodal_confirmation,publish corrected event_start/event_end,candidate_bound_pending_second_review,qwen3.5-omni-flash,qwen3.5-omni-plus,needs_edit,contact_timestamp_wrong
968,240,Codex_Workstation,F_1064,dataset/fly_ball/Codex_Workstation/F_1064,1.950,2.050,,,needs_source_recut,no_verified_live_contact_in_clip,recover source and recut around an actual live batting action,needs_source_recut_no_visual_contact,qwen3.5-omni-flash,qwen3.5-omni-flash,needs_edit,clip_too_short
967,241,Codex_Workstation,F_1063,dataset/fly_ball/Codex_Workstation/F_1063,1.950,2.050,,,needs_source_recut,no_verified_live_contact_in_clip,recover source and recut around an actual live batting action,needs_source_recut_no_visual_contact,qwen3.5-omni-flash,qwen3.5-omni-flash,needs_edit,clip_too_short
966,242,Codex_Workstation,F_1061,dataset/fly_ball/Codex_Workstation/F_1061,1.950,2.050,,,needs_source_recut,no_verified_live_contact_in_clip,recover source and recut around an actual live batting action,needs_source_recut_no_visual_contact,qwen3.5-omni-flash,qwen3.5-omni-flash,needs_edit,clip_too_short
965,243,Codex_Workstation,F_1058,dataset/fly_ball/Codex_Workstation/F_1058,1.950,2.050,,,needs_source_recut,no_verified_live_contact_in_clip,recover source and recut around an actual live batting action,needs_source_recut_no_visual_contact,qwen3.5-omni-flash,qwen3.5-omni-flash,needs_edit,contact_timestamp_wrong
964,244,Codex_Workstation,F_1057,dataset/fly_ball/Codex_Workstation/F_1057,1.950,2.050,,,needs_source_recut,no_verified_live_contact_in_clip,recover source and recut around an actual live batting action,needs_source_recut_no_visual_contact,qwen3.5-omni-flash,qwen3.5-omni-flash,needs_edit,clip_too_short
963,245,Codex_Workstation,F_1055,dataset/fly_ball/Codex_Workstation/F_1055,1.950,2.050,,,needs_source_recut,no_verified_live_contact_in_clip,recover source and recut around an actual live batting action,needs_source_recut_no_visual_contact,qwen3.5-omni-flash,qwen3.5-omni-flash,needs_edit,clip_too_short
962,246,Codex_Workstation,F_1054,dataset/fly_ball/Codex_Workstation/F_1054,1.950,2.050,,,needs_source_recut,no_verified_live_contact_in_clip,recover source and recut around an actual live batting action,needs_source_recut_no_visual_contact,qwen3.5-omni-flash,qwen3.5-omni-flash,needs_edit,clip_too_short
961,247,Codex_Workstation,F_1053,dataset/fly_ball/Codex_Workstation/F_1053,1.950,2.050,,,needs_source_recut,no_verified_live_contact_in_clip,recover source and recut around an actual live batting action,needs_source_recut_no_visual_contact,qwen3.5-omni-flash,qwen3.5-omni-flash,needs_edit,clip_too_short
960,248,Codex_Workstation,F_1052,dataset/fly_ball/Codex_Workstation/F_1052,1.950,2.050,,,needs_source_recut,no_verified_live_contact_in_clip,recover source and recut around an actual live batting action,needs_source_recut_no_visual_contact,qwen3.5-omni-flash,qwen3.5-omni-flash,needs_edit,contact_timestamp_wrong
959,249,Codex_Workstation,F_1051,dataset/fly_ball/Codex_Workstation/F_1051,1.950,2.050,,,needs_source_recut,no_verified_live_contact_in_clip,recover source and recut around an actual live batting action,needs_source_recut_no_visual_contact,qwen3.5-omni-flash,qwen3.5-omni-flash,needs_edit,clip_too_short
958,250,Codex_Workstation,F_1050,dataset/fly_ball/Codex_Workstation/F_1050,1.950,2.050,,,needs_source_recut,contact_pair_unverified,recover source and recut to make video and normal-speed audio unambiguous,needs_source_recut,qwen3.5-omni-flash,qwen3.5-omni-flash,needs_edit,contact_timestamp_wrong
