global_index,collector,sample_id,main_relative_path,source_txt_path,before_event_start,before_event_end,reason_category,required_next_action,status
1207,Zhengxuan_Liu,F_034,dataset/fly_ball/Zhengxuan_Liu/F_034,dataset/fly_ball/Zhengxuan_Liu/F_034/source.txt,0.91,0.917,visible_contact_audio_unresolved,recover source and re-localize normal-speed bat-contact audio,pending_source_recovery
1205,Zhengxuan_Liu,F_032,dataset/fly_ball/Zhengxuan_Liu/F_032,dataset/fly_ball/Zhengxuan_Liu/F_032/source.txt,0.809,0.815,visible_contact_audio_unresolved,recover source and re-localize normal-speed bat-contact audio,pending_source_recovery
1198,Zhengxuan_Liu,F_025,dataset/fly_ball/Zhengxuan_Liu/F_025,dataset/fly_ball/Zhengxuan_Liu/F_025/source.txt,0.441,0.449,visible_contact_audio_unresolved,recover source and re-localize normal-speed bat-contact audio,pending_source_recovery
1197,Zhengxuan_Liu,F_024,dataset/fly_ball/Zhengxuan_Liu/F_024,dataset/fly_ball/Zhengxuan_Liu/F_024/source.txt,1.902,1.916,visible_contact_audio_unresolved,recover source and re-localize normal-speed bat-contact audio,pending_source_recovery
1194,Zhengxuan_Liu,F_021,dataset/fly_ball/Zhengxuan_Liu/F_021,dataset/fly_ball/Zhengxuan_Liu/F_021/source.txt,0.369,0.379,visible_contact_audio_unresolved,recover source and re-localize normal-speed bat-contact audio,pending_source_recovery
1183,Zhengxuan_Liu,F_010,dataset/fly_ball/Zhengxuan_Liu/F_010,dataset/fly_ball/Zhengxuan_Liu/F_010/source.txt,0.837,0.846,visible_contact_audio_unresolved,recover source and re-localize normal-speed bat-contact audio,pending_source_recovery
1181,Zhengxuan_Liu,F_008,dataset/fly_ball/Zhengxuan_Liu/F_008,dataset/fly_ball/Zhengxuan_Liu/F_008/source.txt,1.427,1.436,visible_contact_audio_unresolved,recover source and re-localize normal-speed bat-contact audio,pending_source_recovery
1177,Zhengxuan_Liu,F_004,dataset/fly_ball/Zhengxuan_Liu/F_004,dataset/fly_ball/Zhengxuan_Liu/F_004/source.txt,2.296,2.301,visible_contact_audio_unresolved,recover source and re-localize normal-speed bat-contact audio,pending_source_recovery
1176,Zhengxuan_Liu,F_003,dataset/fly_ball/Zhengxuan_Liu/F_003,dataset/fly_ball/Zhengxuan_Liu/F_003/source.txt,2.043,2.051,visible_contact_audio_unresolved,recover source and re-localize normal-speed bat-contact audio,pending_source_recovery
1175,Zhengxuan_Liu,F_002,dataset/fly_ball/Zhengxuan_Liu/F_002,dataset/fly_ball/Zhengxuan_Liu/F_002/source.txt,1.635,1.638,visible_contact_audio_unresolved,recover source and re-localize normal-speed bat-contact audio,pending_source_recovery
1173,Codex_Workstation,F_1289,dataset/fly_ball/Codex_Workstation/F_1289,dataset/fly_ball/Codex_Workstation/F_1289/source.txt,1.950,2.050,visible_contact_audio_unresolved,recover source and re-localize normal-speed bat-contact audio,pending_source_recovery
1171,Codex_Workstation,F_1287,dataset/fly_ball/Codex_Workstation/F_1287,dataset/fly_ball/Codex_Workstation/F_1287/source.txt,1.950,2.050,no_verified_live_contact_in_clip,recover source and recut around an actual live batting action,pending_source_recovery
1170,Codex_Workstation,F_1286,dataset/fly_ball/Codex_Workstation/F_1286,dataset/fly_ball/Codex_Workstation/F_1286/source.txt,1.950,2.050,no_verified_live_contact_in_clip,recover source and recut around an actual live batting action,pending_source_recovery
1169,Codex_Workstation,F_1285,dataset/fly_ball/Codex_Workstation/F_1285,dataset/fly_ball/Codex_Workstation/F_1285/source.txt,1.950,2.050,no_verified_live_contact_in_clip,recover source and recut around an actual live batting action,pending_source_recovery
1168,Codex_Workstation,F_1284,dataset/fly_ball/Codex_Workstation/F_1284,dataset/fly_ball/Codex_Workstation/F_1284/source.txt,1.950,2.050,no_verified_live_contact_in_clip,recover source and recut around an actual live batting action,pending_source_recovery
1166,Codex_Workstation,F_1282,dataset/fly_ball/Codex_Workstation/F_1282,dataset/fly_ball/Codex_Workstation/F_1282/source.txt,1.950,2.050,no_verified_live_contact_in_clip,recover source and recut around an actual live batting action,pending_source_recovery
1165,Codex_Workstation,F_1281,dataset/fly_ball/Codex_Workstation/F_1281,dataset/fly_ball/Codex_Workstation/F_1281/source.txt,1.950,2.050,contact_pair_unverified,recover source and recut to make video and normal-speed audio unambiguous,pending_source_recovery
1164,Codex_Workstation,F_1280,dataset/fly_ball/Codex_Workstation/F_1280,dataset/fly_ball/Codex_Workstation/F_1280/source.txt,3.860,3.960,visible_contact_audio_unresolved,recover source and re-localize normal-speed bat-contact audio,pending_source_recovery
1163,Codex_Workstation,F_1279,dataset/fly_ball/Codex_Workstation/F_1279,dataset/fly_ball/Codex_Workstation/F_1279/source.txt,1.950,2.050,no_verified_live_contact_in_clip,recover source and recut around an actual live batting action,pending_source_recovery
1161,Codex_Workstation,F_1277,dataset/fly_ball/Codex_Workstation/F_1277,dataset/fly_ball/Codex_Workstation/F_1277/source.txt,1.950,2.050,contact_pair_unverified,recover source and recut to make video and normal-speed audio unambiguous,pending_source_recovery
1158,Codex_Workstation,F_1273,dataset/fly_ball/Codex_Workstation/F_1273,dataset/fly_ball/Codex_Workstation/F_1273/source.txt,1.950,2.050,no_verified_live_contact_in_clip,recover source and recut around an actual live batting action,pending_source_recovery
1157,Codex_Workstation,F_1272,dataset/fly_ball/Codex_Workstation/F_1272,dataset/fly_ball/Codex_Workstation/F_1272/source.txt,1.950,2.050,contact_pair_unverified,recover source and recut to make video and normal-speed audio unambiguous,pending_source_recovery
1156,Codex_Workstation,F_1271,dataset/fly_ball/Codex_Workstation/F_1271,dataset/fly_ball/Codex_Workstation/F_1271/source.txt,5.310,5.410,no_verified_live_contact_in_clip,recover source and recut around an actual live batting action,pending_source_recovery
1154,Codex_Workstation,F_1269,dataset/fly_ball/Codex_Workstation/F_1269,dataset/fly_ball/Codex_Workstation/F_1269/source.txt,5.728,5.828,no_verified_live_contact_in_clip,recover source and recut around an actual live batting action,pending_source_recovery
1153,Codex_Workstation,F_1268,dataset/fly_ball/Codex_Workstation/F_1268,dataset/fly_ball/Codex_Workstation/F_1268/source.txt,1.950,2.050,no_verified_live_contact_in_clip,recover source and recut around an actual live batting action,pending_source_recovery
1152,Codex_Workstation,F_1267,dataset/fly_ball/Codex_Workstation/F_1267,dataset/fly_ball/Codex_Workstation/F_1267/source.txt,1.950,2.050,no_verified_live_contact_in_clip,recover source and recut around an actual live batting action,pending_source_recovery
1151,Codex_Workstation,F_1266,dataset/fly_ball/Codex_Workstation/F_1266,dataset/fly_ball/Codex_Workstation/F_1266/source.txt,1.950,2.050,no_verified_live_contact_in_clip,recover source and recut around an actual live batting action,pending_source_recovery
1150,Codex_Workstation,F_1265,dataset/fly_ball/Codex_Workstation/F_1265,dataset/fly_ball/Codex_Workstation/F_1265/source.txt,1.950,2.050,no_verified_live_contact_in_clip,recover source and recut around an actual live batting action,pending_source_recovery
1149,Codex_Workstation,F_1264,dataset/fly_ball/Codex_Workstation/F_1264,dataset/fly_ball/Codex_Workstation/F_1264/source.txt,1.950,2.050,no_verified_live_contact_in_clip,recover source and recut around an actual live batting action,pending_source_recovery
1148,Codex_Workstation,F_1263,dataset/fly_ball/Codex_Workstation/F_1263,dataset/fly_ball/Codex_Workstation/F_1263/source.txt,1.950,2.050,no_verified_live_contact_in_clip,recover source and recut around an actual live batting action,pending_source_recovery
1147,Codex_Workstation,F_1262,dataset/fly_ball/Codex_Workstation/F_1262,dataset/fly_ball/Codex_Workstation/F_1262/source.txt,1.950,2.050,no_verified_live_contact_in_clip,recover source and recut around an actual live batting action,pending_source_recovery
1146,Codex_Workstation,F_1261,dataset/fly_ball/Codex_Workstation/F_1261,dataset/fly_ball/Codex_Workstation/F_1261/source.txt,1.950,2.050,no_verified_live_contact_in_clip,recover source and recut around an actual live batting action,pending_source_recovery
1145,Codex_Workstation,F_1260,dataset/fly_ball/Codex_Workstation/F_1260,dataset/fly_ball/Codex_Workstation/F_1260/source.txt,5.543,5.643,visible_contact_audio_unresolved,recover source and re-localize normal-speed bat-contact audio,pending_source_recovery
1144,Codex_Workstation,F_1258,dataset/fly_ball/Codex_Workstation/F_1258,dataset/fly_ball/Codex_Workstation/F_1258/source.txt,1.950,2.050,no_verified_live_contact_in_clip,recover source and recut around an actual live batting action,pending_source_recovery
1143,Codex_Workstation,F_1257,dataset/fly_ball/Codex_Workstation/F_1257,dataset/fly_ball/Codex_Workstation/F_1257/source.txt,1.950,2.050,no_verified_live_contact_in_clip,recover source and recut around an actual live batting action,pending_source_recovery
1142,Codex_Workstation,F_1255,dataset/fly_ball/Codex_Workstation/F_1255,dataset/fly_ball/Codex_Workstation/F_1255/source.txt,3.066,3.166,no_verified_live_contact_in_clip,recover source and recut around an actual live batting action,pending_source_recovery
1141,Codex_Workstation,F_1254,dataset/fly_ball/Codex_Workstation/F_1254,dataset/fly_ball/Codex_Workstation/F_1254/source.txt,1.950,2.050,no_verified_live_contact_in_clip,recover source and recut around an actual live batting action,pending_source_recovery
1140,Codex_Workstation,F_1253,dataset/fly_ball/Codex_Workstation/F_1253,dataset/fly_ball/Codex_Workstation/F_1253/source.txt,3.964,4.064,no_verified_live_contact_in_clip,recover source and recut around an actual live batting action,pending_source_recovery
1139,Codex_Workstation,F_1252,dataset/fly_ball/Codex_Workstation/F_1252,dataset/fly_ball/Codex_Workstation/F_1252/source.txt,6.615,6.715,visible_contact_audio_unresolved,recover source and re-localize normal-speed bat-contact audio,pending_source_recovery
1138,Codex_Workstation,F_1251,dataset/fly_ball/Codex_Workstation/F_1251,dataset/fly_ball/Codex_Workstation/F_1251/source.txt,1.950,2.050,no_verified_live_contact_in_clip,recover source and recut around an actual live batting action,pending_source_recovery
1136,Codex_Workstation,F_1249,dataset/fly_ball/Codex_Workstation/F_1249,dataset/fly_ball/Codex_Workstation/F_1249/source.txt,3.601,3.701,no_verified_live_contact_in_clip,recover source and recut around an actual live batting action,pending_source_recovery
1135,Codex_Workstation,F_1248,dataset/fly_ball/Codex_Workstation/F_1248,dataset/fly_ball/Codex_Workstation/F_1248/source.txt,1.950,2.050,no_verified_live_contact_in_clip,recover source and recut around an actual live batting action,pending_source_recovery
1134,Codex_Workstation,F_1247,dataset/fly_ball/Codex_Workstation/F_1247,dataset/fly_ball/Codex_Workstation/F_1247/source.txt,1.950,2.050,no_verified_live_contact_in_clip,recover source and recut around an actual live batting action,pending_source_recovery
1132,Codex_Workstation,F_1245,dataset/fly_ball/Codex_Workstation/F_1245,dataset/fly_ball/Codex_Workstation/F_1245/source.txt,5.589,5.689,no_verified_live_contact_in_clip,recover source and recut around an actual live batting action,pending_source_recovery
1131,Codex_Workstation,F_1244,dataset/fly_ball/Codex_Workstation/F_1244,dataset/fly_ball/Codex_Workstation/F_1244/source.txt,1.950,2.050,no_verified_live_contact_in_clip,recover source and recut around an actual live batting action,pending_source_recovery
1130,Codex_Workstation,F_1243,dataset/fly_ball/Codex_Workstation/F_1243,dataset/fly_ball/Codex_Workstation/F_1243/source.txt,1.950,2.050,no_verified_live_contact_in_clip,recover source and recut around an actual live batting action,pending_source_recovery
1129,Codex_Workstation,F_1242,dataset/fly_ball/Codex_Workstation/F_1242,dataset/fly_ball/Codex_Workstation/F_1242/source.txt,1.950,2.050,candidate_rejected_by_independent_review,recover source and replace only after a new full review,pending_source_recovery
1128,Codex_Workstation,F_1240,dataset/fly_ball/Codex_Workstation/F_1240,dataset/fly_ball/Codex_Workstation/F_1240/source.txt,1.950,2.050,visible_contact_audio_unresolved,recover source and re-localize normal-speed bat-contact audio,pending_source_recovery
1127,Codex_Workstation,F_1239,dataset/fly_ball/Codex_Workstation/F_1239,dataset/fly_ball/Codex_Workstation/F_1239/source.txt,1.950,2.050,visible_contact_audio_unresolved,recover source and re-localize normal-speed bat-contact audio,pending_source_recovery
1126,Codex_Workstation,F_1238,dataset/fly_ball/Codex_Workstation/F_1238,dataset/fly_ball/Codex_Workstation/F_1238/source.txt,1.950,2.050,contact_pair_unverified,recover source and recut to make video and normal-speed audio unambiguous,pending_source_recovery
1125,Codex_Workstation,F_1237,dataset/fly_ball/Codex_Workstation/F_1237,dataset/fly_ball/Codex_Workstation/F_1237/source.txt,3.555,3.655,visible_contact_audio_unresolved,recover source and re-localize normal-speed bat-contact audio,pending_source_recovery
1124,Codex_Workstation,F_1235,dataset/fly_ball/Codex_Workstation/F_1235,dataset/fly_ball/Codex_Workstation/F_1235/source.txt,1.950,2.050,no_verified_live_contact_in_clip,recover source and recut around an actual live batting action,pending_source_recovery
1123,Codex_Workstation,F_1234,dataset/fly_ball/Codex_Workstation/F_1234,dataset/fly_ball/Codex_Workstation/F_1234/source.txt,1.950,2.050,visible_contact_audio_unresolved,recover source and re-localize normal-speed bat-contact audio,pending_source_recovery
1122,Codex_Workstation,F_1233,dataset/fly_ball/Codex_Workstation/F_1233,dataset/fly_ball/Codex_Workstation/F_1233/source.txt,1.950,2.050,no_verified_live_contact_in_clip,recover source and recut around an actual live batting action,pending_source_recovery
1121,Codex_Workstation,F_1232,dataset/fly_ball/Codex_Workstation/F_1232,dataset/fly_ball/Codex_Workstation/F_1232/source.txt,1.950,2.050,no_verified_live_contact_in_clip,recover source and recut around an actual live batting action,pending_source_recovery
1118,Codex_Workstation,F_1229,dataset/fly_ball/Codex_Workstation/F_1229,dataset/fly_ball/Codex_Workstation/F_1229/source.txt,1.170,1.270,visible_contact_audio_unresolved,recover source and re-localize normal-speed bat-contact audio,pending_source_recovery
1117,Codex_Workstation,F_1228,dataset/fly_ball/Codex_Workstation/F_1228,dataset/fly_ball/Codex_Workstation/F_1228/source.txt,1.950,2.050,no_verified_live_contact_in_clip,recover source and recut around an actual live batting action,pending_source_recovery
1116,Codex_Workstation,F_1227,dataset/fly_ball/Codex_Workstation/F_1227,dataset/fly_ball/Codex_Workstation/F_1227/source.txt,1.950,2.050,no_verified_live_contact_in_clip,recover source and recut around an actual live batting action,pending_source_recovery
1114,Codex_Workstation,F_1225,dataset/fly_ball/Codex_Workstation/F_1225,dataset/fly_ball/Codex_Workstation/F_1225/source.txt,1.950,2.050,no_verified_live_contact_in_clip,recover source and recut around an actual live batting action,pending_source_recovery
1113,Codex_Workstation,F_1224,dataset/fly_ball/Codex_Workstation/F_1224,dataset/fly_ball/Codex_Workstation/F_1224/source.txt,1.950,2.050,no_verified_live_contact_in_clip,recover source and recut around an actual live batting action,pending_source_recovery
1112,Codex_Workstation,F_1223,dataset/fly_ball/Codex_Workstation/F_1223,dataset/fly_ball/Codex_Workstation/F_1223/source.txt,1.950,2.050,visible_contact_audio_unresolved,recover source and re-localize normal-speed bat-contact audio,pending_source_recovery
1109,Codex_Workstation,F_1220,dataset/fly_ball/Codex_Workstation/F_1220,dataset/fly_ball/Codex_Workstation/F_1220/source.txt,3.860,3.960,no_verified_live_contact_in_clip,recover source and recut around an actual live batting action,pending_source_recovery
1108,Codex_Workstation,F_1219,dataset/fly_ball/Codex_Workstation/F_1219,dataset/fly_ball/Codex_Workstation/F_1219/source.txt,3.456,3.556,no_verified_live_contact_in_clip,recover source and recut around an actual live batting action,pending_source_recovery
1107,Codex_Workstation,F_1218,dataset/fly_ball/Codex_Workstation/F_1218,dataset/fly_ball/Codex_Workstation/F_1218/source.txt,4.096,4.196,no_verified_live_contact_in_clip,recover source and recut around an actual live batting action,pending_source_recovery
1104,Codex_Workstation,F_1214,dataset/fly_ball/Codex_Workstation/F_1214,dataset/fly_ball/Codex_Workstation/F_1214/source.txt,1.950,2.050,no_verified_live_contact_in_clip,recover source and recut around an actual live batting action,pending_source_recovery
1101,Codex_Workstation,F_1211,dataset/fly_ball/Codex_Workstation/F_1211,dataset/fly_ball/Codex_Workstation/F_1211/source.txt,1.950,2.050,contact_pair_unverified,recover source and recut to make video and normal-speed audio unambiguous,pending_source_recovery
1100,Codex_Workstation,F_1210,dataset/fly_ball/Codex_Workstation/F_1210,dataset/fly_ball/Codex_Workstation/F_1210/source.txt,1.950,2.050,no_verified_live_contact_in_clip,recover source and recut around an actual live batting action,pending_source_recovery
1099,Codex_Workstation,F_1209,dataset/fly_ball/Codex_Workstation/F_1209,dataset/fly_ball/Codex_Workstation/F_1209/source.txt,1.950,2.050,visible_contact_audio_unresolved,recover source and re-localize normal-speed bat-contact audio,pending_source_recovery
1098,Codex_Workstation,F_1208,dataset/fly_ball/Codex_Workstation/F_1208,dataset/fly_ball/Codex_Workstation/F_1208/source.txt,1.950,2.050,no_verified_live_contact_in_clip,recover source and recut around an actual live batting action,pending_source_recovery
1093,Codex_Workstation,F_1203,dataset/fly_ball/Codex_Workstation/F_1203,dataset/fly_ball/Codex_Workstation/F_1203/source.txt,1.950,2.050,no_verified_live_contact_in_clip,recover source and recut around an actual live batting action,pending_source_recovery
1092,Codex_Workstation,F_1202,dataset/fly_ball/Codex_Workstation/F_1202,dataset/fly_ball/Codex_Workstation/F_1202/source.txt,6.316,6.416,no_verified_live_contact_in_clip,recover source and recut around an actual live batting action,pending_source_recovery
1091,Codex_Workstation,F_1201,dataset/fly_ball/Codex_Workstation/F_1201,dataset/fly_ball/Codex_Workstation/F_1201/source.txt,1.950,2.050,no_verified_live_contact_in_clip,recover source and recut around an actual live batting action,pending_source_recovery
1090,Codex_Workstation,F_1200,dataset/fly_ball/Codex_Workstation/F_1200,dataset/fly_ball/Codex_Workstation/F_1200/source.txt,5.717,5.817,no_verified_live_contact_in_clip,recover source and recut around an actual live batting action,pending_source_recovery
1089,Codex_Workstation,F_1199,dataset/fly_ball/Codex_Workstation/F_1199,dataset/fly_ball/Codex_Workstation/F_1199/source.txt,1.950,2.050,contact_pair_unverified,recover source and recut to make video and normal-speed audio unambiguous,pending_source_recovery
1085,Codex_Workstation,F_1195,dataset/fly_ball/Codex_Workstation/F_1195,dataset/fly_ball/Codex_Workstation/F_1195/source.txt,1.950,2.050,no_verified_live_contact_in_clip,recover source and recut around an actual live batting action,pending_source_recovery
1084,Codex_Workstation,F_1194,dataset/fly_ball/Codex_Workstation/F_1194,dataset/fly_ball/Codex_Workstation/F_1194/source.txt,1.950,2.050,visible_contact_audio_unresolved,recover source and re-localize normal-speed bat-contact audio,pending_source_recovery
1083,Codex_Workstation,F_1193,dataset/fly_ball/Codex_Workstation/F_1193,dataset/fly_ball/Codex_Workstation/F_1193/source.txt,3.341,3.441,no_verified_live_contact_in_clip,recover source and recut around an actual live batting action,pending_source_recovery
1082,Codex_Workstation,F_1192,dataset/fly_ball/Codex_Workstation/F_1192,dataset/fly_ball/Codex_Workstation/F_1192/source.txt,1.950,2.050,visible_contact_audio_unresolved,recover source and re-localize normal-speed bat-contact audio,pending_source_recovery
1081,Codex_Workstation,F_1191,dataset/fly_ball/Codex_Workstation/F_1191,dataset/fly_ball/Codex_Workstation/F_1191/source.txt,1.950,2.050,no_verified_live_contact_in_clip,recover source and recut around an actual live batting action,pending_source_recovery
1079,Codex_Workstation,F_1189,dataset/fly_ball/Codex_Workstation/F_1189,dataset/fly_ball/Codex_Workstation/F_1189/source.txt,6.429,6.529,no_verified_live_contact_in_clip,recover source and recut around an actual live batting action,pending_source_recovery
1078,Codex_Workstation,F_1188,dataset/fly_ball/Codex_Workstation/F_1188,dataset/fly_ball/Codex_Workstation/F_1188/source.txt,1.950,2.050,visible_contact_audio_unresolved,recover source and re-localize normal-speed bat-contact audio,pending_source_recovery
1077,Codex_Workstation,F_1187,dataset/fly_ball/Codex_Workstation/F_1187,dataset/fly_ball/Codex_Workstation/F_1187/source.txt,1.950,2.050,no_verified_live_contact_in_clip,recover source and recut around an actual live batting action,pending_source_recovery
1076,Codex_Workstation,F_1186,dataset/fly_ball/Codex_Workstation/F_1186,dataset/fly_ball/Codex_Workstation/F_1186/source.txt,1.950,2.050,no_verified_live_contact_in_clip,recover source and recut around an actual live batting action,pending_source_recovery
1075,Codex_Workstation,F_1185,dataset/fly_ball/Codex_Workstation/F_1185,dataset/fly_ball/Codex_Workstation/F_1185/source.txt,1.950,2.050,contact_pair_unverified,recover source and recut to make video and normal-speed audio unambiguous,pending_source_recovery
1073,Codex_Workstation,F_1183,dataset/fly_ball/Codex_Workstation/F_1183,dataset/fly_ball/Codex_Workstation/F_1183/source.txt,1.950,2.050,no_verified_live_contact_in_clip,recover source and recut around an actual live batting action,pending_source_recovery
1072,Codex_Workstation,F_1182,dataset/fly_ball/Codex_Workstation/F_1182,dataset/fly_ball/Codex_Workstation/F_1182/source.txt,1.950,2.050,no_verified_live_contact_in_clip,recover source and recut around an actual live batting action,pending_source_recovery
1071,Codex_Workstation,F_1181,dataset/fly_ball/Codex_Workstation/F_1181,dataset/fly_ball/Codex_Workstation/F_1181/source.txt,1.950,2.050,no_verified_live_contact_in_clip,recover source and recut around an actual live batting action,pending_source_recovery
1070,Codex_Workstation,F_1180,dataset/fly_ball/Codex_Workstation/F_1180,dataset/fly_ball/Codex_Workstation/F_1180/source.txt,1.950,2.050,visible_contact_audio_unresolved,recover source and re-localize normal-speed bat-contact audio,pending_source_recovery
1069,Codex_Workstation,F_1179,dataset/fly_ball/Codex_Workstation/F_1179,dataset/fly_ball/Codex_Workstation/F_1179/source.txt,1.950,2.050,contact_pair_unverified,recover source and recut to make video and normal-speed audio unambiguous,pending_source_recovery
1067,Codex_Workstation,F_1177,dataset/fly_ball/Codex_Workstation/F_1177,dataset/fly_ball/Codex_Workstation/F_1177/source.txt,1.950,2.050,no_verified_live_contact_in_clip,recover source and recut around an actual live batting action,pending_source_recovery
1066,Codex_Workstation,F_1175,dataset/fly_ball/Codex_Workstation/F_1175,dataset/fly_ball/Codex_Workstation/F_1175/source.txt,1.950,2.050,no_verified_live_contact_in_clip,recover source and recut around an actual live batting action,pending_source_recovery
1065,Codex_Workstation,F_1174,dataset/fly_ball/Codex_Workstation/F_1174,dataset/fly_ball/Codex_Workstation/F_1174/source.txt,1.950,2.050,no_verified_live_contact_in_clip,recover source and recut around an actual live batting action,pending_source_recovery
1063,Codex_Workstation,F_1171,dataset/fly_ball/Codex_Workstation/F_1171,dataset/fly_ball/Codex_Workstation/F_1171/source.txt,1.950,2.050,visible_contact_audio_unresolved,recover source and re-localize normal-speed bat-contact audio,pending_source_recovery
1062,Codex_Workstation,F_1170,dataset/fly_ball/Codex_Workstation/F_1170,dataset/fly_ball/Codex_Workstation/F_1170/source.txt,5.102,5.202,no_verified_live_contact_in_clip,recover source and recut around an actual live batting action,pending_source_recovery
1060,Codex_Workstation,F_1168,dataset/fly_ball/Codex_Workstation/F_1168,dataset/fly_ball/Codex_Workstation/F_1168/source.txt,6.022,6.122,no_verified_live_contact_in_clip,recover source and recut around an actual live batting action,pending_source_recovery
1059,Codex_Workstation,F_1167,dataset/fly_ball/Codex_Workstation/F_1167,dataset/fly_ball/Codex_Workstation/F_1167/source.txt,1.950,2.050,visible_contact_audio_unresolved,recover source and re-localize normal-speed bat-contact audio,pending_source_recovery
1058,Codex_Workstation,F_1166,dataset/fly_ball/Codex_Workstation/F_1166,dataset/fly_ball/Codex_Workstation/F_1166/source.txt,1.950,2.050,visible_contact_audio_unresolved,recover source and re-localize normal-speed bat-contact audio,pending_source_recovery
1057,Codex_Workstation,F_1165,dataset/fly_ball/Codex_Workstation/F_1165,dataset/fly_ball/Codex_Workstation/F_1165/source.txt,2.905,3.005,no_verified_live_contact_in_clip,recover source and recut around an actual live batting action,pending_source_recovery
1056,Codex_Workstation,F_1164,dataset/fly_ball/Codex_Workstation/F_1164,dataset/fly_ball/Codex_Workstation/F_1164/source.txt,1.950,2.050,no_verified_live_contact_in_clip,recover source and recut around an actual live batting action,pending_source_recovery
1055,Codex_Workstation,F_1163,dataset/fly_ball/Codex_Workstation/F_1163,dataset/fly_ball/Codex_Workstation/F_1163/source.txt,1.950,2.050,no_verified_live_contact_in_clip,recover source and recut around an actual live batting action,pending_source_recovery
1053,Codex_Workstation,F_1161,dataset/fly_ball/Codex_Workstation/F_1161,dataset/fly_ball/Codex_Workstation/F_1161/source.txt,1.950,2.050,contact_pair_unverified,recover source and recut to make video and normal-speed audio unambiguous,pending_source_recovery
1052,Codex_Workstation,F_1160,dataset/fly_ball/Codex_Workstation/F_1160,dataset/fly_ball/Codex_Workstation/F_1160/source.txt,1.950,2.050,visible_contact_audio_unresolved,recover source and re-localize normal-speed bat-contact audio,pending_source_recovery
1051,Codex_Workstation,F_1159,dataset/fly_ball/Codex_Workstation/F_1159,dataset/fly_ball/Codex_Workstation/F_1159/source.txt,1.650,1.750,visible_contact_audio_unresolved,recover source and re-localize normal-speed bat-contact audio,pending_source_recovery
1047,Codex_Workstation,F_1155,dataset/fly_ball/Codex_Workstation/F_1155,dataset/fly_ball/Codex_Workstation/F_1155/source.txt,1.950,2.050,no_verified_live_contact_in_clip,recover source and recut around an actual live batting action,pending_source_recovery
1045,Codex_Workstation,F_1152,dataset/fly_ball/Codex_Workstation/F_1152,dataset/fly_ball/Codex_Workstation/F_1152/source.txt,1.950,2.050,visible_contact_audio_unresolved,recover source and re-localize normal-speed bat-contact audio,pending_source_recovery
1044,Codex_Workstation,F_1151,dataset/fly_ball/Codex_Workstation/F_1151,dataset/fly_ball/Codex_Workstation/F_1151/source.txt,1.950,2.050,contact_pair_unverified,recover source and recut to make video and normal-speed audio unambiguous,pending_source_recovery
1043,Codex_Workstation,F_1150,dataset/fly_ball/Codex_Workstation/F_1150,dataset/fly_ball/Codex_Workstation/F_1150/source.txt,1.950,2.050,visible_contact_audio_unresolved,recover source and re-localize normal-speed bat-contact audio,pending_source_recovery
1042,Codex_Workstation,F_1149,dataset/fly_ball/Codex_Workstation/F_1149,dataset/fly_ball/Codex_Workstation/F_1149/source.txt,1.950,2.050,contact_pair_unverified,recover source and recut to make video and normal-speed audio unambiguous,pending_source_recovery
1041,Codex_Workstation,F_1148,dataset/fly_ball/Codex_Workstation/F_1148,dataset/fly_ball/Codex_Workstation/F_1148/source.txt,1.950,2.050,no_verified_live_contact_in_clip,recover source and recut around an actual live batting action,pending_source_recovery
1039,Codex_Workstation,F_1145,dataset/fly_ball/Codex_Workstation/F_1145,dataset/fly_ball/Codex_Workstation/F_1145/source.txt,1.950,2.050,visible_contact_audio_unresolved,recover source and re-localize normal-speed bat-contact audio,pending_source_recovery
1037,Codex_Workstation,F_1143,dataset/fly_ball/Codex_Workstation/F_1143,dataset/fly_ball/Codex_Workstation/F_1143/source.txt,1.950,2.050,visible_contact_audio_unresolved,recover source and re-localize normal-speed bat-contact audio,pending_source_recovery
1036,Codex_Workstation,F_1142,dataset/fly_ball/Codex_Workstation/F_1142,dataset/fly_ball/Codex_Workstation/F_1142/source.txt,1.970,2.070,contact_pair_unverified,recover source and recut to make video and normal-speed audio unambiguous,pending_source_recovery
1034,Codex_Workstation,F_1140,dataset/fly_ball/Codex_Workstation/F_1140,dataset/fly_ball/Codex_Workstation/F_1140/source.txt,1.970,2.070,visible_contact_audio_unresolved,recover source and re-localize normal-speed bat-contact audio,pending_source_recovery
1033,Codex_Workstation,F_1139,dataset/fly_ball/Codex_Workstation/F_1139,dataset/fly_ball/Codex_Workstation/F_1139/source.txt,1.950,2.050,visible_contact_audio_unresolved,recover source and re-localize normal-speed bat-contact audio,pending_source_recovery
1032,Codex_Workstation,F_1138,dataset/fly_ball/Codex_Workstation/F_1138,dataset/fly_ball/Codex_Workstation/F_1138/source.txt,1.970,2.070,contact_pair_unverified,recover source and recut to make video and normal-speed audio unambiguous,pending_source_recovery
1031,Codex_Workstation,F_1137,dataset/fly_ball/Codex_Workstation/F_1137,dataset/fly_ball/Codex_Workstation/F_1137/source.txt,1.970,2.070,no_verified_live_contact_in_clip,recover source and recut around an actual live batting action,pending_source_recovery
1027,Codex_Workstation,F_1133,dataset/fly_ball/Codex_Workstation/F_1133,dataset/fly_ball/Codex_Workstation/F_1133/source.txt,1.970,2.070,visible_contact_audio_unresolved,recover source and re-localize normal-speed bat-contact audio,pending_source_recovery
1025,Codex_Workstation,F_1131,dataset/fly_ball/Codex_Workstation/F_1131,dataset/fly_ball/Codex_Workstation/F_1131/source.txt,1.970,2.070,visible_contact_audio_unresolved,recover source and re-localize normal-speed bat-contact audio,pending_source_recovery
1024,Codex_Workstation,F_1130,dataset/fly_ball/Codex_Workstation/F_1130,dataset/fly_ball/Codex_Workstation/F_1130/source.txt,1.970,2.070,visible_contact_audio_unresolved,recover source and re-localize normal-speed bat-contact audio,pending_source_recovery
1021,Codex_Workstation,F_1127,dataset/fly_ball/Codex_Workstation/F_1127,dataset/fly_ball/Codex_Workstation/F_1127/source.txt,2.330,2.430,contact_pair_unverified,recover source and recut to make video and normal-speed audio unambiguous,pending_source_recovery
1020,Codex_Workstation,F_1126,dataset/fly_ball/Codex_Workstation/F_1126,dataset/fly_ball/Codex_Workstation/F_1126/source.txt,1.970,2.070,no_verified_live_contact_in_clip,recover source and recut around an actual live batting action,pending_source_recovery
1018,Codex_Workstation,F_1124,dataset/fly_ball/Codex_Workstation/F_1124,dataset/fly_ball/Codex_Workstation/F_1124/source.txt,1.970,2.070,visible_contact_audio_unresolved,recover source and re-localize normal-speed bat-contact audio,pending_source_recovery
1017,Codex_Workstation,F_1123,dataset/fly_ball/Codex_Workstation/F_1123,dataset/fly_ball/Codex_Workstation/F_1123/source.txt,1.970,2.070,no_verified_live_contact_in_clip,recover source and recut around an actual live batting action,pending_source_recovery
1016,Codex_Workstation,F_1122,dataset/fly_ball/Codex_Workstation/F_1122,dataset/fly_ball/Codex_Workstation/F_1122/source.txt,1.970,2.070,contact_pair_unverified,recover source and recut to make video and normal-speed audio unambiguous,pending_source_recovery
1015,Codex_Workstation,F_1121,dataset/fly_ball/Codex_Workstation/F_1121,dataset/fly_ball/Codex_Workstation/F_1121/source.txt,1.950,2.050,no_verified_live_contact_in_clip,recover source and recut around an actual live batting action,pending_source_recovery
1014,Codex_Workstation,F_1119,dataset/fly_ball/Codex_Workstation/F_1119,dataset/fly_ball/Codex_Workstation/F_1119/source.txt,1.710,1.810,no_verified_live_contact_in_clip,recover source and recut around an actual live batting action,pending_source_recovery
1013,Codex_Workstation,F_1118,dataset/fly_ball/Codex_Workstation/F_1118,dataset/fly_ball/Codex_Workstation/F_1118/source.txt,1.950,2.050,no_verified_live_contact_in_clip,recover source and recut around an actual live batting action,pending_source_recovery
1012,Codex_Workstation,F_1116,dataset/fly_ball/Codex_Workstation/F_1116,dataset/fly_ball/Codex_Workstation/F_1116/source.txt,1.950,2.050,no_verified_live_contact_in_clip,recover source and recut around an actual live batting action,pending_source_recovery
1011,Codex_Workstation,F_1115,dataset/fly_ball/Codex_Workstation/F_1115,dataset/fly_ball/Codex_Workstation/F_1115/source.txt,0.690,0.790,no_verified_live_contact_in_clip,recover source and recut around an actual live batting action,pending_source_recovery
1010,Codex_Workstation,F_1114,dataset/fly_ball/Codex_Workstation/F_1114,dataset/fly_ball/Codex_Workstation/F_1114/source.txt,1.950,2.050,visible_contact_audio_unresolved,recover source and re-localize normal-speed bat-contact audio,pending_source_recovery
1009,Codex_Workstation,F_1113,dataset/fly_ball/Codex_Workstation/F_1113,dataset/fly_ball/Codex_Workstation/F_1113/source.txt,1.950,2.050,no_verified_live_contact_in_clip,recover source and recut around an actual live batting action,pending_source_recovery
1008,Codex_Workstation,F_1112,dataset/fly_ball/Codex_Workstation/F_1112,dataset/fly_ball/Codex_Workstation/F_1112/source.txt,1.950,2.050,no_verified_live_contact_in_clip,recover source and recut around an actual live batting action,pending_source_recovery
1006,Codex_Workstation,F_1109,dataset/fly_ball/Codex_Workstation/F_1109,dataset/fly_ball/Codex_Workstation/F_1109/source.txt,1.950,2.050,visible_contact_audio_unresolved,recover source and re-localize normal-speed bat-contact audio,pending_source_recovery
1004,Codex_Workstation,F_1107,dataset/fly_ball/Codex_Workstation/F_1107,dataset/fly_ball/Codex_Workstation/F_1107/source.txt,1.950,2.050,no_verified_live_contact_in_clip,recover source and recut around an actual live batting action,pending_source_recovery
1003,Codex_Workstation,F_1106,dataset/fly_ball/Codex_Workstation/F_1106,dataset/fly_ball/Codex_Workstation/F_1106/source.txt,1.950,2.050,no_verified_live_contact_in_clip,recover source and recut around an actual live batting action,pending_source_recovery
1002,Codex_Workstation,F_1105,dataset/fly_ball/Codex_Workstation/F_1105,dataset/fly_ball/Codex_Workstation/F_1105/source.txt,1.950,2.050,no_verified_live_contact_in_clip,recover source and recut around an actual live batting action,pending_source_recovery
1001,Codex_Workstation,F_1104,dataset/fly_ball/Codex_Workstation/F_1104,dataset/fly_ball/Codex_Workstation/F_1104/source.txt,1.950,2.050,no_verified_live_contact_in_clip,recover source and recut around an actual live batting action,pending_source_recovery
1000,Codex_Workstation,F_1103,dataset/fly_ball/Codex_Workstation/F_1103,dataset/fly_ball/Codex_Workstation/F_1103/source.txt,1.950,2.050,no_verified_live_contact_in_clip,recover source and recut around an actual live batting action,pending_source_recovery
999,Codex_Workstation,F_1102,dataset/fly_ball/Codex_Workstation/F_1102,dataset/fly_ball/Codex_Workstation/F_1102/source.txt,1.950,2.050,no_verified_live_contact_in_clip,recover source and recut around an actual live batting action,pending_source_recovery
998,Codex_Workstation,F_1099,dataset/fly_ball/Codex_Workstation/F_1099,dataset/fly_ball/Codex_Workstation/F_1099/source.txt,1.950,2.050,contact_pair_unverified,recover source and recut to make video and normal-speed audio unambiguous,pending_source_recovery
997,Codex_Workstation,F_1098,dataset/fly_ball/Codex_Workstation/F_1098,dataset/fly_ball/Codex_Workstation/F_1098/source.txt,1.950,2.050,no_verified_live_contact_in_clip,recover source and recut around an actual live batting action,pending_source_recovery
996,Codex_Workstation,F_1097,dataset/fly_ball/Codex_Workstation/F_1097,dataset/fly_ball/Codex_Workstation/F_1097/source.txt,1.950,2.050,contact_pair_unverified,recover source and recut to make video and normal-speed audio unambiguous,pending_source_recovery
995,Codex_Workstation,F_1096,dataset/fly_ball/Codex_Workstation/F_1096,dataset/fly_ball/Codex_Workstation/F_1096/source.txt,1.950,2.050,no_verified_live_contact_in_clip,recover source and recut around an actual live batting action,pending_source_recovery
994,Codex_Workstation,F_1095,dataset/fly_ball/Codex_Workstation/F_1095,dataset/fly_ball/Codex_Workstation/F_1095/source.txt,1.950,2.050,visible_contact_audio_unresolved,recover source and re-localize normal-speed bat-contact audio,pending_source_recovery
993,Codex_Workstation,F_1093,dataset/fly_ball/Codex_Workstation/F_1093,dataset/fly_ball/Codex_Workstation/F_1093/source.txt,1.950,2.050,visible_contact_audio_unresolved,recover source and re-localize normal-speed bat-contact audio,pending_source_recovery
992,Codex_Workstation,F_1092,dataset/fly_ball/Codex_Workstation/F_1092,dataset/fly_ball/Codex_Workstation/F_1092/source.txt,1.950,2.050,no_verified_live_contact_in_clip,recover source and recut around an actual live batting action,pending_source_recovery
991,Codex_Workstation,F_1090,dataset/fly_ball/Codex_Workstation/F_1090,dataset/fly_ball/Codex_Workstation/F_1090/source.txt,1.950,2.050,visible_contact_audio_unresolved,recover source and re-localize normal-speed bat-contact audio,pending_source_recovery
990,Codex_Workstation,F_1089,dataset/fly_ball/Codex_Workstation/F_1089,dataset/fly_ball/Codex_Workstation/F_1089/source.txt,1.950,2.050,no_verified_live_contact_in_clip,recover source and recut around an actual live batting action,pending_source_recovery
989,Codex_Workstation,F_1087,dataset/fly_ball/Codex_Workstation/F_1087,dataset/fly_ball/Codex_Workstation/F_1087/source.txt,1.950,2.050,no_verified_live_contact_in_clip,recover source and recut around an actual live batting action,pending_source_recovery
988,Codex_Workstation,F_1086,dataset/fly_ball/Codex_Workstation/F_1086,dataset/fly_ball/Codex_Workstation/F_1086/source.txt,1.950,2.050,no_verified_live_contact_in_clip,recover source and recut around an actual live batting action,pending_source_recovery
987,Codex_Workstation,F_1085,dataset/fly_ball/Codex_Workstation/F_1085,dataset/fly_ball/Codex_Workstation/F_1085/source.txt,1.950,2.050,no_verified_live_contact_in_clip,recover source and recut around an actual live batting action,pending_source_recovery
986,Codex_Workstation,F_1084,dataset/fly_ball/Codex_Workstation/F_1084,dataset/fly_ball/Codex_Workstation/F_1084/source.txt,1.950,2.050,contact_pair_unverified,recover source and recut to make video and normal-speed audio unambiguous,pending_source_recovery
985,Codex_Workstation,F_1083,dataset/fly_ball/Codex_Workstation/F_1083,dataset/fly_ball/Codex_Workstation/F_1083/source.txt,1.950,2.050,no_verified_live_contact_in_clip,recover source and recut around an actual live batting action,pending_source_recovery
984,Codex_Workstation,F_1082,dataset/fly_ball/Codex_Workstation/F_1082,dataset/fly_ball/Codex_Workstation/F_1082/source.txt,1.950,2.050,contact_pair_unverified,recover source and recut to make video and normal-speed audio unambiguous,pending_source_recovery
983,Codex_Workstation,F_1080,dataset/fly_ball/Codex_Workstation/F_1080,dataset/fly_ball/Codex_Workstation/F_1080/source.txt,1.950,2.050,no_verified_live_contact_in_clip,recover source and recut around an actual live batting action,pending_source_recovery
982,Codex_Workstation,F_1079,dataset/fly_ball/Codex_Workstation/F_1079,dataset/fly_ball/Codex_Workstation/F_1079/source.txt,1.950,2.050,no_verified_live_contact_in_clip,recover source and recut around an actual live batting action,pending_source_recovery
981,Codex_Workstation,F_1078,dataset/fly_ball/Codex_Workstation/F_1078,dataset/fly_ball/Codex_Workstation/F_1078/source.txt,1.950,2.050,no_verified_live_contact_in_clip,recover source and recut around an actual live batting action,pending_source_recovery
980,Codex_Workstation,F_1077,dataset/fly_ball/Codex_Workstation/F_1077,dataset/fly_ball/Codex_Workstation/F_1077/source.txt,0.290,0.390,no_verified_live_contact_in_clip,recover source and recut around an actual live batting action,pending_source_recovery
979,Codex_Workstation,F_1076,dataset/fly_ball/Codex_Workstation/F_1076,dataset/fly_ball/Codex_Workstation/F_1076/source.txt,1.950,2.050,no_verified_live_contact_in_clip,recover source and recut around an actual live batting action,pending_source_recovery
978,Codex_Workstation,F_1074,dataset/fly_ball/Codex_Workstation/F_1074,dataset/fly_ball/Codex_Workstation/F_1074/source.txt,1.950,2.050,visible_contact_audio_unresolved,recover source and re-localize normal-speed bat-contact audio,pending_source_recovery
977,Codex_Workstation,F_1073,dataset/fly_ball/Codex_Workstation/F_1073,dataset/fly_ball/Codex_Workstation/F_1073/source.txt,1.950,2.050,contact_pair_unverified,recover source and recut to make video and normal-speed audio unambiguous,pending_source_recovery
976,Codex_Workstation,F_1072,dataset/fly_ball/Codex_Workstation/F_1072,dataset/fly_ball/Codex_Workstation/F_1072/source.txt,1.950,2.050,no_verified_live_contact_in_clip,recover source and recut around an actual live batting action,pending_source_recovery
975,Codex_Workstation,F_1071,dataset/fly_ball/Codex_Workstation/F_1071,dataset/fly_ball/Codex_Workstation/F_1071/source.txt,1.950,2.050,visible_contact_audio_unresolved,recover source and re-localize normal-speed bat-contact audio,pending_source_recovery
974,Codex_Workstation,F_1070,dataset/fly_ball/Codex_Workstation/F_1070,dataset/fly_ball/Codex_Workstation/F_1070/source.txt,1.950,2.050,no_verified_live_contact_in_clip,recover source and recut around an actual live batting action,pending_source_recovery
973,Codex_Workstation,F_1069,dataset/fly_ball/Codex_Workstation/F_1069,dataset/fly_ball/Codex_Workstation/F_1069/source.txt,1.950,2.050,no_verified_live_contact_in_clip,recover source and recut around an actual live batting action,pending_source_recovery
972,Codex_Workstation,F_1068,dataset/fly_ball/Codex_Workstation/F_1068,dataset/fly_ball/Codex_Workstation/F_1068/source.txt,1.950,2.050,no_verified_live_contact_in_clip,recover source and recut around an actual live batting action,pending_source_recovery
971,Codex_Workstation,F_1067,dataset/fly_ball/Codex_Workstation/F_1067,dataset/fly_ball/Codex_Workstation/F_1067/source.txt,1.950,2.050,no_verified_live_contact_in_clip,recover source and recut around an actual live batting action,pending_source_recovery
970,Codex_Workstation,F_1066,dataset/fly_ball/Codex_Workstation/F_1066,dataset/fly_ball/Codex_Workstation/F_1066/source.txt,1.950,2.050,no_verified_live_contact_in_clip,recover source and recut around an actual live batting action,pending_source_recovery
968,Codex_Workstation,F_1064,dataset/fly_ball/Codex_Workstation/F_1064,dataset/fly_ball/Codex_Workstation/F_1064/source.txt,1.950,2.050,no_verified_live_contact_in_clip,recover source and recut around an actual live batting action,pending_source_recovery
967,Codex_Workstation,F_1063,dataset/fly_ball/Codex_Workstation/F_1063,dataset/fly_ball/Codex_Workstation/F_1063/source.txt,1.950,2.050,no_verified_live_contact_in_clip,recover source and recut around an actual live batting action,pending_source_recovery
966,Codex_Workstation,F_1061,dataset/fly_ball/Codex_Workstation/F_1061,dataset/fly_ball/Codex_Workstation/F_1061/source.txt,1.950,2.050,no_verified_live_contact_in_clip,recover source and recut around an actual live batting action,pending_source_recovery
965,Codex_Workstation,F_1058,dataset/fly_ball/Codex_Workstation/F_1058,dataset/fly_ball/Codex_Workstation/F_1058/source.txt,1.950,2.050,no_verified_live_contact_in_clip,recover source and recut around an actual live batting action,pending_source_recovery
964,Codex_Workstation,F_1057,dataset/fly_ball/Codex_Workstation/F_1057,dataset/fly_ball/Codex_Workstation/F_1057/source.txt,1.950,2.050,no_verified_live_contact_in_clip,recover source and recut around an actual live batting action,pending_source_recovery
963,Codex_Workstation,F_1055,dataset/fly_ball/Codex_Workstation/F_1055,dataset/fly_ball/Codex_Workstation/F_1055/source.txt,1.950,2.050,no_verified_live_contact_in_clip,recover source and recut around an actual live batting action,pending_source_recovery
962,Codex_Workstation,F_1054,dataset/fly_ball/Codex_Workstation/F_1054,dataset/fly_ball/Codex_Workstation/F_1054/source.txt,1.950,2.050,no_verified_live_contact_in_clip,recover source and recut around an actual live batting action,pending_source_recovery
961,Codex_Workstation,F_1053,dataset/fly_ball/Codex_Workstation/F_1053,dataset/fly_ball/Codex_Workstation/F_1053/source.txt,1.950,2.050,no_verified_live_contact_in_clip,recover source and recut around an actual live batting action,pending_source_recovery
960,Codex_Workstation,F_1052,dataset/fly_ball/Codex_Workstation/F_1052,dataset/fly_ball/Codex_Workstation/F_1052/source.txt,1.950,2.050,no_verified_live_contact_in_clip,recover source and recut around an actual live batting action,pending_source_recovery
959,Codex_Workstation,F_1051,dataset/fly_ball/Codex_Workstation/F_1051,dataset/fly_ball/Codex_Workstation/F_1051/source.txt,1.950,2.050,no_verified_live_contact_in_clip,recover source and recut around an actual live batting action,pending_source_recovery
958,Codex_Workstation,F_1050,dataset/fly_ball/Codex_Workstation/F_1050,dataset/fly_ball/Codex_Workstation/F_1050/source.txt,1.950,2.050,contact_pair_unverified,recover source and recut to make video and normal-speed audio unambiguous,pending_source_recovery
