global_index,sample_id,main_relative_path,before_event_start,before_event_end,candidate_time,after_event_start,after_event_end,crosscheck_model,crosscheck_decision,outcome,failure_reason
1206,F_033,dataset/fly_ball/Zhengxuan_Liu/F_033,1.138,1.15,1.145,1.095,1.195,qwen3.5-omni-flash,confirm,metadata_time_correction,
1204,F_031,dataset/fly_ball/Zhengxuan_Liu/F_031,2.171,2.179,2.173,2.123,2.223,qwen3.5-omni-flash,confirm,metadata_time_correction,
1203,F_030,dataset/fly_ball/Zhengxuan_Liu/F_030,1.115,1.122,1.115,1.065,1.165,qwen3.5-omni-flash,confirm,metadata_time_correction,
1202,F_029,dataset/fly_ball/Zhengxuan_Liu/F_029,1.204,1.211,1.205,1.155,1.255,qwen-omni-turbo,confirm,metadata_time_correction,
1201,F_028,dataset/fly_ball/Zhengxuan_Liu/F_028,0.852,0.859,0.856,0.806,0.906,qwen3.5-omni-flash,confirm,metadata_time_correction,
1200,F_027,dataset/fly_ball/Zhengxuan_Liu/F_027,1.148,1.156,1.150,1.100,1.200,qwen3.5-omni-flash,confirm,metadata_time_correction,
1199,F_026,dataset/fly_ball/Zhengxuan_Liu/F_026,1.297,1.307,1.300,1.250,1.350,qwen3.5-omni-flash,confirm,metadata_time_correction,
1196,F_023,dataset/fly_ball/Zhengxuan_Liu/F_023,0.443,0.451,0.446,0.396,0.496,qwen3.5-omni-flash,confirm,metadata_time_correction,
1195,F_022,dataset/fly_ball/Zhengxuan_Liu/F_022,2.035,2.047,2.038,1.988,2.088,qwen3.5-omni-flash,confirm,metadata_time_correction,
1193,F_020,dataset/fly_ball/Zhengxuan_Liu/F_020,1.127,1.132,1.130,1.080,1.180,qwen3.5-omni-flash,confirm,metadata_time_correction,
1192,F_019,dataset/fly_ball/Zhengxuan_Liu/F_019,0.866,0.874,0.871,0.821,0.921,qwen3.5-omni-flash,confirm,metadata_time_correction,
1191,F_018,dataset/fly_ball/Zhengxuan_Liu/F_018,0.998,1.008,1.000,0.950,1.050,qwen3.5-omni-flash,confirm,metadata_time_correction,
1190,F_017,dataset/fly_ball/Zhengxuan_Liu/F_017,0.788,0.796,0.791,0.741,0.841,qwen3.5-omni-flash,confirm,metadata_time_correction,
1189,F_016,dataset/fly_ball/Zhengxuan_Liu/F_016,0.838,0.847,0.841,0.791,0.891,qwen3.5-omni-flash,confirm,metadata_time_correction,
1188,F_015,dataset/fly_ball/Zhengxuan_Liu/F_015,0.603,0.62,0.611,0.561,0.661,qwen3.5-omni-flash,confirm,metadata_time_correction,
1187,F_014,dataset/fly_ball/Zhengxuan_Liu/F_014,1.893,1.903,1.898,1.848,1.948,qwen3.5-omni-flash,confirm,metadata_time_correction,
1186,F_013,dataset/fly_ball/Zhengxuan_Liu/F_013,2.134,2.142,2.138,2.088,2.188,qwen3.5-omni-flash,confirm,metadata_time_correction,
1185,F_012,dataset/fly_ball/Zhengxuan_Liu/F_012,1.301,1.312,1.305,1.255,1.355,qwen3.5-omni-flash,confirm,metadata_time_correction,
1184,F_011,dataset/fly_ball/Zhengxuan_Liu/F_011,0.816,0.826,0.821,0.771,0.871,qwen3.5-omni-flash,confirm,metadata_time_correction,
1182,F_009,dataset/fly_ball/Zhengxuan_Liu/F_009,0.823,0.833,0.826,0.776,0.876,qwen3.5-omni-flash,confirm,metadata_time_correction,
1180,F_007,dataset/fly_ball/Zhengxuan_Liu/F_007,0.642,0.656,0.646,0.596,0.696,qwen3.5-omni-flash,confirm,metadata_time_correction,
1179,F_006,dataset/fly_ball/Zhengxuan_Liu/F_006,1.207,1.22,0.691,0.641,0.741,qwen3.5-omni-flash,confirm,metadata_time_correction,
1178,F_005,dataset/fly_ball/Zhengxuan_Liu/F_005,1.947,1.951,1.948,1.898,1.998,qwen3.5-omni-flash,confirm,metadata_time_correction,
1174,F_001,dataset/fly_ball/Zhengxuan_Liu/F_001,1.508,1.517,1.509,1.459,1.559,qwen3.5-omni-flash,confirm,metadata_time_correction,
1172,F_1288,dataset/fly_ball/Codex_Workstation/F_1288,1.950,2.050,0.962,0.912,1.012,qwen3.5-omni-flash,confirm,metadata_time_correction,
1167,F_1283,dataset/fly_ball/Codex_Workstation/F_1283,1.950,2.050,2.007,1.957,2.057,qwen3.5-omni-flash,confirm,metadata_time_correction,
1162,F_1278,dataset/fly_ball/Codex_Workstation/F_1278,1.830,1.930,1.898,1.848,1.948,qwen3.5-omni-flash,confirm,metadata_time_correction,
1160,F_1276,dataset/fly_ball/Codex_Workstation/F_1276,0.230,0.330,2.668,2.618,2.718,qwen3.5-omni-flash,confirm,metadata_time_correction,
1159,F_1275,dataset/fly_ball/Codex_Workstation/F_1275,1.950,2.050,0.897,0.847,0.947,qwen3.5-omni-flash,confirm,metadata_time_correction,
1155,F_1270,dataset/fly_ball/Codex_Workstation/F_1270,1.950,2.050,2.027,1.977,2.077,qwen3.5-omni-flash,confirm,metadata_time_correction,
1137,F_1250,dataset/fly_ball/Codex_Workstation/F_1250,1.950,2.050,0.863,0.813,0.913,qwen3.5-omni-flash,confirm,metadata_time_correction,
1133,F_1246,dataset/fly_ball/Codex_Workstation/F_1246,1.790,1.890,1.872,1.822,1.922,qwen3.5-omni-flash,confirm,metadata_time_correction,
1129,F_1242,dataset/fly_ball/Codex_Workstation/F_1242,1.950,2.050,2.027,,,qwen3.5-omni-flash,reject,needs_source_recut,
1120,F_1231,dataset/fly_ball/Codex_Workstation/F_1231,0.990,1.090,1.072,1.022,1.122,qwen3.5-omni-flash,confirm,metadata_time_correction,
1119,F_1230,dataset/fly_ball/Codex_Workstation/F_1230,0.970,1.070,1.058,1.008,1.108,qwen3.5-omni-flash,confirm,metadata_time_correction,
1115,F_1226,dataset/fly_ball/Codex_Workstation/F_1226,1.950,2.050,0.377,0.327,0.427,qwen3.5-omni-flash,confirm,metadata_time_correction,
1111,F_1222,dataset/fly_ball/Codex_Workstation/F_1222,1.150,1.250,1.227,1.177,1.277,qwen3.5-omni-flash,confirm,metadata_time_correction,
1110,F_1221,dataset/fly_ball/Codex_Workstation/F_1221,1.210,1.310,1.288,1.238,1.338,qwen3.5-omni-flash,confirm,metadata_time_correction,
1106,F_1217,dataset/fly_ball/Codex_Workstation/F_1217,1.950,2.050,0.127,0.077,0.177,qwen3.5-omni-flash,confirm,metadata_time_correction,
1105,F_1216,dataset/fly_ball/Codex_Workstation/F_1216,1.950,2.050,2.023,1.973,2.073,qwen-omni-turbo,confirm,metadata_time_correction,
1103,F_1213,dataset/fly_ball/Codex_Workstation/F_1213,2.973,3.073,1.913,1.863,1.963,qwen-omni-turbo,confirm,metadata_time_correction,
1102,F_1212,dataset/fly_ball/Codex_Workstation/F_1212,1.690,1.790,1.768,1.718,1.818,qwen-omni-turbo,confirm,metadata_time_correction,
1097,F_1207,dataset/fly_ball/Codex_Workstation/F_1207,1.750,1.850,1.832,1.782,1.882,qwen-omni-turbo,confirm,metadata_time_correction,
1096,F_1206,dataset/fly_ball/Codex_Workstation/F_1206,1.950,2.050,2.023,1.973,2.073,qwen-omni-turbo,confirm,metadata_time_correction,
1095,F_1205,dataset/fly_ball/Codex_Workstation/F_1205,1.950,2.050,2.023,1.973,2.073,qwen-omni-turbo,confirm,metadata_time_correction,
1094,F_1204,dataset/fly_ball/Codex_Workstation/F_1204,1.070,1.170,1.138,1.088,1.188,qwen-omni-turbo,confirm,metadata_time_correction,
1088,F_1198,dataset/fly_ball/Codex_Workstation/F_1198,1.130,1.230,1.202,1.152,1.252,qwen-omni-turbo,confirm,metadata_time_correction,
1087,F_1197,dataset/fly_ball/Codex_Workstation/F_1197,3.877,3.977,0.728,0.678,0.778,qwen-omni-turbo,confirm,metadata_time_correction,
1086,F_1196,dataset/fly_ball/Codex_Workstation/F_1196,1.710,1.810,1.798,1.748,1.848,qwen-omni-turbo,confirm,metadata_time_correction,
1080,F_1190,dataset/fly_ball/Codex_Workstation/F_1190,1.950,2.050,2.017,1.967,2.067,qwen-omni-turbo,confirm,metadata_time_correction,
1074,F_1184,dataset/fly_ball/Codex_Workstation/F_1184,1.950,2.050,2.027,1.977,2.077,qwen3.5-omni-plus,confirm,metadata_time_correction,
1068,F_1178,dataset/fly_ball/Codex_Workstation/F_1178,1.950,2.050,0.087,0.037,0.137,qwen3.5-omni-plus,confirm,metadata_time_correction,
1064,F_1172,dataset/fly_ball/Codex_Workstation/F_1172,0.750,0.850,0.827,0.777,0.877,qwen3.5-omni-plus,confirm,metadata_time_correction,
1061,F_1169,dataset/fly_ball/Codex_Workstation/F_1169,1.950,2.050,2.023,1.973,2.073,qwen3.5-omni-plus,confirm,metadata_time_correction,
1054,F_1162,dataset/fly_ball/Codex_Workstation/F_1162,1.010,1.110,1.077,1.027,1.127,qwen3.5-omni-plus,confirm,metadata_time_correction,
1050,F_1158,dataset/fly_ball/Codex_Workstation/F_1158,1.650,1.750,1.722,1.672,1.772,qwen3.5-omni-plus,confirm,metadata_time_correction,
1049,F_1157,dataset/fly_ball/Codex_Workstation/F_1157,1.950,2.050,1.188,1.138,1.238,qwen3.5-omni-plus,confirm,metadata_time_correction,
1048,F_1156,dataset/fly_ball/Codex_Workstation/F_1156,1.810,1.910,1.878,1.828,1.928,qwen3.5-omni-plus,confirm,metadata_time_correction,
1046,F_1153,dataset/fly_ball/Codex_Workstation/F_1153,2.954,3.054,0.198,0.148,0.248,qwen3.5-omni-plus,confirm,metadata_time_correction,
1040,F_1146,dataset/fly_ball/Codex_Workstation/F_1146,1.310,1.410,1.383,1.333,1.433,qwen3.5-omni-plus,confirm,metadata_time_correction,
1038,F_1144,dataset/fly_ball/Codex_Workstation/F_1144,1.950,2.050,5.262,5.212,5.312,qwen3.5-omni-plus,confirm,metadata_time_correction,
1035,F_1141,dataset/fly_ball/Codex_Workstation/F_1141,1.950,2.050,1.058,1.008,1.108,qwen3.5-omni-plus,confirm,metadata_time_correction,
1030,F_1136,dataset/fly_ball/Codex_Workstation/F_1136,1.530,1.630,1.587,1.537,1.637,qwen3.5-omni-plus,confirm,metadata_time_correction,
1029,F_1135,dataset/fly_ball/Codex_Workstation/F_1135,1.790,1.890,1.847,1.797,1.897,qwen3.5-omni-plus,confirm,metadata_time_correction,
1028,F_1134,dataset/fly_ball/Codex_Workstation/F_1134,1.870,1.970,1.933,1.883,1.983,qwen3.5-omni-plus,confirm,metadata_time_correction,
1026,F_1132,dataset/fly_ball/Codex_Workstation/F_1132,1.970,2.070,2.037,1.987,2.087,qwen3.5-omni-plus,confirm,metadata_time_correction,
1023,F_1129,dataset/fly_ball/Codex_Workstation/F_1129,1.610,1.710,1.673,1.623,1.723,qwen3.5-omni-plus,confirm,metadata_time_correction,
1022,F_1128,dataset/fly_ball/Codex_Workstation/F_1128,5.850,5.950,1.293,1.243,1.343,qwen3.5-omni-plus,confirm,metadata_time_correction,
1019,F_1125,dataset/fly_ball/Codex_Workstation/F_1125,1.970,2.070,2.027,1.977,2.077,qwen3.5-omni-plus,confirm,metadata_time_correction,
1007,F_1110,dataset/fly_ball/Codex_Workstation/F_1110,1.950,2.050,1.222,1.172,1.272,qwen3.5-omni-plus,confirm,metadata_time_correction,
1005,F_1108,dataset/fly_ball/Codex_Workstation/F_1108,1.950,2.050,1.222,1.172,1.272,qwen3.5-omni-plus,confirm,metadata_time_correction,
969,F_1065,dataset/fly_ball/Codex_Workstation/F_1065,1.950,2.050,0.023,0.000,0.073,qwen3.5-omni-plus,confirm,metadata_time_correction,
