dataset_no,sample_id,label,collector,relative_path,event_start,event_end,region,landing_zone,strength,bounce,trajectory_type
1,F_001,fly_ball,Codex_Workstation,fly_ball/Codex_Workstation/F_001,0.940,1.040,,8,high,,fly
2,F_002,fly_ball,Codex_Workstation,fly_ball/Codex_Workstation/F_002,1.250,1.350,,9,high,,fly
3,F_003,fly_ball,Codex_Workstation,fly_ball/Codex_Workstation/F_003,1.800,1.950,,5,high,,line_drive
4,F_004,fly_ball,Codex_Workstation,fly_ball/Codex_Workstation/F_004,3.400,3.500,,8,medium,,line_drive
5,F_005,fly_ball,Codex_Workstation,fly_ball/Codex_Workstation/F_005,1.580,1.680,,7,high,,fly
6,F_006,fly_ball,Codex_Workstation,fly_ball/Codex_Workstation/F_006,0.790,0.890,,7,medium,,pop_fly
7,F_007,fly_ball,Codex_Workstation,fly_ball/Codex_Workstation/F_007,1.070,1.170,,8,medium,,line_drive
8,F_008,fly_ball,Codex_Workstation,fly_ball/Codex_Workstation/F_008,3.400,3.500,,7,high,,fly
9,F_009,fly_ball,Codex_Workstation,fly_ball/Codex_Workstation/F_009,1.830,1.930,,8,high,,line_drive
10,F_010,fly_ball,Codex_Workstation,fly_ball/Codex_Workstation/F_010,3.390,3.490,,9,medium,,line_drive
11,F_011,fly_ball,Codex_Workstation,fly_ball/Codex_Workstation/F_011,1.060,1.160,,9,medium,,fly
12,F_012,fly_ball,Codex_Workstation,fly_ball/Codex_Workstation/F_012,3.370,3.470,,7,high,,line_drive
13,F_013,fly_ball,Codex_Workstation,fly_ball/Codex_Workstation/F_013,3.300,3.400,,8,low,,pop_fly
14,F_014,fly_ball,Codex_Workstation,fly_ball/Codex_Workstation/F_014,1.090,1.190,,8,medium,,fly
15,F_015,fly_ball,Codex_Workstation,fly_ball/Codex_Workstation/F_015,0.970,1.070,,8,medium,,line_drive
16,F_016,fly_ball,Codex_Workstation,fly_ball/Codex_Workstation/F_016,3.660,3.760,,7,medium,,line_drive
17,F_017,fly_ball,Codex_Workstation,fly_ball/Codex_Workstation/F_017,1.180,1.280,,8,medium,,line_drive
18,F_018,fly_ball,Codex_Workstation,fly_ball/Codex_Workstation/F_018,1.920,2.020,,8,medium,,fly
19,F_019,fly_ball,Codex_Workstation,fly_ball/Codex_Workstation/F_019,3.980,4.120,,7,high,,line_drive
20,F_020,fly_ball,Codex_Workstation,fly_ball/Codex_Workstation/F_020,0.820,0.960,,9,high,,line_drive
21,F_021,fly_ball,Codex_Workstation,fly_ball/Codex_Workstation/F_021,1.540,1.640,,9,medium,,line_drive
22,F_022,fly_ball,Codex_Workstation,fly_ball/Codex_Workstation/F_022,3.440,3.540,,9,medium,,line_drive
23,F_023,fly_ball,Codex_Workstation,fly_ball/Codex_Workstation/F_023,2.860,2.960,,9,high,,line_drive
24,F_024,fly_ball,Codex_Workstation,fly_ball/Codex_Workstation/F_024,1.020,1.120,,9,medium,,line_drive
25,F_025,fly_ball,Codex_Workstation,fly_ball/Codex_Workstation/F_025,0.960,1.060,,8,high,,fly
26,F_026,fly_ball,Codex_Workstation,fly_ball/Codex_Workstation/F_026,2.300,2.400,,9,high,,fly
27,F_027,fly_ball,Codex_Workstation,fly_ball/Codex_Workstation/F_027,0.590,0.690,,7,medium,,line_drive
28,F_028,fly_ball,Codex_Workstation,fly_ball/Codex_Workstation/F_028,0.910,1.010,,8,high,,fly
29,F_029,fly_ball,Codex_Workstation,fly_ball/Codex_Workstation/F_029,3.170,3.270,,9,high,,line_drive
30,F_030,fly_ball,Codex_Workstation,fly_ball/Codex_Workstation/F_030,4.670,4.770,,8,medium,,line_drive
31,F_031,fly_ball,Codex_Workstation,fly_ball/Codex_Workstation/F_031,0.980,1.080,,9,medium,,line_drive
32,F_032,fly_ball,Codex_Workstation,fly_ball/Codex_Workstation/F_032,3.410,3.510,,8,medium,,line_drive
33,F_033,fly_ball,Codex_Workstation,fly_ball/Codex_Workstation/F_033,1.730,1.830,,7,medium,,line_drive
34,F_034,fly_ball,Codex_Workstation,fly_ball/Codex_Workstation/F_034,3.230,3.330,,7,high,,fly
35,F_035,fly_ball,Codex_Workstation,fly_ball/Codex_Workstation/F_035,3.170,3.270,,9,medium,,line_drive
36,F_036,fly_ball,Codex_Workstation,fly_ball/Codex_Workstation/F_036,3.410,3.510,,9,high,,line_drive
37,F_037,fly_ball,Codex_Workstation,fly_ball/Codex_Workstation/F_037,1.600,1.700,,8,high,,fly
38,F_038,fly_ball,Codex_Workstation,fly_ball/Codex_Workstation/F_038,1.680,1.780,,7,high,,line_drive
39,F_039,fly_ball,Codex_Workstation,fly_ball/Codex_Workstation/F_039,1.260,1.360,,5,medium,,line_drive
40,F_040,fly_ball,Codex_Workstation,fly_ball/Codex_Workstation/F_040,0.883,0.983,,7,low,,pop_fly
41,F_041,fly_ball,Codex_Workstation,fly_ball/Codex_Workstation/F_041,3.390,3.490,,8,high,,fly
42,F_043,fly_ball,Codex_Workstation,fly_ball/Codex_Workstation/F_043,1.700,1.800,,8,medium,,pop_fly
43,F_044,fly_ball,Codex_Workstation,fly_ball/Codex_Workstation/F_044,3.330,3.430,,8,high,,line_drive
44,F_045,fly_ball,Codex_Workstation,fly_ball/Codex_Workstation/F_045,2.080,2.180,,8,high,,line_drive
45,F_046,fly_ball,Codex_Workstation,fly_ball/Codex_Workstation/F_046,0.870,0.970,,8,medium,,fly
46,F_047,fly_ball,Codex_Workstation,fly_ball/Codex_Workstation/F_047,3.400,3.500,,7,medium,,line_drive
47,F_048,fly_ball,Codex_Workstation,fly_ball/Codex_Workstation/F_048,2.820,2.920,,8,medium,,line_drive
48,F_049,fly_ball,Codex_Workstation,fly_ball/Codex_Workstation/F_049,3.390,3.490,,7,medium,,line_drive
49,F_051,fly_ball,Codex_Workstation,fly_ball/Codex_Workstation/F_051,3.400,3.500,,8,medium,,fly
50,F_052,fly_ball,Codex_Workstation,fly_ball/Codex_Workstation/F_052,1.780,1.880,,9,medium,,fly
51,F_053,fly_ball,Codex_Workstation,fly_ball/Codex_Workstation/F_053,2.100,2.180,,5,medium,,line_drive
52,F_054,fly_ball,Codex_Workstation,fly_ball/Codex_Workstation/F_054,1.240,1.340,,9,medium,,line_drive
53,F_055,fly_ball,Codex_Workstation,fly_ball/Codex_Workstation/F_055,1.100,1.200,,9,medium,,line_drive
54,F_056,fly_ball,Codex_Workstation,fly_ball/Codex_Workstation/F_056,1.740,1.840,,4,high,,line_drive
55,F_057,fly_ball,Codex_Workstation,fly_ball/Codex_Workstation/F_057,3.270,3.420,,9,high,,line_drive
56,F_058,fly_ball,Codex_Workstation,fly_ball/Codex_Workstation/F_058,2.230,2.330,,4,high,,fly
57,F_059,fly_ball,Codex_Workstation,fly_ball/Codex_Workstation/F_059,1.340,1.440,,4,high,,line_drive
58,F_060,fly_ball,Codex_Workstation,fly_ball/Codex_Workstation/F_060,3.380,3.420,,7,medium,,line_drive
59,F_061,fly_ball,Codex_Workstation,fly_ball/Codex_Workstation/F_061,1.180,1.280,,4,medium,,fly
60,F_062,fly_ball,Codex_Workstation,fly_ball/Codex_Workstation/F_062,1.760,1.860,,4,medium,,line_drive
61,F_063,fly_ball,Codex_Workstation,fly_ball/Codex_Workstation/F_063,2.210,2.350,,4,medium,,line_drive
62,F_064,fly_ball,Codex_Workstation,fly_ball/Codex_Workstation/F_064,4.770,4.920,,1,high,,line_drive
63,F_065,fly_ball,Codex_Workstation,fly_ball/Codex_Workstation/F_065,0.970,1.070,,7,medium,,line_drive
64,F_066,fly_ball,Codex_Workstation,fly_ball/Codex_Workstation/F_066,1.870,1.970,,3,high,,line_drive
65,F_067,fly_ball,Codex_Workstation,fly_ball/Codex_Workstation/F_067,0.570,0.670,,3,high,,line_drive
66,F_068,fly_ball,Codex_Workstation,fly_ball/Codex_Workstation/F_068,3.600,3.700,,7,high,,line_drive
67,F_069,fly_ball,Codex_Workstation,fly_ball/Codex_Workstation/F_069,4.120,4.220,,7,high,,fly
68,F_070,fly_ball,Codex_Workstation,fly_ball/Codex_Workstation/F_070,3.110,3.210,,7,medium,,line_drive
69,F_071,fly_ball,Codex_Workstation,fly_ball/Codex_Workstation/F_071,1.110,1.210,,4,high,,fly
70,F_072,fly_ball,Codex_Workstation,fly_ball/Codex_Workstation/F_072,3.480,3.620,,7,medium,,fly
71,F_073,fly_ball,Codex_Workstation,fly_ball/Codex_Workstation/F_073,1.030,1.130,,3,medium,,fly
72,F_074,fly_ball,Codex_Workstation,fly_ball/Codex_Workstation/F_074,2.030,2.130,,1,medium,,line_drive
73,F_075,fly_ball,Codex_Workstation,fly_ball/Codex_Workstation/F_075,1.380,1.480,,6,high,,line_drive
74,F_076,fly_ball,Codex_Workstation,fly_ball/Codex_Workstation/F_076,1.970,2.070,,3,high,,line_drive
75,F_077,fly_ball,Codex_Workstation,fly_ball/Codex_Workstation/F_077,4.200,4.300,,1,medium,,line_drive
76,F_079,fly_ball,Codex_Workstation,fly_ball/Codex_Workstation/F_079,2.610,2.760,,3,medium,,line_drive
77,F_080,fly_ball,Codex_Workstation,fly_ball/Codex_Workstation/F_080,2.050,2.120,,8,medium,,line_drive
78,F_081,fly_ball,Codex_Workstation,fly_ball/Codex_Workstation/F_081,4.310,4.410,,5,medium,,line_drive
79,F_082,fly_ball,Codex_Workstation,fly_ball/Codex_Workstation/F_082,4.020,4.120,,8,high,,fly
80,F_083,fly_ball,Codex_Workstation,fly_ball/Codex_Workstation/F_083,1.640,1.740,,3,medium,,fly
81,F_084,fly_ball,Codex_Workstation,fly_ball/Codex_Workstation/F_084,1.500,1.600,,8,high,,line_drive
82,F_085,fly_ball,Codex_Workstation,fly_ball/Codex_Workstation/F_085,3.070,3.170,,2,medium,,pop_fly
83,F_086,fly_ball,Codex_Workstation,fly_ball/Codex_Workstation/F_086,1.170,1.270,,7,medium,,line_drive
84,F_087,fly_ball,Codex_Workstation,fly_ball/Codex_Workstation/F_087,4.180,4.280,,6,high,,fly
85,F_088,fly_ball,Codex_Workstation,fly_ball/Codex_Workstation/F_088,1.480,1.620,,7,high,,line_drive
86,F_090,fly_ball,Codex_Workstation,fly_ball/Codex_Workstation/F_090,3.390,3.490,,1,medium,,line_drive
87,F_091,fly_ball,Codex_Workstation,fly_ball/Codex_Workstation/F_091,2.160,2.260,,6,high,,fly
88,F_092,fly_ball,Codex_Workstation,fly_ball/Codex_Workstation/F_092,1.705,1.805,,4,medium,,pop_fly
89,F_093,fly_ball,Codex_Workstation,fly_ball/Codex_Workstation/F_093,1.620,1.720,,7,high,,line_drive
90,F_094,fly_ball,Codex_Workstation,fly_ball/Codex_Workstation/F_094,1.370,1.470,,4,high,,fly
91,F_095,fly_ball,Codex_Workstation,fly_ball/Codex_Workstation/F_095,3.390,3.490,,4,medium,,pop_fly
92,F_096,fly_ball,Codex_Workstation,fly_ball/Codex_Workstation/F_096,1.350,1.420,,3,medium,,line_drive
93,F_097,fly_ball,Codex_Workstation,fly_ball/Codex_Workstation/F_097,1.380,1.480,,4,medium,,line_drive
94,F_098,fly_ball,Codex_Workstation,fly_ball/Codex_Workstation/F_098,1.270,1.370,,6,medium,,line_drive
95,F_099,fly_ball,Codex_Workstation,fly_ball/Codex_Workstation/F_099,3.226,3.326,,9,high,,line_drive
96,F_100,fly_ball,Codex_Workstation,fly_ball/Codex_Workstation/F_100,2.400,2.500,,4,high,,line_drive
97,F_101,fly_ball,Codex_Workstation,fly_ball/Codex_Workstation/F_101,1.280,1.430,,2,high,,line_drive
98,F_102,fly_ball,Codex_Workstation,fly_ball/Codex_Workstation/F_102,2.560,2.660,,4,medium,,line_drive
99,F_103,fly_ball,Codex_Workstation,fly_ball/Codex_Workstation/F_103,1.410,1.510,,3,medium,,fly
100,F_104,fly_ball,Codex_Workstation,fly_ball/Codex_Workstation/F_104,1.960,2.060,,5,medium,,line_drive
101,F_105,fly_ball,Codex_Workstation,fly_ball/Codex_Workstation/F_105,0.830,0.930,,8,high,,line_drive
102,F_106,fly_ball,Codex_Workstation,fly_ball/Codex_Workstation/F_106,1.780,1.820,,8,medium,,fly
103,F_107,fly_ball,Codex_Workstation,fly_ball/Codex_Workstation/F_107,2.490,2.590,,6,high,,line_drive
104,F_108,fly_ball,Codex_Workstation,fly_ball/Codex_Workstation/F_108,0.800,0.900,,7,high,,fly
105,F_109,fly_ball,Codex_Workstation,fly_ball/Codex_Workstation/F_109,4.740,4.840,,6,medium,,fly
106,F_110,fly_ball,Codex_Workstation,fly_ball/Codex_Workstation/F_110,4.140,4.240,,8,high,,fly
107,F_111,fly_ball,Codex_Workstation,fly_ball/Codex_Workstation/F_111,1.660,1.760,,6,high,,line_drive
108,F_112,fly_ball,Codex_Workstation,fly_ball/Codex_Workstation/F_112,1.320,1.420,,3,low,,pop_fly
109,F_113,fly_ball,Codex_Workstation,fly_ball/Codex_Workstation/F_113,1.680,1.780,,1,medium,,line_drive
110,F_114,fly_ball,Codex_Workstation,fly_ball/Codex_Workstation/F_114,2.180,2.220,,7,high,,fly
111,F_115,fly_ball,Codex_Workstation,fly_ball/Codex_Workstation/F_115,0.800,0.900,,5,medium,,pop_fly
112,F_116,fly_ball,Codex_Workstation,fly_ball/Codex_Workstation/F_116,0.530,0.630,,8,medium,,pop_fly
113,F_117,fly_ball,Codex_Workstation,fly_ball/Codex_Workstation/F_117,1.840,1.940,,6,medium,,fly
114,F_118,fly_ball,Codex_Workstation,fly_ball/Codex_Workstation/F_118,2.100,2.200,,5,high,,line_drive
115,F_119,fly_ball,Codex_Workstation,fly_ball/Codex_Workstation/F_119,2.340,2.440,,6,medium,,line_drive
116,F_120,fly_ball,Codex_Workstation,fly_ball/Codex_Workstation/F_120,3.860,3.960,,7,high,,fly
117,F_121,fly_ball,Codex_Workstation,fly_ball/Codex_Workstation/F_121,1.380,1.480,,6,low,,pop_fly
118,F_123,fly_ball,Codex_Workstation,fly_ball/Codex_Workstation/F_123,0.730,0.830,,7,medium,,fly
119,F_124,fly_ball,Codex_Workstation,fly_ball/Codex_Workstation/F_124,2.670,2.770,,7,high,,fly
120,F_125,fly_ball,Codex_Workstation,fly_ball/Codex_Workstation/F_125,2.530,2.630,,6,high,,line_drive
121,F_127,fly_ball,Codex_Workstation,fly_ball/Codex_Workstation/F_127,1.320,1.420,,8,high,,fly
122,G_001,ground_ball,Codex_Workstation,ground_ball/Codex_Workstation/G_001,1.400,1.600,yes,,medium,"Full-play frames and MLB source identify the second baseman fielding the grounder; under the fixed home-to-second wedge map this is region 3, not region 4. Contact remains aligned near 1.52 s and the receiving play is below knee height.",
123,G_002,ground_ball,Codex_Workstation,ground_ball/Codex_Workstation/G_002,1.220,1.320,2,,medium,yes,
124,G_003,ground_ball,Codex_Workstation,ground_ball/Codex_Workstation/G_003,3.400,3.500,1,,medium,yes,
125,G_004,ground_ball,Codex_Workstation,ground_ball/Codex_Workstation/G_004,1.420,1.520,yes,,medium,"MLB source identifies Tyler Callihan as the pitcher; full-play frames show the comebacker on the first-base side of the home-to-second line, so region 3 replaces region 2. The visible swing and 1.47 s audio peak support the existing 1.420-1.520 interval.",
126,G_005,ground_ball,Codex_Workstation,ground_ball/Codex_Workstation/G_005,1.770,1.870,4,,low,yes,
127,G_006,ground_ball,Codex_Workstation,ground_ball/Codex_Workstation/G_006,2.460,2.560,no,,medium,Full-play and contact-neighborhood review confirms the 2.460-2.560 timing and right-field-side region 4. Bounce is locked to no under the user-defined receiving-height rule.,
128,G_007,ground_ball,Codex_Workstation,ground_ball/Codex_Workstation/G_007,0.620,0.700,3,,medium,yes,
129,G_008,ground_ball,Codex_Workstation,ground_ball/Codex_Workstation/G_008,1.800,1.900,3,,medium,yes,
130,G_009,ground_ball,Codex_Workstation,ground_ball/Codex_Workstation/G_009,0.970,1.070,1,,medium,no,
131,G_010,ground_ball,Codex_Workstation,ground_ball/Codex_Workstation/G_010,0.920,1.070,3,,medium,yes,
132,G_012,ground_ball,Codex_Workstation,ground_ball/Codex_Workstation/G_012,1.980,2.080,yes,,medium,"Contact and the 2.04 s audio peak align in the current interval. MLB source and full-play frames show a third-baseman grounder, fixing region 1; the low fielding moment supports bounce yes.",
133,G_013,ground_ball,Codex_Workstation,ground_ball/Codex_Workstation/G_013,0.910,1.010,3,,medium,yes,
134,G_014,ground_ball,Codex_Workstation,ground_ball/Codex_Workstation/G_014,1.930,2.030,4,,medium,yes,
135,G_015,ground_ball,Codex_Workstation,ground_ball/Codex_Workstation/G_015,2.590,2.690,4,,low,yes,
136,G_016,ground_ball,Codex_Workstation,ground_ball/Codex_Workstation/G_016,1.200,1.300,yes,,medium,"Contact and the 1.26 s transient align. MLB source and full-play frames show CJ Abrams fielding on the shortstop side, fixing region 2; the low backhand receiving moment supports bounce yes.",
137,G_017,ground_ball,Codex_Workstation,ground_ball/Codex_Workstation/G_017,2.080,2.180,4,,medium,yes,
138,G_018,ground_ball,Codex_Workstation,ground_ball/Codex_Workstation/G_018,1.180,1.280,2,,medium,yes,
139,G_019,ground_ball,Codex_Workstation,ground_ball/Codex_Workstation/G_019,0.970,1.010,3,,medium,yes,
140,G_020,ground_ball,Codex_Workstation,ground_ball/Codex_Workstation/G_020,3.390,3.530,3,,medium,yes,
141,G_021,ground_ball,Codex_Workstation,ground_ball/Codex_Workstation/G_021,2.880,2.980,2,,high,yes,
142,G_022,ground_ball,Codex_Workstation,ground_ball/Codex_Workstation/G_022,1.230,1.380,3,,medium,yes,
143,G_023,ground_ball,Codex_Workstation,ground_ball/Codex_Workstation/G_023,0.750,0.850,4,,medium,yes,
144,G_024,ground_ball,Codex_Workstation,ground_ball/Codex_Workstation/G_024,2.070,2.170,3,,medium,yes,
145,G_025,ground_ball,Codex_Workstation,ground_ball/Codex_Workstation/G_025,3.520,3.580,4,,medium,yes,
146,G_026,ground_ball,Codex_Workstation,ground_ball/Codex_Workstation/G_026,2.550,2.650,4,,low,yes,
147,G_027,ground_ball,Codex_Workstation,ground_ball/Codex_Workstation/G_027,1.470,1.620,2,,medium,yes,
148,G_028,ground_ball,Codex_Workstation,ground_ball/Codex_Workstation/G_028,1.450,1.550,4,,medium,yes,
149,G_029,ground_ball,Codex_Workstation,ground_ball/Codex_Workstation/G_029,1.620,1.720,2,,medium,yes,
150,G_030,ground_ball,Codex_Workstation,ground_ball/Codex_Workstation/G_030,1.730,1.830,4,,low,yes,
151,G_031,ground_ball,Codex_Workstation,ground_ball/Codex_Workstation/G_031,3.320,3.420,4,,medium,yes,
152,G_032,ground_ball,Codex_Workstation,ground_ball/Codex_Workstation/G_032,1.770,1.870,4,,medium,yes,
153,G_034,ground_ball,Codex_Workstation,ground_ball/Codex_Workstation/G_034,0.970,1.030,4,,medium,yes,
154,G_035,ground_ball,Codex_Workstation,ground_ball/Codex_Workstation/G_035,0.800,0.900,3,,low,yes,
155,G_036,ground_ball,Codex_Workstation,ground_ball/Codex_Workstation/G_036,2.080,2.180,4,,medium,yes,
156,G_037,ground_ball,Codex_Workstation,ground_ball/Codex_Workstation/G_037,2.780,2.880,4,,medium,yes,
157,G_038,ground_ball,Codex_Workstation,ground_ball/Codex_Workstation/G_038,1.880,1.980,2,,medium,yes,
158,G_039,ground_ball,Codex_Workstation,ground_ball/Codex_Workstation/G_039,2.410,2.510,4,,medium,yes,
159,G_040,ground_ball,Codex_Workstation,ground_ball/Codex_Workstation/G_040,3.470,3.620,3,,medium,yes,
160,G_041,ground_ball,Codex_Workstation,ground_ball/Codex_Workstation/G_041,0.970,1.070,4,,medium,yes,
161,G_042,ground_ball,Codex_Workstation,ground_ball/Codex_Workstation/G_042,3.380,3.420,3,,medium,yes,
162,G_043,ground_ball,Codex_Workstation,ground_ball/Codex_Workstation/G_043,0.580,0.660,1,,medium,no,
163,G_044,ground_ball,Codex_Workstation,ground_ball/Codex_Workstation/G_044,1.700,1.850,3,,medium,yes,
164,G_045,ground_ball,Codex_Workstation,ground_ball/Codex_Workstation/G_045,2.620,2.720,3,,medium,yes,
165,G_046,ground_ball,Codex_Workstation,ground_ball/Codex_Workstation/G_046,1.260,1.360,2,,medium,yes,
166,G_047,ground_ball,Codex_Workstation,ground_ball/Codex_Workstation/G_047,3.430,3.580,4,,high,no,
167,G_048,ground_ball,Codex_Workstation,ground_ball/Codex_Workstation/G_048,1.760,1.860,4,,medium,yes,
168,G_049,ground_ball,Codex_Workstation,ground_ball/Codex_Workstation/G_049,2.710,2.810,2,,medium,yes,
169,G_050,ground_ball,Codex_Workstation,ground_ball/Codex_Workstation/G_050,2.130,2.230,4,,medium,yes,
170,G_051,ground_ball,Codex_Workstation,ground_ball/Codex_Workstation/G_051,1.180,1.220,3,,medium,yes,
171,G_052,ground_ball,Codex_Workstation,ground_ball/Codex_Workstation/G_052,3.540,3.640,2,,low,yes,
172,G_053,ground_ball,Codex_Workstation,ground_ball/Codex_Workstation/G_053,0.740,0.840,4,,high,no,
173,G_054,ground_ball,Codex_Workstation,ground_ball/Codex_Workstation/G_054,1.910,2.010,4,,medium,yes,
174,G_055,ground_ball,Codex_Workstation,ground_ball/Codex_Workstation/G_055,1.140,1.240,1,,low,yes,
175,G_056,ground_ball,Codex_Workstation,ground_ball/Codex_Workstation/G_056,0.980,1.080,2,,medium,yes,
176,G_057,ground_ball,Codex_Workstation,ground_ball/Codex_Workstation/G_057,2.230,2.330,4,,medium,yes,
177,G_059,ground_ball,Codex_Workstation,ground_ball/Codex_Workstation/G_059,1.770,1.870,4,,medium,yes,
178,G_060,ground_ball,Codex_Workstation,ground_ball/Codex_Workstation/G_060,1.380,1.420,3,,medium,yes,
179,G_061,ground_ball,Codex_Workstation,ground_ball/Codex_Workstation/G_061,1.433,1.500,2,,low,yes,
180,G_062,ground_ball,Codex_Workstation,ground_ball/Codex_Workstation/G_062,2.010,2.110,4,,medium,yes,
181,G_063,ground_ball,Codex_Workstation,ground_ball/Codex_Workstation/G_063,3.470,3.570,2,,medium,yes,
182,G_064,ground_ball,Codex_Workstation,ground_ball/Codex_Workstation/G_064,0.720,0.760,2,,medium,yes,
183,G_065,ground_ball,Codex_Workstation,ground_ball/Codex_Workstation/G_065,4.850,4.950,1,,medium,yes,
184,G_066,ground_ball,Codex_Workstation,ground_ball/Codex_Workstation/G_066,3.430,3.530,3,,medium,yes,
185,G_067,ground_ball,Codex_Workstation,ground_ball/Codex_Workstation/G_067,4.630,4.730,2,,medium,yes,
186,G_068,ground_ball,Codex_Workstation,ground_ball/Codex_Workstation/G_068,2.120,2.220,1,,medium,yes,
187,G_069,ground_ball,Codex_Workstation,ground_ball/Codex_Workstation/G_069,3.320,3.420,2,,medium,yes,
188,G_070,ground_ball,Codex_Workstation,ground_ball/Codex_Workstation/G_070,2.145,2.245,2,,medium,yes,
189,G_071,ground_ball,Codex_Workstation,ground_ball/Codex_Workstation/G_071,4.590,4.720,2,,medium,yes,
190,G_072,ground_ball,Codex_Workstation,ground_ball/Codex_Workstation/G_072,3.330,3.480,1,,medium,yes,
191,G_073,ground_ball,Codex_Workstation,ground_ball/Codex_Workstation/G_073,3.450,3.550,1,,medium,yes,
192,G_074,ground_ball,Codex_Workstation,ground_ball/Codex_Workstation/G_074,3.420,3.520,2,,medium,yes,
193,G_075,ground_ball,Codex_Workstation,ground_ball/Codex_Workstation/G_075,2.470,2.570,1,,medium,yes,
194,G_076,ground_ball,Codex_Workstation,ground_ball/Codex_Workstation/G_076,2.410,2.510,4,,low,yes,
195,G_077,ground_ball,Codex_Workstation,ground_ball/Codex_Workstation/G_077,1.210,1.280,2,,medium,yes,
196,G_078,ground_ball,Codex_Workstation,ground_ball/Codex_Workstation/G_078,3.580,3.680,1,,high,yes,
197,G_079,ground_ball,Codex_Workstation,ground_ball/Codex_Workstation/G_079,3.470,3.620,1,,low,yes,
198,G_080,ground_ball,Codex_Workstation,ground_ball/Codex_Workstation/G_080,2.620,2.720,2,,medium,yes,
199,G_081,ground_ball,Codex_Workstation,ground_ball/Codex_Workstation/G_081,4.420,4.520,1,,medium,yes,
200,G_082,ground_ball,Codex_Workstation,ground_ball/Codex_Workstation/G_082,3.400,3.500,2,,medium,yes,
201,G_083,ground_ball,Codex_Workstation,ground_ball/Codex_Workstation/G_083,3.510,3.660,2,,medium,yes,
202,G_084,ground_ball,Codex_Workstation,ground_ball/Codex_Workstation/G_084,2.880,2.980,3,,low,yes,
203,G_085,ground_ball,Codex_Workstation,ground_ball/Codex_Workstation/G_085,2.580,2.680,2,,low,yes,
204,G_086,ground_ball,Codex_Workstation,ground_ball/Codex_Workstation/G_086,2.400,2.500,1,,medium,yes,
205,G_088,ground_ball,Codex_Workstation,ground_ball/Codex_Workstation/G_088,4.880,4.980,1,,medium,yes,
206,G_089,ground_ball,Codex_Workstation,ground_ball/Codex_Workstation/G_089,3.330,3.380,1,,medium,yes,
207,G_090,ground_ball,Codex_Workstation,ground_ball/Codex_Workstation/G_090,3.450,3.600,2,,medium,yes,
208,G_091,ground_ball,Codex_Workstation,ground_ball/Codex_Workstation/G_091,4.410,4.510,1,,medium,yes,
209,G_093,ground_ball,Codex_Workstation,ground_ball/Codex_Workstation/G_093,3.440,3.540,1,,medium,yes,
210,G_094,ground_ball,Codex_Workstation,ground_ball/Codex_Workstation/G_094,3.410,3.510,1,,medium,yes,
211,G_095,ground_ball,Codex_Workstation,ground_ball/Codex_Workstation/G_095,2.710,2.810,2,,medium,yes,
212,G_096,ground_ball,Codex_Workstation,ground_ball/Codex_Workstation/G_096,4.595,4.695,2,,low,yes,
213,G_097,ground_ball,Codex_Workstation,ground_ball/Codex_Workstation/G_097,4.590,4.690,1,,medium,yes,
214,G_098,ground_ball,Codex_Workstation,ground_ball/Codex_Workstation/G_098,3.490,3.590,1,,medium,yes,
215,G_100,ground_ball,Codex_Workstation,ground_ball/Codex_Workstation/G_100,4.600,4.700,3,,low,yes,
216,G_101,ground_ball,Codex_Workstation,ground_ball/Codex_Workstation/G_101,3.560,3.660,1,,high,yes,
217,G_102,ground_ball,Codex_Workstation,ground_ball/Codex_Workstation/G_102,3.600,3.700,1,,high,yes,
218,G_103,ground_ball,Codex_Workstation,ground_ball/Codex_Workstation/G_103,2.700,2.800,3,,medium,yes,
219,G_104,ground_ball,Codex_Workstation,ground_ball/Codex_Workstation/G_104,2.500,2.600,2,,medium,yes,
220,G_105,ground_ball,Codex_Workstation,ground_ball/Codex_Workstation/G_105,1.470,1.570,3,,low,yes,
221,G_106,ground_ball,Codex_Workstation,ground_ball/Codex_Workstation/G_106,2.620,2.720,1,,medium,yes,
222,G_107,ground_ball,Codex_Workstation,ground_ball/Codex_Workstation/G_107,1.730,1.830,2,,medium,yes,
223,G_108,ground_ball,Codex_Workstation,ground_ball/Codex_Workstation/G_108,0.970,1.030,2,,medium,yes,
224,G_109,ground_ball,Codex_Workstation,ground_ball/Codex_Workstation/G_109,1.310,1.410,3,,medium,no,
225,G_110,ground_ball,Codex_Workstation,ground_ball/Codex_Workstation/G_110,3.620,3.720,2,,medium,yes,
226,G_111,ground_ball,Codex_Workstation,ground_ball/Codex_Workstation/G_111,3.420,3.480,1,,medium,yes,
227,G_112,ground_ball,Codex_Workstation,ground_ball/Codex_Workstation/G_112,2.000,2.100,2,,low,yes,
228,G_113,ground_ball,Codex_Workstation,ground_ball/Codex_Workstation/G_113,2.620,2.720,1,,medium,yes,
229,G_114,ground_ball,Codex_Workstation,ground_ball/Codex_Workstation/G_114,3.750,3.850,1,,medium,yes,
230,G_115,ground_ball,Codex_Workstation,ground_ball/Codex_Workstation/G_115,1.150,1.220,4,,medium,yes,
231,G_116,ground_ball,Codex_Workstation,ground_ball/Codex_Workstation/G_116,2.400,2.500,2,,medium,yes,
232,G_117,ground_ball,Codex_Workstation,ground_ball/Codex_Workstation/G_117,3.360,3.460,3,,medium,yes,
233,G_118,ground_ball,Codex_Workstation,ground_ball/Codex_Workstation/G_118,1.035,1.135,3,,medium,yes,
234,G_119,ground_ball,Codex_Workstation,ground_ball/Codex_Workstation/G_119,1.640,1.740,4,,medium,yes,
235,G_120,ground_ball,Codex_Workstation,ground_ball/Codex_Workstation/G_120,1.190,1.290,2,,low,yes,
236,G_121,ground_ball,Codex_Workstation,ground_ball/Codex_Workstation/G_121,1.600,1.700,3,,medium,yes,
237,G_122,ground_ball,Codex_Workstation,ground_ball/Codex_Workstation/G_122,3.390,3.490,1,,medium,yes,
238,G_123,ground_ball,Codex_Workstation,ground_ball/Codex_Workstation/G_123,3.030,3.130,1,,medium,yes,
239,G_124,ground_ball,Codex_Workstation,ground_ball/Codex_Workstation/G_124,2.650,2.750,3,,medium,yes,
240,G_125,ground_ball,Codex_Workstation,ground_ball/Codex_Workstation/G_125,3.370,3.470,1,,medium,yes,
241,G_126,ground_ball,Codex_Workstation,ground_ball/Codex_Workstation/G_126,3.450,3.550,1,,low,yes,
242,G_127,ground_ball,Codex_Workstation,ground_ball/Codex_Workstation/G_127,1.080,1.180,3,,medium,yes,
243,G_128,ground_ball,Codex_Workstation,ground_ball/Codex_Workstation/G_128,3.320,3.420,1,,low,yes,
244,G_129,ground_ball,Codex_Workstation,ground_ball/Codex_Workstation/G_129,1.780,1.880,2,,medium,yes,
245,G_130,ground_ball,Codex_Workstation,ground_ball/Codex_Workstation/G_130,1.980,2.080,1,,medium,yes,
246,G_131,ground_ball,Codex_Workstation,ground_ball/Codex_Workstation/G_131,4.830,4.930,1,,medium,yes,
247,G_132,ground_ball,Codex_Workstation,ground_ball/Codex_Workstation/G_132,0.930,1.030,2,,medium,yes,
248,G_133,ground_ball,Codex_Workstation,ground_ball/Codex_Workstation/G_133,2.850,2.950,1,,medium,yes,
249,G_134,ground_ball,Codex_Workstation,ground_ball/Codex_Workstation/G_134,3.470,3.580,1,,medium,yes,
250,G_135,ground_ball,Codex_Workstation,ground_ball/Codex_Workstation/G_135,1.430,1.530,2,,high,yes,
251,G_136,ground_ball,Codex_Workstation,ground_ball/Codex_Workstation/G_136,1.650,1.750,1,,medium,yes,
252,G_137,ground_ball,Codex_Workstation,ground_ball/Codex_Workstation/G_137,3.480,3.580,1,,medium,yes,
253,G_138,ground_ball,Codex_Workstation,ground_ball/Codex_Workstation/G_138,2.610,2.710,3,,medium,yes,
254,G_139,ground_ball,Codex_Workstation,ground_ball/Codex_Workstation/G_139,1.630,1.730,1,,medium,yes,
255,G_140,ground_ball,Codex_Workstation,ground_ball/Codex_Workstation/G_140,3.330,3.430,2,,medium,yes,
256,G_141,ground_ball,Codex_Workstation,ground_ball/Codex_Workstation/G_141,3.430,3.530,1,,medium,yes,
257,G_142,ground_ball,Codex_Workstation,ground_ball/Codex_Workstation/G_142,3.910,4.010,1,,medium,yes,
258,G_143,ground_ball,Codex_Workstation,ground_ball/Codex_Workstation/G_143,3.380,3.480,4,,medium,yes,
259,G_144,ground_ball,Codex_Workstation,ground_ball/Codex_Workstation/G_144,3.540,3.640,2,,medium,yes,
260,G_145,ground_ball,Codex_Workstation,ground_ball/Codex_Workstation/G_145,1.920,2.000,3,,medium,yes,
261,G_146,ground_ball,Codex_Workstation,ground_ball/Codex_Workstation/G_146,3.460,3.560,2,,medium,yes,
262,G_147,ground_ball,Codex_Workstation,ground_ball/Codex_Workstation/G_147,1.230,1.330,4,,low,yes,
263,G_148,ground_ball,Codex_Workstation,ground_ball/Codex_Workstation/G_148,3.470,3.570,1,,medium,yes,
264,G_149,ground_ball,Codex_Workstation,ground_ball/Codex_Workstation/G_149,1.930,2.030,3,,medium,yes,
265,G_150,ground_ball,Codex_Workstation,ground_ball/Codex_Workstation/G_150,1.130,1.230,3,,medium,yes,
266,G_151,ground_ball,Codex_Workstation,ground_ball/Codex_Workstation/G_151,1.180,1.280,2,,high,yes,
267,G_152,ground_ball,Codex_Workstation,ground_ball/Codex_Workstation/G_152,2.010,2.110,2,,medium,yes,
268,G_153,ground_ball,Codex_Workstation,ground_ball/Codex_Workstation/G_153,3.420,3.520,1,,medium,yes,
269,G_154,ground_ball,Codex_Workstation,ground_ball/Codex_Workstation/G_154,3.360,3.460,4,,medium,yes,
270,G_155,ground_ball,Codex_Workstation,ground_ball/Codex_Workstation/G_155,2.460,2.560,2,,medium,yes,
271,G_156,ground_ball,Codex_Workstation,ground_ball/Codex_Workstation/G_156,2.870,2.970,3,,medium,yes,
272,G_157,ground_ball,Codex_Workstation,ground_ball/Codex_Workstation/G_157,2.200,2.300,2,,low,yes,
273,G_158,ground_ball,Codex_Workstation,ground_ball/Codex_Workstation/G_158,3.970,4.070,1,,medium,yes,
274,G_159,ground_ball,Codex_Workstation,ground_ball/Codex_Workstation/G_159,1.430,1.530,4,,medium,yes,
275,G_160,ground_ball,Codex_Workstation,ground_ball/Codex_Workstation/G_160,1.350,1.450,3,,low,yes,
276,G_161,ground_ball,Codex_Workstation,ground_ball/Codex_Workstation/G_161,3.150,3.200,2,,medium,yes,
277,G_162,ground_ball,Codex_Workstation,ground_ball/Codex_Workstation/G_162,3.380,3.480,2,,high,yes,
278,G_163,ground_ball,Codex_Workstation,ground_ball/Codex_Workstation/G_163,3.540,3.640,2,,medium,yes,
279,G_164,ground_ball,Codex_Workstation,ground_ball/Codex_Workstation/G_164,4.320,4.420,2,,medium,yes,
280,G_165,ground_ball,Codex_Workstation,ground_ball/Codex_Workstation/G_165,1.220,1.320,2,,medium,yes,
281,G_166,ground_ball,Codex_Workstation,ground_ball/Codex_Workstation/G_166,3.410,3.510,2,,medium,yes,
282,G_167,ground_ball,Codex_Workstation,ground_ball/Codex_Workstation/G_167,1.010,1.110,2,,medium,yes,
283,G_168,ground_ball,Codex_Workstation,ground_ball/Codex_Workstation/G_168,4.820,4.920,4,,medium,yes,
284,G_169,ground_ball,Codex_Workstation,ground_ball/Codex_Workstation/G_169,1.200,1.300,2,,medium,yes,
285,G_170,ground_ball,Codex_Workstation,ground_ball/Codex_Workstation/G_170,1.400,1.500,3,,medium,yes,
286,G_171,ground_ball,Codex_Workstation,ground_ball/Codex_Workstation/G_171,2.170,2.250,2,,medium,yes,
287,G_172,ground_ball,Codex_Workstation,ground_ball/Codex_Workstation/G_172,1.060,1.160,2,,medium,yes,
288,G_173,ground_ball,Codex_Workstation,ground_ball/Codex_Workstation/G_173,2.140,2.240,2,,high,yes,
289,G_174,ground_ball,Codex_Workstation,ground_ball/Codex_Workstation/G_174,3.430,3.530,1,,medium,yes,
290,G_175,ground_ball,Codex_Workstation,ground_ball/Codex_Workstation/G_175,4.540,4.640,1,,medium,yes,
291,G_176,ground_ball,Codex_Workstation,ground_ball/Codex_Workstation/G_176,2.080,2.180,1,,medium,yes,
292,G_177,ground_ball,Codex_Workstation,ground_ball/Codex_Workstation/G_177,3.100,3.200,2,,medium,yes,
293,G_178,ground_ball,Codex_Workstation,ground_ball/Codex_Workstation/G_178,1.320,1.420,2,,medium,yes,
294,G_179,ground_ball,Codex_Workstation,ground_ball/Codex_Workstation/G_179,3.020,3.120,1,,medium,yes,
295,G_180,ground_ball,Codex_Workstation,ground_ball/Codex_Workstation/G_180,1.945,2.045,2,,medium,yes,
296,G_181,ground_ball,Codex_Workstation,ground_ball/Codex_Workstation/G_181,2.680,2.780,1,,high,yes,
297,G_182,ground_ball,Codex_Workstation,ground_ball/Codex_Workstation/G_182,3.310,3.460,2,,medium,yes,
298,G_183,ground_ball,Codex_Workstation,ground_ball/Codex_Workstation/G_183,2.280,2.380,2,,medium,no,
299,G_184,ground_ball,Codex_Workstation,ground_ball/Codex_Workstation/G_184,3.130,3.230,2,,medium,yes,
300,G_185,ground_ball,Codex_Workstation,ground_ball/Codex_Workstation/G_185,4.780,4.930,2,,medium,yes,
301,G_186,ground_ball,Codex_Workstation,ground_ball/Codex_Workstation/G_186,3.470,3.580,3,,medium,yes,
302,G_187,ground_ball,Codex_Workstation,ground_ball/Codex_Workstation/G_187,3.400,3.500,1,,medium,yes,
303,G_188,ground_ball,Codex_Workstation,ground_ball/Codex_Workstation/G_188,2.100,2.200,1,,low,yes,
304,G_189,ground_ball,Codex_Workstation,ground_ball/Codex_Workstation/G_189,1.090,1.240,1,,medium,no,
305,G_190,ground_ball,Codex_Workstation,ground_ball/Codex_Workstation/G_190,0.965,1.045,3,,medium,yes,
306,G_191,ground_ball,Codex_Workstation,ground_ball/Codex_Workstation/G_191,3.400,3.500,2,,medium,yes,
307,G_192,ground_ball,Codex_Workstation,ground_ball/Codex_Workstation/G_192,3.030,3.130,1,,low,no,
308,G_193,ground_ball,Codex_Workstation,ground_ball/Codex_Workstation/G_193,1.480,1.520,1,,medium,yes,
309,G_194,ground_ball,Codex_Workstation,ground_ball/Codex_Workstation/G_194,1.000,1.100,2,,medium,no,
310,G_195,ground_ball,Codex_Workstation,ground_ball/Codex_Workstation/G_195,3.430,3.530,1,,medium,yes,
311,G_197,ground_ball,Codex_Workstation,ground_ball/Codex_Workstation/G_197,3.310,3.420,2,,medium,yes,
312,G_198,ground_ball,Codex_Workstation,ground_ball/Codex_Workstation/G_198,3.440,3.540,2,,medium,yes,
313,G_199,ground_ball,Codex_Workstation,ground_ball/Codex_Workstation/G_199,1.630,1.730,2,,medium,yes,
314,G_200,ground_ball,Codex_Workstation,ground_ball/Codex_Workstation/G_200,1.890,2.040,1,,medium,yes,
315,G_201,ground_ball,Codex_Workstation,ground_ball/Codex_Workstation/G_201,4.760,4.830,2,,low,no,
316,G_202,ground_ball,Codex_Workstation,ground_ball/Codex_Workstation/G_202,3.430,3.530,2,,medium,no,
317,G_203,ground_ball,Codex_Workstation,ground_ball/Codex_Workstation/G_203,1.830,1.930,3,,medium,yes,
318,G_204,ground_ball,Codex_Workstation,ground_ball/Codex_Workstation/G_204,2.770,2.870,2,,medium,yes,
319,G_205,ground_ball,Codex_Workstation,ground_ball/Codex_Workstation/G_205,2.400,2.500,2,,low,yes,
320,G_206,ground_ball,Codex_Workstation,ground_ball/Codex_Workstation/G_206,3.340,3.440,2,,medium,yes,
321,G_207,ground_ball,Codex_Workstation,ground_ball/Codex_Workstation/G_207,2.780,2.880,2,,high,yes,
322,G_208,ground_ball,Codex_Workstation,ground_ball/Codex_Workstation/G_208,1.730,1.830,1,,medium,yes,
323,G_209,ground_ball,Codex_Workstation,ground_ball/Codex_Workstation/G_209,0.980,1.080,2,,high,yes,
324,G_210,ground_ball,Codex_Workstation,ground_ball/Codex_Workstation/G_210,0.830,0.930,2,,medium,yes,
325,G_212,ground_ball,Codex_Workstation,ground_ball/Codex_Workstation/G_212,2.900,2.940,4,,low,yes,
326,G_213,ground_ball,Codex_Workstation,ground_ball/Codex_Workstation/G_213,2.170,2.270,1,,medium,yes,
327,G_214,ground_ball,Codex_Workstation,ground_ball/Codex_Workstation/G_214,1.680,1.780,1,,medium,yes,
328,G_216,ground_ball,Codex_Workstation,ground_ball/Codex_Workstation/G_216,2.820,2.920,3,,medium,yes,
329,G_217,ground_ball,Codex_Workstation,ground_ball/Codex_Workstation/G_217,3.590,3.690,1,,medium,yes,
330,G_218,ground_ball,Codex_Workstation,ground_ball/Codex_Workstation/G_218,3.630,3.730,1,,medium,yes,
331,G_219,ground_ball,Codex_Workstation,ground_ball/Codex_Workstation/G_219,3.170,3.270,3,,medium,yes,
332,G_220,ground_ball,Codex_Workstation,ground_ball/Codex_Workstation/G_220,3.420,3.520,3,,medium,yes,
333,G_221,ground_ball,Codex_Workstation,ground_ball/Codex_Workstation/G_221,3.180,3.220,2,,medium,yes,
334,G_222,ground_ball,Codex_Workstation,ground_ball/Codex_Workstation/G_222,2.000,2.150,2,,medium,yes,
335,G_223,ground_ball,Codex_Workstation,ground_ball/Codex_Workstation/G_223,2.410,2.510,1,,medium,yes,
336,G_224,ground_ball,Codex_Workstation,ground_ball/Codex_Workstation/G_224,1.430,1.530,3,,medium,yes,
337,G_225,ground_ball,Codex_Workstation,ground_ball/Codex_Workstation/G_225,2.840,2.940,2,,medium,yes,
338,G_226,ground_ball,Codex_Workstation,ground_ball/Codex_Workstation/G_226,2.100,2.200,3,,medium,yes,
339,G_227,ground_ball,Codex_Workstation,ground_ball/Codex_Workstation/G_227,2.460,2.560,2,,medium,yes,
340,G_228,ground_ball,Codex_Workstation,ground_ball/Codex_Workstation/G_228,2.200,2.300,1,,high,yes,
341,G_229,ground_ball,Codex_Workstation,ground_ball/Codex_Workstation/G_229,2.830,2.930,1,,medium,yes,
342,G_230,ground_ball,Codex_Workstation,ground_ball/Codex_Workstation/G_230,1.130,1.230,2,,medium,yes,
343,G_231,ground_ball,Codex_Workstation,ground_ball/Codex_Workstation/G_231,3.180,3.280,3,,medium,yes,
344,G_232,ground_ball,Codex_Workstation,ground_ball/Codex_Workstation/G_232,0.630,0.730,3,,medium,yes,
345,G_233,ground_ball,Codex_Workstation,ground_ball/Codex_Workstation/G_233,5.600,5.700,1,,medium,yes,
346,G_234,ground_ball,Codex_Workstation,ground_ball/Codex_Workstation/G_234,3.260,3.360,3,,medium,yes,
347,G_236,ground_ball,Codex_Workstation,ground_ball/Codex_Workstation/G_236,3.160,3.260,2,,medium,yes,
348,G_237,ground_ball,Codex_Workstation,ground_ball/Codex_Workstation/G_237,3.130,3.230,2,,medium,yes,
349,G_238,ground_ball,Codex_Workstation,ground_ball/Codex_Workstation/G_238,1.330,1.430,2,,medium,yes,
350,G_239,ground_ball,Codex_Workstation,ground_ball/Codex_Workstation/G_239,1.430,1.500,2,,medium,yes,
351,G_240,ground_ball,Codex_Workstation,ground_ball/Codex_Workstation/G_240,1.930,2.030,2,,medium,yes,
352,G_241,ground_ball,Codex_Workstation,ground_ball/Codex_Workstation/G_241,0.960,1.060,4,,medium,yes,
353,G_242,ground_ball,Codex_Workstation,ground_ball/Codex_Workstation/G_242,1.960,2.060,1,,medium,no,
354,G_243,ground_ball,Codex_Workstation,ground_ball/Codex_Workstation/G_243,1.580,1.680,3,,medium,yes,
355,G_244,ground_ball,Codex_Workstation,ground_ball/Codex_Workstation/G_244,1.940,2.040,1,,medium,no,
356,G_245,ground_ball,Codex_Workstation,ground_ball/Codex_Workstation/G_245,1.940,2.040,3,,medium,yes,
357,G_247,ground_ball,Codex_Workstation,ground_ball/Codex_Workstation/G_247,0.970,1.070,2,,medium,yes,
358,G_248,ground_ball,Codex_Workstation,ground_ball/Codex_Workstation/G_248,0.900,1.000,3,,medium,yes,
359,G_250,ground_ball,Codex_Workstation,ground_ball/Codex_Workstation/G_250,2.300,2.400,2,,medium,no,
360,G_252,ground_ball,Codex_Workstation,ground_ball/Codex_Workstation/G_252,1.440,1.540,2,,medium,yes,
361,G_253,ground_ball,Codex_Workstation,ground_ball/Codex_Workstation/G_253,1.580,1.680,1,,medium,yes,
362,G_254,ground_ball,Codex_Workstation,ground_ball/Codex_Workstation/G_254,1.970,2.120,2,,medium,yes,
363,G_255,ground_ball,Codex_Workstation,ground_ball/Codex_Workstation/G_255,1.330,1.430,2,,medium,yes,
364,G_256,ground_ball,Codex_Workstation,ground_ball/Codex_Workstation/G_256,0.740,0.840,2,,medium,yes,
365,G_257,ground_ball,Codex_Workstation,ground_ball/Codex_Workstation/G_257,2.030,2.100,2,,medium,yes,
366,G_258,ground_ball,Codex_Workstation,ground_ball/Codex_Workstation/G_258,1.950,2.050,2,,medium,yes,
367,G_261,ground_ball,Codex_Workstation,ground_ball/Codex_Workstation/G_261,1.100,1.200,4,,medium,yes,
368,G_262,ground_ball,Codex_Workstation,ground_ball/Codex_Workstation/G_262,1.520,1.590,1,,medium,yes,
369,G_264,ground_ball,Codex_Workstation,ground_ball/Codex_Workstation/G_264,1.830,1.930,2,,medium,yes,
370,G_265,ground_ball,Codex_Workstation,ground_ball/Codex_Workstation/G_265,1.330,1.430,2,,medium,yes,
371,G_266,ground_ball,Codex_Workstation,ground_ball/Codex_Workstation/G_266,1.800,1.900,3,,low,no,
372,G_267,ground_ball,Codex_Workstation,ground_ball/Codex_Workstation/G_267,1.940,2.040,2,,medium,yes,
373,G_268,ground_ball,Codex_Workstation,ground_ball/Codex_Workstation/G_268,1.960,2.060,1,,medium,yes,
374,G_269,ground_ball,Codex_Workstation,ground_ball/Codex_Workstation/G_269,2.000,2.100,2,,medium,no,
375,G_270,ground_ball,Codex_Workstation,ground_ball/Codex_Workstation/G_270,1.960,2.060,2,,medium,yes,
376,G_271,ground_ball,Codex_Workstation,ground_ball/Codex_Workstation/G_271,1.360,1.460,2,,medium,no,
377,G_272,ground_ball,Codex_Workstation,ground_ball/Codex_Workstation/G_272,1.140,1.240,3,,low,yes,
378,G_273,ground_ball,Codex_Workstation,ground_ball/Codex_Workstation/G_273,3.630,3.730,1,,low,yes,
379,G_274,ground_ball,Codex_Workstation,ground_ball/Codex_Workstation/G_274,1.180,1.220,2,,medium,no,
380,G_275,ground_ball,Codex_Workstation,ground_ball/Codex_Workstation/G_275,1.590,1.690,2,,medium,no,
381,G_276,ground_ball,Codex_Workstation,ground_ball/Codex_Workstation/G_276,1.930,2.030,2,,medium,yes,
382,G_277,ground_ball,Codex_Workstation,ground_ball/Codex_Workstation/G_277,1.950,2.050,4,,medium,yes,
383,G_278,ground_ball,Codex_Workstation,ground_ball/Codex_Workstation/G_278,1.950,2.050,1,,medium,yes,
384,G_280,ground_ball,Codex_Workstation,ground_ball/Codex_Workstation/G_280,1.340,1.440,3,,medium,yes,
