"sample_id","status","reason","old_path","new_path"
"F_042","manual_reject","The swing is visible, but the contact interval has no distinct broadband contact transient in the spectrogram and the local ratio is 0.84; unsuitable for the contact-sound dataset.","dataset\fly_ball\Codex_Workstation\F_042","dataset_rejected\qwen_auto_qc_20260713\dataset\fly_ball\Codex_Workstation\F_042"
"F_047","manual_review","adjudication evidence gate failed","dataset\fly_ball\Codex_Workstation\F_047","dataset_rejected\qwen_auto_qc_20260713\dataset\fly_ball\Codex_Workstation\F_047"
"F_050","manual_reject","Visible swing is present but no clear short contact transient exists near the collision; unsuitable for contact-sound dataset.","dataset\fly_ball\Codex_Workstation\F_050","dataset_rejected\qwen_auto_qc_20260713\dataset\fly_ball\Codex_Workstation\F_050"
"F_051","manual_review","adjudication evidence gate failed","dataset\fly_ball\Codex_Workstation\F_051","dataset_rejected\qwen_auto_qc_20260713\dataset\fly_ball\Codex_Workstation\F_051"
"F_053","manual_review","adjudication evidence gate failed","dataset\fly_ball\Codex_Workstation\F_053","dataset_rejected\qwen_auto_qc_20260713\dataset\fly_ball\Codex_Workstation\F_053"
"F_057","manual_review","adjudication evidence gate failed","dataset\fly_ball\Codex_Workstation\F_057","dataset_rejected\qwen_auto_qc_20260713\dataset\fly_ball\Codex_Workstation\F_057"
"F_058","manual_review","adjudication evidence gate failed","dataset\fly_ball\Codex_Workstation\F_058","dataset_rejected\qwen_auto_qc_20260713\dataset\fly_ball\Codex_Workstation\F_058"
"F_060","manual_review","adjudication evidence gate failed","dataset\fly_ball\Codex_Workstation\F_060","dataset_rejected\qwen_auto_qc_20260713\dataset\fly_ball\Codex_Workstation\F_060"
"F_063","manual_review","adjudication evidence gate failed","dataset\fly_ball\Codex_Workstation\F_063","dataset_rejected\qwen_auto_qc_20260713\dataset\fly_ball\Codex_Workstation\F_063"
"F_064","manual_review","adjudication evidence gate failed","dataset\fly_ball\Codex_Workstation\F_064","dataset_rejected\qwen_auto_qc_20260713\dataset\fly_ball\Codex_Workstation\F_064"
"F_067","manual_review","foundational audio-visual evidence gate failed","dataset\fly_ball\Codex_Workstation\F_067","dataset_rejected\qwen_auto_qc_20260713\dataset\fly_ball\Codex_Workstation\F_067"
"F_072","manual_review","adjudication evidence gate failed","dataset\fly_ball\Codex_Workstation\F_072","dataset_rejected\qwen_auto_qc_20260713\dataset\fly_ball\Codex_Workstation\F_072"
"F_075","manual_review","adjudication evidence gate failed","dataset\fly_ball\Codex_Workstation\F_075","dataset_rejected\qwen_auto_qc_20260713\dataset\fly_ball\Codex_Workstation\F_075"
"F_076","manual_review","adjudication evidence gate failed","dataset\fly_ball\Codex_Workstation\F_076","dataset_rejected\qwen_auto_qc_20260713\dataset\fly_ball\Codex_Workstation\F_076"
"F_077","manual_review","adjudication evidence gate failed","dataset\fly_ball\Codex_Workstation\F_077","dataset_rejected\qwen_auto_qc_20260713\dataset\fly_ball\Codex_Workstation\F_077"
"F_078","manual_reject","The clip begins after the actual collision; 25 fps review around the apparent 1.17 s audio peak and the labeled 2.32-2.42 s interval shows only follow-through or a camera cut, so contact is absent.","dataset\fly_ball\Codex_Workstation\F_078","dataset_rejected\qwen_auto_qc_20260713\dataset\fly_ball\Codex_Workstation\F_078"
"F_079","manual_review","adjudication evidence gate failed","dataset\fly_ball\Codex_Workstation\F_079","dataset_rejected\qwen_auto_qc_20260713\dataset\fly_ball\Codex_Workstation\F_079"
"F_080","manual_review","adjudication evidence gate failed","dataset\fly_ball\Codex_Workstation\F_080","dataset_rejected\qwen_auto_qc_20260713\dataset\fly_ball\Codex_Workstation\F_080"
"F_082","manual_review","adjudication evidence gate failed","dataset\fly_ball\Codex_Workstation\F_082","dataset_rejected\qwen_auto_qc_20260713\dataset\fly_ball\Codex_Workstation\F_082"
"F_083","manual_review","adjudication evidence gate failed","dataset\fly_ball\Codex_Workstation\F_083","dataset_rejected\qwen_auto_qc_20260713\dataset\fly_ball\Codex_Workstation\F_083"
"F_084","manual_review","adjudication evidence gate failed","dataset\fly_ball\Codex_Workstation\F_084","dataset_rejected\qwen_auto_qc_20260713\dataset\fly_ball\Codex_Workstation\F_084"
"F_086","manual_review","foundational audio-visual evidence gate failed","dataset\fly_ball\Codex_Workstation\F_086","dataset_rejected\qwen_auto_qc_20260713\dataset\fly_ball\Codex_Workstation\F_086"
"F_087","manual_review","foundational audio-visual evidence gate failed","dataset\fly_ball\Codex_Workstation\F_087","dataset_rejected\qwen_auto_qc_20260713\dataset\fly_ball\Codex_Workstation\F_087"
"F_088","manual_review","foundational audio-visual evidence gate failed","dataset\fly_ball\Codex_Workstation\F_088","dataset_rejected\qwen_auto_qc_20260713\dataset\fly_ball\Codex_Workstation\F_088"
"F_089","manual_review","foundational audio-visual evidence gate failed","dataset\fly_ball\Codex_Workstation\F_089","dataset_rejected\qwen_auto_qc_20260713\dataset\fly_ball\Codex_Workstation\F_089"
"F_091","manual_review","foundational audio-visual evidence gate failed","dataset\fly_ball\Codex_Workstation\F_091","dataset_rejected\qwen_auto_qc_20260713\dataset\fly_ball\Codex_Workstation\F_091"
"F_092","manual_review","foundational audio-visual evidence gate failed","dataset\fly_ball\Codex_Workstation\F_092","dataset_rejected\qwen_auto_qc_20260713\dataset\fly_ball\Codex_Workstation\F_092"
"F_093","manual_review","foundational audio-visual evidence gate failed","dataset\fly_ball\Codex_Workstation\F_093","dataset_rejected\qwen_auto_qc_20260713\dataset\fly_ball\Codex_Workstation\F_093"
"F_095","manual_review","foundational audio-visual evidence gate failed","dataset\fly_ball\Codex_Workstation\F_095","dataset_rejected\qwen_auto_qc_20260713\dataset\fly_ball\Codex_Workstation\F_095"
"F_096","manual_review","adjudication evidence gate failed","dataset\fly_ball\Codex_Workstation\F_096","dataset_rejected\qwen_auto_qc_20260713\dataset\fly_ball\Codex_Workstation\F_096"
"F_097","manual_review","adjudication evidence gate failed","dataset\fly_ball\Codex_Workstation\F_097","dataset_rejected\qwen_auto_qc_20260713\dataset\fly_ball\Codex_Workstation\F_097"
"F_098","manual_review","adjudication evidence gate failed","dataset\fly_ball\Codex_Workstation\F_098","dataset_rejected\qwen_auto_qc_20260713\dataset\fly_ball\Codex_Workstation\F_098"
"F_099","manual_review","adjudication evidence gate failed","dataset\fly_ball\Codex_Workstation\F_099","dataset_rejected\qwen_auto_qc_20260713\dataset\fly_ball\Codex_Workstation\F_099"
"F_100","manual_review","adjudication evidence gate failed","dataset\fly_ball\Codex_Workstation\F_100","dataset_rejected\qwen_auto_qc_20260713\dataset\fly_ball\Codex_Workstation\F_100"
"F_101","manual_review","foundational audio-visual evidence gate failed","dataset\fly_ball\Codex_Workstation\F_101","dataset_rejected\qwen_auto_qc_20260713\dataset\fly_ball\Codex_Workstation\F_101"
"F_102","manual_review","adjudication evidence gate failed","dataset\fly_ball\Codex_Workstation\F_102","dataset_rejected\qwen_auto_qc_20260713\dataset\fly_ball\Codex_Workstation\F_102"
"F_104","manual_review","adjudication evidence gate failed","dataset\fly_ball\Codex_Workstation\F_104","dataset_rejected\qwen_auto_qc_20260713\dataset\fly_ball\Codex_Workstation\F_104"
"F_105","manual_review","adjudication evidence gate failed","dataset\fly_ball\Codex_Workstation\F_105","dataset_rejected\qwen_auto_qc_20260713\dataset\fly_ball\Codex_Workstation\F_105"
"F_106","manual_review","adjudication evidence gate failed","dataset\fly_ball\Codex_Workstation\F_106","dataset_rejected\qwen_auto_qc_20260713\dataset\fly_ball\Codex_Workstation\F_106"
"F_107","manual_review","adjudication evidence gate failed","dataset\fly_ball\Codex_Workstation\F_107","dataset_rejected\qwen_auto_qc_20260713\dataset\fly_ball\Codex_Workstation\F_107"
"F_108","manual_review","adjudication evidence gate failed","dataset\fly_ball\Codex_Workstation\F_108","dataset_rejected\qwen_auto_qc_20260713\dataset\fly_ball\Codex_Workstation\F_108"
"F_110","manual_review","adjudication evidence gate failed","dataset\fly_ball\Codex_Workstation\F_110","dataset_rejected\qwen_auto_qc_20260713\dataset\fly_ball\Codex_Workstation\F_110"
"F_111","manual_review","adjudication evidence gate failed","dataset\fly_ball\Codex_Workstation\F_111","dataset_rejected\qwen_auto_qc_20260713\dataset\fly_ball\Codex_Workstation\F_111"
"F_112","manual_review","adjudication evidence gate failed","dataset\fly_ball\Codex_Workstation\F_112","dataset_rejected\qwen_auto_qc_20260713\dataset\fly_ball\Codex_Workstation\F_112"
"F_113","manual_review","adjudication evidence gate failed","dataset\fly_ball\Codex_Workstation\F_113","dataset_rejected\qwen_auto_qc_20260713\dataset\fly_ball\Codex_Workstation\F_113"
"F_114","manual_review","adjudication evidence gate failed","dataset\fly_ball\Codex_Workstation\F_114","dataset_rejected\qwen_auto_qc_20260713\dataset\fly_ball\Codex_Workstation\F_114"
"F_115","manual_review","adjudication evidence gate failed","dataset\fly_ball\Codex_Workstation\F_115","dataset_rejected\qwen_auto_qc_20260713\dataset\fly_ball\Codex_Workstation\F_115"
"F_116","manual_review","adjudication evidence gate failed","dataset\fly_ball\Codex_Workstation\F_116","dataset_rejected\qwen_auto_qc_20260713\dataset\fly_ball\Codex_Workstation\F_116"
"F_117","manual_review","adjudication evidence gate failed","dataset\fly_ball\Codex_Workstation\F_117","dataset_rejected\qwen_auto_qc_20260713\dataset\fly_ball\Codex_Workstation\F_117"
"F_118","manual_review","foundational audio-visual evidence gate failed","dataset\fly_ball\Codex_Workstation\F_118","dataset_rejected\qwen_auto_qc_20260713\dataset\fly_ball\Codex_Workstation\F_118"
"F_120","manual_review","foundational audio-visual evidence gate failed","dataset\fly_ball\Codex_Workstation\F_120","dataset_rejected\qwen_auto_qc_20260713\dataset\fly_ball\Codex_Workstation\F_120"
"F_121","manual_review","foundational audio-visual evidence gate failed","dataset\fly_ball\Codex_Workstation\F_121","dataset_rejected\qwen_auto_qc_20260713\dataset\fly_ball\Codex_Workstation\F_121"
"F_123","manual_review","foundational audio-visual evidence gate failed","dataset\fly_ball\Codex_Workstation\F_123","dataset_rejected\qwen_auto_qc_20260713\dataset\fly_ball\Codex_Workstation\F_123"
"F_124","manual_review","foundational audio-visual evidence gate failed","dataset\fly_ball\Codex_Workstation\F_124","dataset_rejected\qwen_auto_qc_20260713\dataset\fly_ball\Codex_Workstation\F_124"
"F_125","manual_review","foundational audio-visual evidence gate failed","dataset\fly_ball\Codex_Workstation\F_125","dataset_rejected\qwen_auto_qc_20260713\dataset\fly_ball\Codex_Workstation\F_125"
"F_126","manual_review","foundational audio-visual evidence gate failed","dataset\fly_ball\Codex_Workstation\F_126","dataset_rejected\qwen_auto_qc_20260713\dataset\fly_ball\Codex_Workstation\F_126"
"F_127","manual_review","foundational audio-visual evidence gate failed","dataset\fly_ball\Codex_Workstation\F_127","dataset_rejected\qwen_auto_qc_20260713\dataset\fly_ball\Codex_Workstation\F_127"
"G_002","manual_review","foundational audio-visual evidence gate failed","dataset\ground_ball\Codex_Workstation\G_002","dataset_rejected\qwen_auto_qc_20260713\dataset\ground_ball\Codex_Workstation\G_002"
"G_003","manual_review","foundational audio-visual evidence gate failed","dataset\ground_ball\Codex_Workstation\G_003","dataset_rejected\qwen_auto_qc_20260713\dataset\ground_ball\Codex_Workstation\G_003"
"G_005","manual_review","foundational audio-visual evidence gate failed","dataset\ground_ball\Codex_Workstation\G_005","dataset_rejected\qwen_auto_qc_20260713\dataset\ground_ball\Codex_Workstation\G_005"
"G_007","manual_review","foundational audio-visual evidence gate failed","dataset\ground_ball\Codex_Workstation\G_007","dataset_rejected\qwen_auto_qc_20260713\dataset\ground_ball\Codex_Workstation\G_007"
"G_008","manual_review","foundational audio-visual evidence gate failed","dataset\ground_ball\Codex_Workstation\G_008","dataset_rejected\qwen_auto_qc_20260713\dataset\ground_ball\Codex_Workstation\G_008"
"G_010","manual_review","foundational audio-visual evidence gate failed","dataset\ground_ball\Codex_Workstation\G_010","dataset_rejected\qwen_auto_qc_20260713\dataset\ground_ball\Codex_Workstation\G_010"
"G_011","manual_review","foundational audio-visual evidence gate failed","dataset\ground_ball\Codex_Workstation\G_011","dataset_rejected\qwen_auto_qc_20260713\dataset\ground_ball\Codex_Workstation\G_011"
"G_013","manual_review","foundational audio-visual evidence gate failed","dataset\ground_ball\Codex_Workstation\G_013","dataset_rejected\qwen_auto_qc_20260713\dataset\ground_ball\Codex_Workstation\G_013"
"G_014","manual_review","foundational audio-visual evidence gate failed","dataset\ground_ball\Codex_Workstation\G_014","dataset_rejected\qwen_auto_qc_20260713\dataset\ground_ball\Codex_Workstation\G_014"
"G_015","manual_review","foundational audio-visual evidence gate failed","dataset\ground_ball\Codex_Workstation\G_015","dataset_rejected\qwen_auto_qc_20260713\dataset\ground_ball\Codex_Workstation\G_015"
"G_017","manual_review","foundational audio-visual evidence gate failed","dataset\ground_ball\Codex_Workstation\G_017","dataset_rejected\qwen_auto_qc_20260713\dataset\ground_ball\Codex_Workstation\G_017"
"G_018","manual_review","foundational audio-visual evidence gate failed","dataset\ground_ball\Codex_Workstation\G_018","dataset_rejected\qwen_auto_qc_20260713\dataset\ground_ball\Codex_Workstation\G_018"
"G_019","manual_review","foundational audio-visual evidence gate failed","dataset\ground_ball\Codex_Workstation\G_019","dataset_rejected\qwen_auto_qc_20260713\dataset\ground_ball\Codex_Workstation\G_019"
"G_020","manual_review","foundational audio-visual evidence gate failed","dataset\ground_ball\Codex_Workstation\G_020","dataset_rejected\qwen_auto_qc_20260713\dataset\ground_ball\Codex_Workstation\G_020"
"G_021","manual_review","foundational audio-visual evidence gate failed","dataset\ground_ball\Codex_Workstation\G_021","dataset_rejected\qwen_auto_qc_20260713\dataset\ground_ball\Codex_Workstation\G_021"
"G_022","manual_review","foundational audio-visual evidence gate failed","dataset\ground_ball\Codex_Workstation\G_022","dataset_rejected\qwen_auto_qc_20260713\dataset\ground_ball\Codex_Workstation\G_022"
"G_023","manual_review","foundational audio-visual evidence gate failed","dataset\ground_ball\Codex_Workstation\G_023","dataset_rejected\qwen_auto_qc_20260713\dataset\ground_ball\Codex_Workstation\G_023"
"G_024","manual_review","foundational audio-visual evidence gate failed","dataset\ground_ball\Codex_Workstation\G_024","dataset_rejected\qwen_auto_qc_20260713\dataset\ground_ball\Codex_Workstation\G_024"
"G_025","manual_review","foundational audio-visual evidence gate failed","dataset\ground_ball\Codex_Workstation\G_025","dataset_rejected\qwen_auto_qc_20260713\dataset\ground_ball\Codex_Workstation\G_025"
"G_026","manual_review","foundational audio-visual evidence gate failed","dataset\ground_ball\Codex_Workstation\G_026","dataset_rejected\qwen_auto_qc_20260713\dataset\ground_ball\Codex_Workstation\G_026"
"G_027","manual_review","foundational audio-visual evidence gate failed","dataset\ground_ball\Codex_Workstation\G_027","dataset_rejected\qwen_auto_qc_20260713\dataset\ground_ball\Codex_Workstation\G_027"
"G_028","manual_review","foundational audio-visual evidence gate failed","dataset\ground_ball\Codex_Workstation\G_028","dataset_rejected\qwen_auto_qc_20260713\dataset\ground_ball\Codex_Workstation\G_028"
"G_029","manual_review","adjudication evidence gate failed","dataset\ground_ball\Codex_Workstation\G_029","dataset_rejected\qwen_auto_qc_20260713\dataset\ground_ball\Codex_Workstation\G_029"
"G_030","manual_review","adjudication evidence gate failed","dataset\ground_ball\Codex_Workstation\G_030","dataset_rejected\qwen_auto_qc_20260713\dataset\ground_ball\Codex_Workstation\G_030"
"G_031","manual_review","foundational audio-visual evidence gate failed","dataset\ground_ball\Codex_Workstation\G_031","dataset_rejected\qwen_auto_qc_20260713\dataset\ground_ball\Codex_Workstation\G_031"
"G_032","manual_review","adjudication evidence gate failed","dataset\ground_ball\Codex_Workstation\G_032","dataset_rejected\qwen_auto_qc_20260713\dataset\ground_ball\Codex_Workstation\G_032"
"G_033","manual_review","class change requires directory and sample-id migration","dataset\ground_ball\Codex_Workstation\G_033","dataset_rejected\qwen_auto_qc_20260713\dataset\ground_ball\Codex_Workstation\G_033"
"G_038","manual_review","foundational audio-visual evidence gate failed","dataset\ground_ball\Codex_Workstation\G_038","dataset_rejected\qwen_auto_qc_20260713\dataset\ground_ball\Codex_Workstation\G_038"
"G_039","manual_review","foundational audio-visual evidence gate failed","dataset\ground_ball\Codex_Workstation\G_039","dataset_rejected\qwen_auto_qc_20260713\dataset\ground_ball\Codex_Workstation\G_039"
"G_040","manual_review","foundational audio-visual evidence gate failed","dataset\ground_ball\Codex_Workstation\G_040","dataset_rejected\qwen_auto_qc_20260713\dataset\ground_ball\Codex_Workstation\G_040"
"G_041","manual_review","foundational audio-visual evidence gate failed","dataset\ground_ball\Codex_Workstation\G_041","dataset_rejected\qwen_auto_qc_20260713\dataset\ground_ball\Codex_Workstation\G_041"
"G_042","manual_review","foundational audio-visual evidence gate failed","dataset\ground_ball\Codex_Workstation\G_042","dataset_rejected\qwen_auto_qc_20260713\dataset\ground_ball\Codex_Workstation\G_042"
"G_043","manual_review","foundational audio-visual evidence gate failed","dataset\ground_ball\Codex_Workstation\G_043","dataset_rejected\qwen_auto_qc_20260713\dataset\ground_ball\Codex_Workstation\G_043"
"G_045","manual_review","foundational audio-visual evidence gate failed","dataset\ground_ball\Codex_Workstation\G_045","dataset_rejected\qwen_auto_qc_20260713\dataset\ground_ball\Codex_Workstation\G_045"
"G_046","manual_review","foundational audio-visual evidence gate failed","dataset\ground_ball\Codex_Workstation\G_046","dataset_rejected\qwen_auto_qc_20260713\dataset\ground_ball\Codex_Workstation\G_046"
"G_047","manual_review","foundational audio-visual evidence gate failed","dataset\ground_ball\Codex_Workstation\G_047","dataset_rejected\qwen_auto_qc_20260713\dataset\ground_ball\Codex_Workstation\G_047"
"G_049","manual_review","foundational audio-visual evidence gate failed","dataset\ground_ball\Codex_Workstation\G_049","dataset_rejected\qwen_auto_qc_20260713\dataset\ground_ball\Codex_Workstation\G_049"
"G_050","manual_review","foundational audio-visual evidence gate failed","dataset\ground_ball\Codex_Workstation\G_050","dataset_rejected\qwen_auto_qc_20260713\dataset\ground_ball\Codex_Workstation\G_050"
"G_051","manual_review","foundational audio-visual evidence gate failed","dataset\ground_ball\Codex_Workstation\G_051","dataset_rejected\qwen_auto_qc_20260713\dataset\ground_ball\Codex_Workstation\G_051"
"G_052","manual_review","foundational audio-visual evidence gate failed","dataset\ground_ball\Codex_Workstation\G_052","dataset_rejected\qwen_auto_qc_20260713\dataset\ground_ball\Codex_Workstation\G_052"
"G_053","manual_review","adjudication fields do not match the evidence-backed candidate","dataset\ground_ball\Codex_Workstation\G_053","dataset_rejected\qwen_auto_qc_20260713\dataset\ground_ball\Codex_Workstation\G_053"
"G_055","manual_review","foundational audio-visual evidence gate failed","dataset\ground_ball\Codex_Workstation\G_055","dataset_rejected\qwen_auto_qc_20260713\dataset\ground_ball\Codex_Workstation\G_055"
"G_056","manual_review","foundational audio-visual evidence gate failed","dataset\ground_ball\Codex_Workstation\G_056","dataset_rejected\qwen_auto_qc_20260713\dataset\ground_ball\Codex_Workstation\G_056"
"G_057","manual_review","foundational audio-visual evidence gate failed","dataset\ground_ball\Codex_Workstation\G_057","dataset_rejected\qwen_auto_qc_20260713\dataset\ground_ball\Codex_Workstation\G_057"
"G_059","manual_review","foundational audio-visual evidence gate failed","dataset\ground_ball\Codex_Workstation\G_059","dataset_rejected\qwen_auto_qc_20260713\dataset\ground_ball\Codex_Workstation\G_059"
"G_060","manual_review","foundational audio-visual evidence gate failed","dataset\ground_ball\Codex_Workstation\G_060","dataset_rejected\qwen_auto_qc_20260713\dataset\ground_ball\Codex_Workstation\G_060"
"G_061","manual_review","foundational audio-visual evidence gate failed","dataset\ground_ball\Codex_Workstation\G_061","dataset_rejected\qwen_auto_qc_20260713\dataset\ground_ball\Codex_Workstation\G_061"
"G_064","manual_review","foundational audio-visual evidence gate failed","dataset\ground_ball\Codex_Workstation\G_064","dataset_rejected\qwen_auto_qc_20260713\dataset\ground_ball\Codex_Workstation\G_064"
"G_067","manual_review","foundational audio-visual evidence gate failed","dataset\ground_ball\Codex_Workstation\G_067","dataset_rejected\qwen_auto_qc_20260713\dataset\ground_ball\Codex_Workstation\G_067"
"G_068","manual_review","foundational audio-visual evidence gate failed","dataset\ground_ball\Codex_Workstation\G_068","dataset_rejected\qwen_auto_qc_20260713\dataset\ground_ball\Codex_Workstation\G_068"
"G_070","manual_review","foundational audio-visual evidence gate failed","dataset\ground_ball\Codex_Workstation\G_070","dataset_rejected\qwen_auto_qc_20260713\dataset\ground_ball\Codex_Workstation\G_070"
"G_071","manual_review","foundational audio-visual evidence gate failed","dataset\ground_ball\Codex_Workstation\G_071","dataset_rejected\qwen_auto_qc_20260713\dataset\ground_ball\Codex_Workstation\G_071"
"G_072","manual_review","foundational audio-visual evidence gate failed","dataset\ground_ball\Codex_Workstation\G_072","dataset_rejected\qwen_auto_qc_20260713\dataset\ground_ball\Codex_Workstation\G_072"
"G_073","manual_review","foundational audio-visual evidence gate failed","dataset\ground_ball\Codex_Workstation\G_073","dataset_rejected\qwen_auto_qc_20260713\dataset\ground_ball\Codex_Workstation\G_073"
"G_074","manual_review","foundational audio-visual evidence gate failed","dataset\ground_ball\Codex_Workstation\G_074","dataset_rejected\qwen_auto_qc_20260713\dataset\ground_ball\Codex_Workstation\G_074"
"G_075","manual_review","foundational audio-visual evidence gate failed","dataset\ground_ball\Codex_Workstation\G_075","dataset_rejected\qwen_auto_qc_20260713\dataset\ground_ball\Codex_Workstation\G_075"
"G_076","manual_review","foundational audio-visual evidence gate failed","dataset\ground_ball\Codex_Workstation\G_076","dataset_rejected\qwen_auto_qc_20260713\dataset\ground_ball\Codex_Workstation\G_076"
"G_077","manual_review","foundational audio-visual evidence gate failed","dataset\ground_ball\Codex_Workstation\G_077","dataset_rejected\qwen_auto_qc_20260713\dataset\ground_ball\Codex_Workstation\G_077"
"G_079","manual_review","foundational audio-visual evidence gate failed","dataset\ground_ball\Codex_Workstation\G_079","dataset_rejected\qwen_auto_qc_20260713\dataset\ground_ball\Codex_Workstation\G_079"
"G_082","manual_review","foundational audio-visual evidence gate failed","dataset\ground_ball\Codex_Workstation\G_082","dataset_rejected\qwen_auto_qc_20260713\dataset\ground_ball\Codex_Workstation\G_082"
"G_083","manual_review","foundational audio-visual evidence gate failed","dataset\ground_ball\Codex_Workstation\G_083","dataset_rejected\qwen_auto_qc_20260713\dataset\ground_ball\Codex_Workstation\G_083"
"G_085","manual_review","adjudication fields do not match the evidence-backed candidate","dataset\ground_ball\Codex_Workstation\G_085","dataset_rejected\qwen_auto_qc_20260713\dataset\ground_ball\Codex_Workstation\G_085"
"G_086","manual_review","foundational audio-visual evidence gate failed","dataset\ground_ball\Codex_Workstation\G_086","dataset_rejected\qwen_auto_qc_20260713\dataset\ground_ball\Codex_Workstation\G_086"
"G_087","manual_review","local contact transient ratio 1.48 is below 2.00","dataset\ground_ball\Codex_Workstation\G_087","dataset_rejected\qwen_auto_qc_20260713\dataset\ground_ball\Codex_Workstation\G_087"
"G_088","manual_review","foundational audio-visual evidence gate failed","dataset\ground_ball\Codex_Workstation\G_088","dataset_rejected\qwen_auto_qc_20260713\dataset\ground_ball\Codex_Workstation\G_088"
"G_089","manual_review","foundational audio-visual evidence gate failed","dataset\ground_ball\Codex_Workstation\G_089","dataset_rejected\qwen_auto_qc_20260713\dataset\ground_ball\Codex_Workstation\G_089"
"G_090","manual_review","foundational audio-visual evidence gate failed","dataset\ground_ball\Codex_Workstation\G_090","dataset_rejected\qwen_auto_qc_20260713\dataset\ground_ball\Codex_Workstation\G_090"
"G_091","manual_review","foundational audio-visual evidence gate failed","dataset\ground_ball\Codex_Workstation\G_091","dataset_rejected\qwen_auto_qc_20260713\dataset\ground_ball\Codex_Workstation\G_091"
"G_092","manual_review","foundational audio-visual evidence gate failed","dataset\ground_ball\Codex_Workstation\G_092","dataset_rejected\qwen_auto_qc_20260713\dataset\ground_ball\Codex_Workstation\G_092"
"G_094","manual_review","foundational audio-visual evidence gate failed","dataset\ground_ball\Codex_Workstation\G_094","dataset_rejected\qwen_auto_qc_20260713\dataset\ground_ball\Codex_Workstation\G_094"
"G_097","manual_review","foundational audio-visual evidence gate failed","dataset\ground_ball\Codex_Workstation\G_097","dataset_rejected\qwen_auto_qc_20260713\dataset\ground_ball\Codex_Workstation\G_097"
"G_099","manual_review","foundational audio-visual evidence gate failed","dataset\ground_ball\Codex_Workstation\G_099","dataset_rejected\qwen_auto_qc_20260713\dataset\ground_ball\Codex_Workstation\G_099"
"G_100","manual_review","foundational audio-visual evidence gate failed","dataset\ground_ball\Codex_Workstation\G_100","dataset_rejected\qwen_auto_qc_20260713\dataset\ground_ball\Codex_Workstation\G_100"
"G_102","manual_review","foundational audio-visual evidence gate failed","dataset\ground_ball\Codex_Workstation\G_102","dataset_rejected\qwen_auto_qc_20260713\dataset\ground_ball\Codex_Workstation\G_102"
"G_103","manual_review","foundational audio-visual evidence gate failed","dataset\ground_ball\Codex_Workstation\G_103","dataset_rejected\qwen_auto_qc_20260713\dataset\ground_ball\Codex_Workstation\G_103"
"G_104","manual_review","foundational audio-visual evidence gate failed","dataset\ground_ball\Codex_Workstation\G_104","dataset_rejected\qwen_auto_qc_20260713\dataset\ground_ball\Codex_Workstation\G_104"
"G_105","manual_review","adjudication fields do not match the evidence-backed candidate","dataset\ground_ball\Codex_Workstation\G_105","dataset_rejected\qwen_auto_qc_20260713\dataset\ground_ball\Codex_Workstation\G_105"
"G_106","manual_review","foundational audio-visual evidence gate failed","dataset\ground_ball\Codex_Workstation\G_106","dataset_rejected\qwen_auto_qc_20260713\dataset\ground_ball\Codex_Workstation\G_106"
"G_109","manual_review","foundational audio-visual evidence gate failed","dataset\ground_ball\Codex_Workstation\G_109","dataset_rejected\qwen_auto_qc_20260713\dataset\ground_ball\Codex_Workstation\G_109"
"G_110","manual_review","foundational audio-visual evidence gate failed","dataset\ground_ball\Codex_Workstation\G_110","dataset_rejected\qwen_auto_qc_20260713\dataset\ground_ball\Codex_Workstation\G_110"
"G_112","manual_review","foundational audio-visual evidence gate failed","dataset\ground_ball\Codex_Workstation\G_112","dataset_rejected\qwen_auto_qc_20260713\dataset\ground_ball\Codex_Workstation\G_112"
"G_115","manual_review","foundational audio-visual evidence gate failed","dataset\ground_ball\Codex_Workstation\G_115","dataset_rejected\qwen_auto_qc_20260713\dataset\ground_ball\Codex_Workstation\G_115"
"G_117","manual_review","foundational audio-visual evidence gate failed","dataset\ground_ball\Codex_Workstation\G_117","dataset_rejected\qwen_auto_qc_20260713\dataset\ground_ball\Codex_Workstation\G_117"
"G_118","manual_review","foundational audio-visual evidence gate failed","dataset\ground_ball\Codex_Workstation\G_118","dataset_rejected\qwen_auto_qc_20260713\dataset\ground_ball\Codex_Workstation\G_118"
"G_119","manual_review","foundational audio-visual evidence gate failed","dataset\ground_ball\Codex_Workstation\G_119","dataset_rejected\qwen_auto_qc_20260713\dataset\ground_ball\Codex_Workstation\G_119"
"G_121","manual_review","foundational audio-visual evidence gate failed","dataset\ground_ball\Codex_Workstation\G_121","dataset_rejected\qwen_auto_qc_20260713\dataset\ground_ball\Codex_Workstation\G_121"
"G_124","manual_review","foundational audio-visual evidence gate failed","dataset\ground_ball\Codex_Workstation\G_124","dataset_rejected\qwen_auto_qc_20260713\dataset\ground_ball\Codex_Workstation\G_124"
"G_127","manual_review","foundational audio-visual evidence gate failed","dataset\ground_ball\Codex_Workstation\G_127","dataset_rejected\qwen_auto_qc_20260713\dataset\ground_ball\Codex_Workstation\G_127"
"G_128","manual_review","foundational audio-visual evidence gate failed","dataset\ground_ball\Codex_Workstation\G_128","dataset_rejected\qwen_auto_qc_20260713\dataset\ground_ball\Codex_Workstation\G_128"
"G_130","manual_review","foundational audio-visual evidence gate failed","dataset\ground_ball\Codex_Workstation\G_130","dataset_rejected\qwen_auto_qc_20260713\dataset\ground_ball\Codex_Workstation\G_130"
"G_133","manual_review","adjudication fields do not match the evidence-backed candidate","dataset\ground_ball\Codex_Workstation\G_133","dataset_rejected\qwen_auto_qc_20260713\dataset\ground_ball\Codex_Workstation\G_133"
"G_134","manual_review","foundational audio-visual evidence gate failed","dataset\ground_ball\Codex_Workstation\G_134","dataset_rejected\qwen_auto_qc_20260713\dataset\ground_ball\Codex_Workstation\G_134"
"G_135","manual_review","foundational audio-visual evidence gate failed","dataset\ground_ball\Codex_Workstation\G_135","dataset_rejected\qwen_auto_qc_20260713\dataset\ground_ball\Codex_Workstation\G_135"
"G_136","manual_review","foundational audio-visual evidence gate failed","dataset\ground_ball\Codex_Workstation\G_136","dataset_rejected\qwen_auto_qc_20260713\dataset\ground_ball\Codex_Workstation\G_136"
"G_138","manual_review","adjudication fields do not match the evidence-backed candidate","dataset\ground_ball\Codex_Workstation\G_138","dataset_rejected\qwen_auto_qc_20260713\dataset\ground_ball\Codex_Workstation\G_138"
"G_139","manual_review","foundational audio-visual evidence gate failed","dataset\ground_ball\Codex_Workstation\G_139","dataset_rejected\qwen_auto_qc_20260713\dataset\ground_ball\Codex_Workstation\G_139"
"G_140","manual_review","foundational audio-visual evidence gate failed","dataset\ground_ball\Codex_Workstation\G_140","dataset_rejected\qwen_auto_qc_20260713\dataset\ground_ball\Codex_Workstation\G_140"
"G_142","manual_review","foundational audio-visual evidence gate failed","dataset\ground_ball\Codex_Workstation\G_142","dataset_rejected\qwen_auto_qc_20260713\dataset\ground_ball\Codex_Workstation\G_142"
"G_143","manual_review","foundational audio-visual evidence gate failed","dataset\ground_ball\Codex_Workstation\G_143","dataset_rejected\qwen_auto_qc_20260713\dataset\ground_ball\Codex_Workstation\G_143"
"G_145","manual_review","foundational audio-visual evidence gate failed","dataset\ground_ball\Codex_Workstation\G_145","dataset_rejected\qwen_auto_qc_20260713\dataset\ground_ball\Codex_Workstation\G_145"
"G_146","manual_review","foundational audio-visual evidence gate failed","dataset\ground_ball\Codex_Workstation\G_146","dataset_rejected\qwen_auto_qc_20260713\dataset\ground_ball\Codex_Workstation\G_146"
"G_148","manual_review","foundational audio-visual evidence gate failed","dataset\ground_ball\Codex_Workstation\G_148","dataset_rejected\qwen_auto_qc_20260713\dataset\ground_ball\Codex_Workstation\G_148"
"G_150","manual_review","foundational audio-visual evidence gate failed","dataset\ground_ball\Codex_Workstation\G_150","dataset_rejected\qwen_auto_qc_20260713\dataset\ground_ball\Codex_Workstation\G_150"
"G_151","manual_review","foundational audio-visual evidence gate failed","dataset\ground_ball\Codex_Workstation\G_151","dataset_rejected\qwen_auto_qc_20260713\dataset\ground_ball\Codex_Workstation\G_151"
"G_154","manual_review","foundational audio-visual evidence gate failed","dataset\ground_ball\Codex_Workstation\G_154","dataset_rejected\qwen_auto_qc_20260713\dataset\ground_ball\Codex_Workstation\G_154"
"G_155","manual_review","foundational audio-visual evidence gate failed","dataset\ground_ball\Codex_Workstation\G_155","dataset_rejected\qwen_auto_qc_20260713\dataset\ground_ball\Codex_Workstation\G_155"
"G_156","manual_review","adjudication evidence gate failed","dataset\ground_ball\Codex_Workstation\G_156","dataset_rejected\qwen_auto_qc_20260713\dataset\ground_ball\Codex_Workstation\G_156"
"G_157","manual_review","foundational audio-visual evidence gate failed","dataset\ground_ball\Codex_Workstation\G_157","dataset_rejected\qwen_auto_qc_20260713\dataset\ground_ball\Codex_Workstation\G_157"
"G_159","manual_review","adjudication fields do not match the evidence-backed candidate","dataset\ground_ball\Codex_Workstation\G_159","dataset_rejected\qwen_auto_qc_20260713\dataset\ground_ball\Codex_Workstation\G_159"
"G_160","manual_review","foundational audio-visual evidence gate failed","dataset\ground_ball\Codex_Workstation\G_160","dataset_rejected\qwen_auto_qc_20260713\dataset\ground_ball\Codex_Workstation\G_160"
"G_161","manual_review","foundational audio-visual evidence gate failed","dataset\ground_ball\Codex_Workstation\G_161","dataset_rejected\qwen_auto_qc_20260713\dataset\ground_ball\Codex_Workstation\G_161"
"G_163","manual_review","foundational audio-visual evidence gate failed","dataset\ground_ball\Codex_Workstation\G_163","dataset_rejected\qwen_auto_qc_20260713\dataset\ground_ball\Codex_Workstation\G_163"
"G_166","manual_review","foundational audio-visual evidence gate failed","dataset\ground_ball\Codex_Workstation\G_166","dataset_rejected\qwen_auto_qc_20260713\dataset\ground_ball\Codex_Workstation\G_166"
"G_168","manual_review","foundational audio-visual evidence gate failed","dataset\ground_ball\Codex_Workstation\G_168","dataset_rejected\qwen_auto_qc_20260713\dataset\ground_ball\Codex_Workstation\G_168"
"G_169","manual_review","foundational audio-visual evidence gate failed","dataset\ground_ball\Codex_Workstation\G_169","dataset_rejected\qwen_auto_qc_20260713\dataset\ground_ball\Codex_Workstation\G_169"
"G_170","manual_review","foundational audio-visual evidence gate failed","dataset\ground_ball\Codex_Workstation\G_170","dataset_rejected\qwen_auto_qc_20260713\dataset\ground_ball\Codex_Workstation\G_170"
"G_172","manual_review","foundational audio-visual evidence gate failed","dataset\ground_ball\Codex_Workstation\G_172","dataset_rejected\qwen_auto_qc_20260713\dataset\ground_ball\Codex_Workstation\G_172"
"G_173","manual_review","foundational audio-visual evidence gate failed","dataset\ground_ball\Codex_Workstation\G_173","dataset_rejected\qwen_auto_qc_20260713\dataset\ground_ball\Codex_Workstation\G_173"
"G_174","manual_review","adjudication evidence gate failed","dataset\ground_ball\Codex_Workstation\G_174","dataset_rejected\qwen_auto_qc_20260713\dataset\ground_ball\Codex_Workstation\G_174"
"G_175","manual_review","foundational audio-visual evidence gate failed","dataset\ground_ball\Codex_Workstation\G_175","dataset_rejected\qwen_auto_qc_20260713\dataset\ground_ball\Codex_Workstation\G_175"
"G_177","manual_review","foundational audio-visual evidence gate failed","dataset\ground_ball\Codex_Workstation\G_177","dataset_rejected\qwen_auto_qc_20260713\dataset\ground_ball\Codex_Workstation\G_177"
"G_178","manual_review","foundational audio-visual evidence gate failed","dataset\ground_ball\Codex_Workstation\G_178","dataset_rejected\qwen_auto_qc_20260713\dataset\ground_ball\Codex_Workstation\G_178"
"G_179","manual_review","foundational audio-visual evidence gate failed","dataset\ground_ball\Codex_Workstation\G_179","dataset_rejected\qwen_auto_qc_20260713\dataset\ground_ball\Codex_Workstation\G_179"
"G_181","manual_review","foundational audio-visual evidence gate failed","dataset\ground_ball\Codex_Workstation\G_181","dataset_rejected\qwen_auto_qc_20260713\dataset\ground_ball\Codex_Workstation\G_181"
"G_182","manual_review","foundational audio-visual evidence gate failed","dataset\ground_ball\Codex_Workstation\G_182","dataset_rejected\qwen_auto_qc_20260713\dataset\ground_ball\Codex_Workstation\G_182"
"G_184","manual_review","foundational audio-visual evidence gate failed","dataset\ground_ball\Codex_Workstation\G_184","dataset_rejected\qwen_auto_qc_20260713\dataset\ground_ball\Codex_Workstation\G_184"
"G_186","manual_review","adjudication fields do not match the evidence-backed candidate","dataset\ground_ball\Codex_Workstation\G_186","dataset_rejected\qwen_auto_qc_20260713\dataset\ground_ball\Codex_Workstation\G_186"
"G_187","manual_review","foundational audio-visual evidence gate failed","dataset\ground_ball\Codex_Workstation\G_187","dataset_rejected\qwen_auto_qc_20260713\dataset\ground_ball\Codex_Workstation\G_187"
"G_188","manual_review","foundational audio-visual evidence gate failed","dataset\ground_ball\Codex_Workstation\G_188","dataset_rejected\qwen_auto_qc_20260713\dataset\ground_ball\Codex_Workstation\G_188"
"G_189","manual_review","foundational audio-visual evidence gate failed","dataset\ground_ball\Codex_Workstation\G_189","dataset_rejected\qwen_auto_qc_20260713\dataset\ground_ball\Codex_Workstation\G_189"
"G_190","manual_review","foundational audio-visual evidence gate failed","dataset\ground_ball\Codex_Workstation\G_190","dataset_rejected\qwen_auto_qc_20260713\dataset\ground_ball\Codex_Workstation\G_190"
"G_192","manual_review","foundational audio-visual evidence gate failed","dataset\ground_ball\Codex_Workstation\G_192","dataset_rejected\qwen_auto_qc_20260713\dataset\ground_ball\Codex_Workstation\G_192"
"G_193","manual_review","foundational audio-visual evidence gate failed","dataset\ground_ball\Codex_Workstation\G_193","dataset_rejected\qwen_auto_qc_20260713\dataset\ground_ball\Codex_Workstation\G_193"
"G_195","manual_review","foundational audio-visual evidence gate failed","dataset\ground_ball\Codex_Workstation\G_195","dataset_rejected\qwen_auto_qc_20260713\dataset\ground_ball\Codex_Workstation\G_195"
"G_196","manual_review","foundational audio-visual evidence gate failed","dataset\ground_ball\Codex_Workstation\G_196","dataset_rejected\qwen_auto_qc_20260713\dataset\ground_ball\Codex_Workstation\G_196"
"G_198","manual_review","foundational audio-visual evidence gate failed","dataset\ground_ball\Codex_Workstation\G_198","dataset_rejected\qwen_auto_qc_20260713\dataset\ground_ball\Codex_Workstation\G_198"
"G_199","manual_review","foundational audio-visual evidence gate failed","dataset\ground_ball\Codex_Workstation\G_199","dataset_rejected\qwen_auto_qc_20260713\dataset\ground_ball\Codex_Workstation\G_199"
"G_200","manual_review","foundational audio-visual evidence gate failed","dataset\ground_ball\Codex_Workstation\G_200","dataset_rejected\qwen_auto_qc_20260713\dataset\ground_ball\Codex_Workstation\G_200"
"G_201","manual_review","adjudication evidence gate failed","dataset\ground_ball\Codex_Workstation\G_201","dataset_rejected\qwen_auto_qc_20260713\dataset\ground_ball\Codex_Workstation\G_201"
"G_203","manual_review","foundational audio-visual evidence gate failed","dataset\ground_ball\Codex_Workstation\G_203","dataset_rejected\qwen_auto_qc_20260713\dataset\ground_ball\Codex_Workstation\G_203"
"G_204","manual_review","foundational audio-visual evidence gate failed","dataset\ground_ball\Codex_Workstation\G_204","dataset_rejected\qwen_auto_qc_20260713\dataset\ground_ball\Codex_Workstation\G_204"
"G_205","manual_review","adjudication evidence gate failed","dataset\ground_ball\Codex_Workstation\G_205","dataset_rejected\qwen_auto_qc_20260713\dataset\ground_ball\Codex_Workstation\G_205"
"G_206","manual_review","foundational audio-visual evidence gate failed","dataset\ground_ball\Codex_Workstation\G_206","dataset_rejected\qwen_auto_qc_20260713\dataset\ground_ball\Codex_Workstation\G_206"
"G_207","manual_review","foundational audio-visual evidence gate failed","dataset\ground_ball\Codex_Workstation\G_207","dataset_rejected\qwen_auto_qc_20260713\dataset\ground_ball\Codex_Workstation\G_207"
"G_209","manual_review","foundational audio-visual evidence gate failed","dataset\ground_ball\Codex_Workstation\G_209","dataset_rejected\qwen_auto_qc_20260713\dataset\ground_ball\Codex_Workstation\G_209"
"G_210","manual_review","foundational audio-visual evidence gate failed","dataset\ground_ball\Codex_Workstation\G_210","dataset_rejected\qwen_auto_qc_20260713\dataset\ground_ball\Codex_Workstation\G_210"
"G_211","manual_review","foundational audio-visual evidence gate failed","dataset\ground_ball\Codex_Workstation\G_211","dataset_rejected\qwen_auto_qc_20260713\dataset\ground_ball\Codex_Workstation\G_211"
"G_212","manual_review","adjudication fields do not match the evidence-backed candidate","dataset\ground_ball\Codex_Workstation\G_212","dataset_rejected\qwen_auto_qc_20260713\dataset\ground_ball\Codex_Workstation\G_212"
"G_213","manual_review","foundational audio-visual evidence gate failed","dataset\ground_ball\Codex_Workstation\G_213","dataset_rejected\qwen_auto_qc_20260713\dataset\ground_ball\Codex_Workstation\G_213"
"G_214","manual_review","foundational audio-visual evidence gate failed","dataset\ground_ball\Codex_Workstation\G_214","dataset_rejected\qwen_auto_qc_20260713\dataset\ground_ball\Codex_Workstation\G_214"
"G_216","manual_review","foundational audio-visual evidence gate failed","dataset\ground_ball\Codex_Workstation\G_216","dataset_rejected\qwen_auto_qc_20260713\dataset\ground_ball\Codex_Workstation\G_216"
"G_217","manual_review","foundational audio-visual evidence gate failed","dataset\ground_ball\Codex_Workstation\G_217","dataset_rejected\qwen_auto_qc_20260713\dataset\ground_ball\Codex_Workstation\G_217"
"G_219","manual_review","foundational audio-visual evidence gate failed","dataset\ground_ball\Codex_Workstation\G_219","dataset_rejected\qwen_auto_qc_20260713\dataset\ground_ball\Codex_Workstation\G_219"
"G_220","manual_review","foundational audio-visual evidence gate failed","dataset\ground_ball\Codex_Workstation\G_220","dataset_rejected\qwen_auto_qc_20260713\dataset\ground_ball\Codex_Workstation\G_220"
"G_221","manual_review","foundational audio-visual evidence gate failed","dataset\ground_ball\Codex_Workstation\G_221","dataset_rejected\qwen_auto_qc_20260713\dataset\ground_ball\Codex_Workstation\G_221"
"G_223","manual_review","foundational audio-visual evidence gate failed","dataset\ground_ball\Codex_Workstation\G_223","dataset_rejected\qwen_auto_qc_20260713\dataset\ground_ball\Codex_Workstation\G_223"
"G_224","manual_review","foundational audio-visual evidence gate failed","dataset\ground_ball\Codex_Workstation\G_224","dataset_rejected\qwen_auto_qc_20260713\dataset\ground_ball\Codex_Workstation\G_224"
"G_225","manual_review","foundational audio-visual evidence gate failed","dataset\ground_ball\Codex_Workstation\G_225","dataset_rejected\qwen_auto_qc_20260713\dataset\ground_ball\Codex_Workstation\G_225"
"G_226","manual_review","foundational audio-visual evidence gate failed","dataset\ground_ball\Codex_Workstation\G_226","dataset_rejected\qwen_auto_qc_20260713\dataset\ground_ball\Codex_Workstation\G_226"
"G_227","manual_review","foundational audio-visual evidence gate failed","dataset\ground_ball\Codex_Workstation\G_227","dataset_rejected\qwen_auto_qc_20260713\dataset\ground_ball\Codex_Workstation\G_227"
"G_228","manual_review","local contact transient ratio 1.64 is below 2.00","dataset\ground_ball\Codex_Workstation\G_228","dataset_rejected\qwen_auto_qc_20260713\dataset\ground_ball\Codex_Workstation\G_228"
"G_229","manual_review","foundational audio-visual evidence gate failed","dataset\ground_ball\Codex_Workstation\G_229","dataset_rejected\qwen_auto_qc_20260713\dataset\ground_ball\Codex_Workstation\G_229"
"G_230","manual_review","foundational audio-visual evidence gate failed","dataset\ground_ball\Codex_Workstation\G_230","dataset_rejected\qwen_auto_qc_20260713\dataset\ground_ball\Codex_Workstation\G_230"
"G_231","manual_review","foundational audio-visual evidence gate failed","dataset\ground_ball\Codex_Workstation\G_231","dataset_rejected\qwen_auto_qc_20260713\dataset\ground_ball\Codex_Workstation\G_231"
"G_232","manual_review","local contact transient ratio 0.30 is below 2.00","dataset\ground_ball\Codex_Workstation\G_232","dataset_rejected\qwen_auto_qc_20260713\dataset\ground_ball\Codex_Workstation\G_232"
"G_233","manual_review","foundational audio-visual evidence gate failed","dataset\ground_ball\Codex_Workstation\G_233","dataset_rejected\qwen_auto_qc_20260713\dataset\ground_ball\Codex_Workstation\G_233"
"G_234","manual_review","foundational audio-visual evidence gate failed","dataset\ground_ball\Codex_Workstation\G_234","dataset_rejected\qwen_auto_qc_20260713\dataset\ground_ball\Codex_Workstation\G_234"
"G_235","manual_review","foundational audio-visual evidence gate failed","dataset\ground_ball\Codex_Workstation\G_235","dataset_rejected\qwen_auto_qc_20260713\dataset\ground_ball\Codex_Workstation\G_235"
"G_236","manual_review","foundational audio-visual evidence gate failed","dataset\ground_ball\Codex_Workstation\G_236","dataset_rejected\qwen_auto_qc_20260713\dataset\ground_ball\Codex_Workstation\G_236"
"G_238","manual_review","foundational audio-visual evidence gate failed","dataset\ground_ball\Codex_Workstation\G_238","dataset_rejected\qwen_auto_qc_20260713\dataset\ground_ball\Codex_Workstation\G_238"
"G_239","manual_review","foundational audio-visual evidence gate failed","dataset\ground_ball\Codex_Workstation\G_239","dataset_rejected\qwen_auto_qc_20260713\dataset\ground_ball\Codex_Workstation\G_239"
"G_240","manual_review","foundational audio-visual evidence gate failed","dataset\ground_ball\Codex_Workstation\G_240","dataset_rejected\qwen_auto_qc_20260713\dataset\ground_ball\Codex_Workstation\G_240"
"G_241","manual_review","foundational audio-visual evidence gate failed","dataset\ground_ball\Codex_Workstation\G_241","dataset_rejected\qwen_auto_qc_20260713\dataset\ground_ball\Codex_Workstation\G_241"
"G_243","manual_review","foundational audio-visual evidence gate failed","dataset\ground_ball\Codex_Workstation\G_243","dataset_rejected\qwen_auto_qc_20260713\dataset\ground_ball\Codex_Workstation\G_243"
"G_244","manual_review","foundational audio-visual evidence gate failed","dataset\ground_ball\Codex_Workstation\G_244","dataset_rejected\qwen_auto_qc_20260713\dataset\ground_ball\Codex_Workstation\G_244"
"G_245","manual_review","foundational audio-visual evidence gate failed","dataset\ground_ball\Codex_Workstation\G_245","dataset_rejected\qwen_auto_qc_20260713\dataset\ground_ball\Codex_Workstation\G_245"
"G_247","manual_review","foundational audio-visual evidence gate failed","dataset\ground_ball\Codex_Workstation\G_247","dataset_rejected\qwen_auto_qc_20260713\dataset\ground_ball\Codex_Workstation\G_247"
"G_248","manual_review","foundational audio-visual evidence gate failed","dataset\ground_ball\Codex_Workstation\G_248","dataset_rejected\qwen_auto_qc_20260713\dataset\ground_ball\Codex_Workstation\G_248"
"G_249","manual_review","foundational audio-visual evidence gate failed","dataset\ground_ball\Codex_Workstation\G_249","dataset_rejected\qwen_auto_qc_20260713\dataset\ground_ball\Codex_Workstation\G_249"
"G_250","manual_review","local contact transient ratio 0.54 is below 2.00","dataset\ground_ball\Codex_Workstation\G_250","dataset_rejected\qwen_auto_qc_20260713\dataset\ground_ball\Codex_Workstation\G_250"
"G_251","manual_review","foundational audio-visual evidence gate failed","dataset\ground_ball\Codex_Workstation\G_251","dataset_rejected\qwen_auto_qc_20260713\dataset\ground_ball\Codex_Workstation\G_251"
"G_252","manual_review","foundational audio-visual evidence gate failed","dataset\ground_ball\Codex_Workstation\G_252","dataset_rejected\qwen_auto_qc_20260713\dataset\ground_ball\Codex_Workstation\G_252"
"G_253","manual_review","foundational audio-visual evidence gate failed","dataset\ground_ball\Codex_Workstation\G_253","dataset_rejected\qwen_auto_qc_20260713\dataset\ground_ball\Codex_Workstation\G_253"
"G_256","manual_review","foundational audio-visual evidence gate failed","dataset\ground_ball\Codex_Workstation\G_256","dataset_rejected\qwen_auto_qc_20260713\dataset\ground_ball\Codex_Workstation\G_256"
"G_259","manual_review","foundational audio-visual evidence gate failed","dataset\ground_ball\Codex_Workstation\G_259","dataset_rejected\qwen_auto_qc_20260713\dataset\ground_ball\Codex_Workstation\G_259"
"G_260","manual_review","foundational audio-visual evidence gate failed","dataset\ground_ball\Codex_Workstation\G_260","dataset_rejected\qwen_auto_qc_20260713\dataset\ground_ball\Codex_Workstation\G_260"
"G_261","manual_review","foundational audio-visual evidence gate failed","dataset\ground_ball\Codex_Workstation\G_261","dataset_rejected\qwen_auto_qc_20260713\dataset\ground_ball\Codex_Workstation\G_261"
"G_262","manual_review","foundational audio-visual evidence gate failed","dataset\ground_ball\Codex_Workstation\G_262","dataset_rejected\qwen_auto_qc_20260713\dataset\ground_ball\Codex_Workstation\G_262"
"G_263","manual_review","foundational audio-visual evidence gate failed","dataset\ground_ball\Codex_Workstation\G_263","dataset_rejected\qwen_auto_qc_20260713\dataset\ground_ball\Codex_Workstation\G_263"
"G_265","manual_review","foundational audio-visual evidence gate failed","dataset\ground_ball\Codex_Workstation\G_265","dataset_rejected\qwen_auto_qc_20260713\dataset\ground_ball\Codex_Workstation\G_265"
"G_266","manual_review","foundational audio-visual evidence gate failed","dataset\ground_ball\Codex_Workstation\G_266","dataset_rejected\qwen_auto_qc_20260713\dataset\ground_ball\Codex_Workstation\G_266"
"G_268","manual_review","foundational audio-visual evidence gate failed","dataset\ground_ball\Codex_Workstation\G_268","dataset_rejected\qwen_auto_qc_20260713\dataset\ground_ball\Codex_Workstation\G_268"
"G_269","manual_review","foundational audio-visual evidence gate failed","dataset\ground_ball\Codex_Workstation\G_269","dataset_rejected\qwen_auto_qc_20260713\dataset\ground_ball\Codex_Workstation\G_269"
"G_270","manual_review","foundational audio-visual evidence gate failed","dataset\ground_ball\Codex_Workstation\G_270","dataset_rejected\qwen_auto_qc_20260713\dataset\ground_ball\Codex_Workstation\G_270"
"G_272","manual_review","foundational audio-visual evidence gate failed","dataset\ground_ball\Codex_Workstation\G_272","dataset_rejected\qwen_auto_qc_20260713\dataset\ground_ball\Codex_Workstation\G_272"
"G_273","manual_review","foundational audio-visual evidence gate failed","dataset\ground_ball\Codex_Workstation\G_273","dataset_rejected\qwen_auto_qc_20260713\dataset\ground_ball\Codex_Workstation\G_273"
"G_274","manual_review","local contact transient ratio 1.96 is below 2.00","dataset\ground_ball\Codex_Workstation\G_274","dataset_rejected\qwen_auto_qc_20260713\dataset\ground_ball\Codex_Workstation\G_274"
"G_279","manual_review","foundational audio-visual evidence gate failed","dataset\ground_ball\Codex_Workstation\G_279","dataset_rejected\qwen_auto_qc_20260713\dataset\ground_ball\Codex_Workstation\G_279"
