sample_id,sample_path,label,timing_status,semantics_status,adjudication_status,final_status,reviewed_stages,notes
F_042,dataset_rejected\qwen_auto_qc_20260713\dataset\fly_ball\Codex_Workstation\F_042,fly_ball,correct,correct,accept_correction,manual_review,"timing,semantics,adjudication",Qwen results are proposals until applied by the separate reconciliation step.
F_047,dataset_rejected\qwen_auto_qc_20260713\dataset\fly_ball\Codex_Workstation\F_047,fly_ball,correct,correct,accept_correction,manual_review,"timing,semantics,adjudication",Qwen results are proposals until applied by the separate reconciliation step.
F_050,dataset_rejected\qwen_auto_qc_20260713\dataset\fly_ball\Codex_Workstation\F_050,fly_ball,review,correct,accept_correction,manual_review,"timing,semantics,adjudication",Qwen results are proposals until applied by the separate reconciliation step.
F_051,dataset_rejected\qwen_auto_qc_20260713\dataset\fly_ball\Codex_Workstation\F_051,fly_ball,correct,pass,accept_correction,manual_review,"timing,semantics,adjudication",Qwen results are proposals until applied by the separate reconciliation step.
F_053,dataset_rejected\qwen_auto_qc_20260713\dataset\fly_ball\Codex_Workstation\F_053,fly_ball,correct,correct,accept_correction,auto_accepted,"timing,semantics,adjudication",Qwen results are proposals until applied by the separate reconciliation step.
F_057,dataset_rejected\qwen_auto_qc_20260713\dataset\fly_ball\Codex_Workstation\F_057,fly_ball,correct,correct,accept_correction,auto_accepted,"timing,semantics,adjudication",Qwen results are proposals until applied by the separate reconciliation step.
F_058,dataset_rejected\qwen_auto_qc_20260713\dataset\fly_ball\Codex_Workstation\F_058,fly_ball,correct,correct,accept_correction,manual_review,"timing,semantics,adjudication",Qwen results are proposals until applied by the separate reconciliation step.
F_060,dataset_rejected\qwen_auto_qc_20260713\dataset\fly_ball\Codex_Workstation\F_060,fly_ball,correct,correct,accept_correction,auto_accepted,"timing,semantics,adjudication",Qwen results are proposals until applied by the separate reconciliation step.
F_063,dataset_rejected\qwen_auto_qc_20260713\dataset\fly_ball\Codex_Workstation\F_063,fly_ball,correct,correct,accept_correction,auto_accepted,"timing,semantics,adjudication",Qwen results are proposals until applied by the separate reconciliation step.
F_064,dataset_rejected\qwen_auto_qc_20260713\dataset\fly_ball\Codex_Workstation\F_064,fly_ball,correct,correct,accept_correction,auto_accepted,"timing,semantics,adjudication",Qwen results are proposals until applied by the separate reconciliation step.
F_067,dataset_rejected\qwen_auto_qc_20260713\dataset\fly_ball\Codex_Workstation\F_067,fly_ball,correct,correct,accept_correction,manual_review,"timing,semantics,adjudication",Qwen results are proposals until applied by the separate reconciliation step.
F_072,dataset_rejected\qwen_auto_qc_20260713\dataset\fly_ball\Codex_Workstation\F_072,fly_ball,correct,correct,accept_correction,auto_accepted,"timing,semantics,adjudication",Qwen results are proposals until applied by the separate reconciliation step.
F_075,dataset_rejected\qwen_auto_qc_20260713\dataset\fly_ball\Codex_Workstation\F_075,fly_ball,review,correct,accept_correction,manual_review,"timing,semantics,adjudication",Qwen results are proposals until applied by the separate reconciliation step.
F_076,dataset_rejected\qwen_auto_qc_20260713\dataset\fly_ball\Codex_Workstation\F_076,fly_ball,correct,correct,accept_correction,manual_review,"timing,semantics,adjudication",Qwen results are proposals until applied by the separate reconciliation step.
F_077,dataset_rejected\qwen_auto_qc_20260713\dataset\fly_ball\Codex_Workstation\F_077,fly_ball,correct,pass,accept_correction,manual_review,"timing,semantics,adjudication",Qwen results are proposals until applied by the separate reconciliation step.
F_078,dataset_rejected\qwen_auto_qc_20260713\dataset\fly_ball\Codex_Workstation\F_078,fly_ball,correct,correct,accept_correction,auto_accepted,"timing,semantics,adjudication",Qwen results are proposals until applied by the separate reconciliation step.
F_079,dataset_rejected\qwen_auto_qc_20260713\dataset\fly_ball\Codex_Workstation\F_079,fly_ball,correct,correct,accept_correction,auto_accepted,"timing,semantics,adjudication",Qwen results are proposals until applied by the separate reconciliation step.
F_080,dataset_rejected\qwen_auto_qc_20260713\dataset\fly_ball\Codex_Workstation\F_080,fly_ball,correct,correct,accept_correction,auto_accepted,"timing,semantics,adjudication",Qwen results are proposals until applied by the separate reconciliation step.
F_082,dataset_rejected\qwen_auto_qc_20260713\dataset\fly_ball\Codex_Workstation\F_082,fly_ball,review,correct,accept_correction,manual_review,"timing,semantics,adjudication",Qwen results are proposals until applied by the separate reconciliation step.
F_083,dataset_rejected\qwen_auto_qc_20260713\dataset\fly_ball\Codex_Workstation\F_083,fly_ball,correct,correct,accept_correction,auto_accepted,"timing,semantics,adjudication",Qwen results are proposals until applied by the separate reconciliation step.
F_084,dataset_rejected\qwen_auto_qc_20260713\dataset\fly_ball\Codex_Workstation\F_084,fly_ball,review,correct,accept_correction,manual_review,"timing,semantics,adjudication",Qwen results are proposals until applied by the separate reconciliation step.
F_086,dataset_rejected\qwen_auto_qc_20260713\dataset\fly_ball\Codex_Workstation\F_086,fly_ball,correct,pass,accept_correction,manual_review,"timing,semantics,adjudication",Qwen results are proposals until applied by the separate reconciliation step.
F_087,dataset_rejected\qwen_auto_qc_20260713\dataset\fly_ball\Codex_Workstation\F_087,fly_ball,correct,correct,accept_correction,auto_accepted,"timing,semantics,adjudication",Qwen results are proposals until applied by the separate reconciliation step.
F_088,dataset_rejected\qwen_auto_qc_20260713\dataset\fly_ball\Codex_Workstation\F_088,fly_ball,correct,correct,accept_correction,auto_accepted,"timing,semantics,adjudication",Qwen results are proposals until applied by the separate reconciliation step.
F_089,dataset_rejected\qwen_auto_qc_20260713\dataset\fly_ball\Codex_Workstation\F_089,fly_ball,review,reject,accept_correction,manual_review,"timing,semantics,adjudication",Qwen results are proposals until applied by the separate reconciliation step.
F_091,dataset_rejected\qwen_auto_qc_20260713\dataset\fly_ball\Codex_Workstation\F_091,fly_ball,review,correct,accept_correction,manual_review,"timing,semantics,adjudication",Qwen results are proposals until applied by the separate reconciliation step.
F_092,dataset_rejected\qwen_auto_qc_20260713\dataset\fly_ball\Codex_Workstation\F_092,fly_ball,correct,correct,accept_correction,manual_review,"timing,semantics,adjudication",Qwen results are proposals until applied by the separate reconciliation step.
F_093,dataset_rejected\qwen_auto_qc_20260713\dataset\fly_ball\Codex_Workstation\F_093,fly_ball,review,correct,accept_correction,manual_review,"timing,semantics,adjudication",Qwen results are proposals until applied by the separate reconciliation step.
F_095,dataset_rejected\qwen_auto_qc_20260713\dataset\fly_ball\Codex_Workstation\F_095,fly_ball,correct,correct,accept_correction,manual_review,"timing,semantics,adjudication",Qwen results are proposals until applied by the separate reconciliation step.
F_096,dataset_rejected\qwen_auto_qc_20260713\dataset\fly_ball\Codex_Workstation\F_096,fly_ball,correct,correct,accept_correction,auto_accepted,"timing,semantics,adjudication",Qwen results are proposals until applied by the separate reconciliation step.
F_097,dataset_rejected\qwen_auto_qc_20260713\dataset\fly_ball\Codex_Workstation\F_097,fly_ball,correct,correct,accept_correction,auto_accepted,"timing,semantics,adjudication",Qwen results are proposals until applied by the separate reconciliation step.
F_098,dataset_rejected\qwen_auto_qc_20260713\dataset\fly_ball\Codex_Workstation\F_098,fly_ball,review,correct,accept_correction,manual_review,"timing,semantics,adjudication",Qwen results are proposals until applied by the separate reconciliation step.
F_099,dataset_rejected\qwen_auto_qc_20260713\dataset\fly_ball\Codex_Workstation\F_099,fly_ball,correct,correct,accept_correction,auto_accepted,"timing,semantics,adjudication",Qwen results are proposals until applied by the separate reconciliation step.
F_100,dataset_rejected\qwen_auto_qc_20260713\dataset\fly_ball\Codex_Workstation\F_100,fly_ball,correct,correct,accept_correction,auto_accepted,"timing,semantics,adjudication",Qwen results are proposals until applied by the separate reconciliation step.
F_101,dataset_rejected\qwen_auto_qc_20260713\dataset\fly_ball\Codex_Workstation\F_101,fly_ball,correct,correct,accept_correction,auto_accepted,"timing,semantics,adjudication",Qwen results are proposals until applied by the separate reconciliation step.
F_102,dataset_rejected\qwen_auto_qc_20260713\dataset\fly_ball\Codex_Workstation\F_102,fly_ball,review,correct,accept_correction,manual_review,"timing,semantics,adjudication",Qwen results are proposals until applied by the separate reconciliation step.
F_104,dataset_rejected\qwen_auto_qc_20260713\dataset\fly_ball\Codex_Workstation\F_104,fly_ball,review,correct,accept_correction,manual_review,"timing,semantics,adjudication",Qwen results are proposals until applied by the separate reconciliation step.
F_105,dataset_rejected\qwen_auto_qc_20260713\dataset\fly_ball\Codex_Workstation\F_105,fly_ball,correct,correct,accept_correction,manual_review,"timing,semantics,adjudication",Qwen results are proposals until applied by the separate reconciliation step.
F_106,dataset_rejected\qwen_auto_qc_20260713\dataset\fly_ball\Codex_Workstation\F_106,fly_ball,correct,correct,accept_correction,auto_accepted,"timing,semantics,adjudication",Qwen results are proposals until applied by the separate reconciliation step.
F_107,dataset_rejected\qwen_auto_qc_20260713\dataset\fly_ball\Codex_Workstation\F_107,fly_ball,correct,correct,accept_correction,auto_accepted,"timing,semantics,adjudication",Qwen results are proposals until applied by the separate reconciliation step.
F_108,dataset_rejected\qwen_auto_qc_20260713\dataset\fly_ball\Codex_Workstation\F_108,fly_ball,correct,correct,accept_correction,manual_review,"timing,semantics,adjudication",Qwen results are proposals until applied by the separate reconciliation step.
F_110,dataset_rejected\qwen_auto_qc_20260713\dataset\fly_ball\Codex_Workstation\F_110,fly_ball,correct,pass,accept_correction,manual_review,"timing,semantics,adjudication",Qwen results are proposals until applied by the separate reconciliation step.
F_111,dataset_rejected\qwen_auto_qc_20260713\dataset\fly_ball\Codex_Workstation\F_111,fly_ball,review,correct,accept_correction,manual_review,"timing,semantics,adjudication",Qwen results are proposals until applied by the separate reconciliation step.
F_112,dataset_rejected\qwen_auto_qc_20260713\dataset\fly_ball\Codex_Workstation\F_112,fly_ball,correct,correct,accept_correction,auto_accepted,"timing,semantics,adjudication",Qwen results are proposals until applied by the separate reconciliation step.
F_113,dataset_rejected\qwen_auto_qc_20260713\dataset\fly_ball\Codex_Workstation\F_113,fly_ball,review,correct,accept_correction,manual_review,"timing,semantics,adjudication",Qwen results are proposals until applied by the separate reconciliation step.
F_114,dataset_rejected\qwen_auto_qc_20260713\dataset\fly_ball\Codex_Workstation\F_114,fly_ball,correct,pass,accept_correction,auto_accepted,"timing,semantics,adjudication",Qwen results are proposals until applied by the separate reconciliation step.
F_115,dataset_rejected\qwen_auto_qc_20260713\dataset\fly_ball\Codex_Workstation\F_115,fly_ball,correct,correct,accept_correction,manual_review,"timing,semantics,adjudication",Qwen results are proposals until applied by the separate reconciliation step.
F_116,dataset_rejected\qwen_auto_qc_20260713\dataset\fly_ball\Codex_Workstation\F_116,fly_ball,correct,correct,accept_correction,auto_accepted,"timing,semantics,adjudication",Qwen results are proposals until applied by the separate reconciliation step.
F_117,dataset_rejected\qwen_auto_qc_20260713\dataset\fly_ball\Codex_Workstation\F_117,fly_ball,correct,correct,accept_correction,manual_review,"timing,semantics,adjudication",Qwen results are proposals until applied by the separate reconciliation step.
F_118,dataset_rejected\qwen_auto_qc_20260713\dataset\fly_ball\Codex_Workstation\F_118,fly_ball,review,correct,accept_correction,manual_review,"timing,semantics,adjudication",Qwen results are proposals until applied by the separate reconciliation step.
F_120,dataset_rejected\qwen_auto_qc_20260713\dataset\fly_ball\Codex_Workstation\F_120,fly_ball,review,correct,accept_correction,manual_review,"timing,semantics,adjudication",Qwen results are proposals until applied by the separate reconciliation step.
F_121,dataset_rejected\qwen_auto_qc_20260713\dataset\fly_ball\Codex_Workstation\F_121,fly_ball,correct,correct,accept_correction,auto_accepted,"timing,semantics,adjudication",Qwen results are proposals until applied by the separate reconciliation step.
F_123,dataset_rejected\qwen_auto_qc_20260713\dataset\fly_ball\Codex_Workstation\F_123,fly_ball,correct,correct,accept_correction,manual_review,"timing,semantics,adjudication",Qwen results are proposals until applied by the separate reconciliation step.
F_124,dataset_rejected\qwen_auto_qc_20260713\dataset\fly_ball\Codex_Workstation\F_124,fly_ball,correct,correct,accept_correction,manual_review,"timing,semantics,adjudication",Qwen results are proposals until applied by the separate reconciliation step.
F_125,dataset_rejected\qwen_auto_qc_20260713\dataset\fly_ball\Codex_Workstation\F_125,fly_ball,correct,correct,accept_correction,auto_accepted,"timing,semantics,adjudication",Qwen results are proposals until applied by the separate reconciliation step.
F_126,dataset_rejected\qwen_auto_qc_20260713\dataset\fly_ball\Codex_Workstation\F_126,fly_ball,review,correct,reject,manual_review,"timing,semantics,adjudication",Qwen results are proposals until applied by the separate reconciliation step.
F_127,dataset_rejected\qwen_auto_qc_20260713\dataset\fly_ball\Codex_Workstation\F_127,fly_ball,review,correct,accept_correction,manual_review,"timing,semantics,adjudication",Qwen results are proposals until applied by the separate reconciliation step.
G_002,dataset_rejected\qwen_auto_qc_20260713\dataset\ground_ball\Codex_Workstation\G_002,ground_ball,review,correct,accept_correction,manual_review,"timing,semantics,adjudication",Qwen results are proposals until applied by the separate reconciliation step.
G_003,dataset_rejected\qwen_auto_qc_20260713\dataset\ground_ball\Codex_Workstation\G_003,ground_ball,correct,correct,accept_correction,auto_accepted,"timing,semantics,adjudication",Qwen results are proposals until applied by the separate reconciliation step.
G_005,dataset_rejected\qwen_auto_qc_20260713\dataset\ground_ball\Codex_Workstation\G_005,ground_ball,correct,correct,accept_correction,manual_review,"timing,semantics,adjudication",Qwen results are proposals until applied by the separate reconciliation step.
G_007,dataset_rejected\qwen_auto_qc_20260713\dataset\ground_ball\Codex_Workstation\G_007,ground_ball,correct,correct,accept_correction,manual_review,"timing,semantics,adjudication",Qwen results are proposals until applied by the separate reconciliation step.
G_008,dataset_rejected\qwen_auto_qc_20260713\dataset\ground_ball\Codex_Workstation\G_008,ground_ball,correct,correct,accept_correction,auto_accepted,"timing,semantics,adjudication",Qwen results are proposals until applied by the separate reconciliation step.
G_010,dataset_rejected\qwen_auto_qc_20260713\dataset\ground_ball\Codex_Workstation\G_010,ground_ball,correct,correct,accept_correction,manual_review,"timing,semantics,adjudication",Qwen results are proposals until applied by the separate reconciliation step.
G_011,dataset_rejected\qwen_auto_qc_20260713\dataset\ground_ball\Codex_Workstation\G_011,ground_ball,review,reject,accept_correction,manual_review,"timing,semantics,adjudication",Qwen results are proposals until applied by the separate reconciliation step.
G_013,dataset_rejected\qwen_auto_qc_20260713\dataset\ground_ball\Codex_Workstation\G_013,ground_ball,correct,correct,accept_correction,auto_accepted,"timing,semantics,adjudication",Qwen results are proposals until applied by the separate reconciliation step.
G_014,dataset_rejected\qwen_auto_qc_20260713\dataset\ground_ball\Codex_Workstation\G_014,ground_ball,correct,correct,accept_correction,manual_review,"timing,semantics,adjudication",Qwen results are proposals until applied by the separate reconciliation step.
G_015,dataset_rejected\qwen_auto_qc_20260713\dataset\ground_ball\Codex_Workstation\G_015,ground_ball,correct,correct,accept_correction,manual_review,"timing,semantics,adjudication",Qwen results are proposals until applied by the separate reconciliation step.
G_017,dataset_rejected\qwen_auto_qc_20260713\dataset\ground_ball\Codex_Workstation\G_017,ground_ball,correct,correct,accept_correction,auto_accepted,"timing,semantics,adjudication",Qwen results are proposals until applied by the separate reconciliation step.
G_018,dataset_rejected\qwen_auto_qc_20260713\dataset\ground_ball\Codex_Workstation\G_018,ground_ball,review,correct,accept_correction,manual_review,"timing,semantics,adjudication",Qwen results are proposals until applied by the separate reconciliation step.
G_019,dataset_rejected\qwen_auto_qc_20260713\dataset\ground_ball\Codex_Workstation\G_019,ground_ball,correct,correct,accept_correction,manual_review,"timing,semantics,adjudication",Qwen results are proposals until applied by the separate reconciliation step.
G_020,dataset_rejected\qwen_auto_qc_20260713\dataset\ground_ball\Codex_Workstation\G_020,ground_ball,correct,correct,accept_correction,auto_accepted,"timing,semantics,adjudication",Qwen results are proposals until applied by the separate reconciliation step.
G_021,dataset_rejected\qwen_auto_qc_20260713\dataset\ground_ball\Codex_Workstation\G_021,ground_ball,correct,correct,accept_correction,auto_accepted,"timing,semantics,adjudication",Qwen results are proposals until applied by the separate reconciliation step.
G_022,dataset_rejected\qwen_auto_qc_20260713\dataset\ground_ball\Codex_Workstation\G_022,ground_ball,correct,correct,accept_correction,auto_accepted,"timing,semantics,adjudication",Qwen results are proposals until applied by the separate reconciliation step.
G_023,dataset_rejected\qwen_auto_qc_20260713\dataset\ground_ball\Codex_Workstation\G_023,ground_ball,correct,correct,accept_correction,manual_review,"timing,semantics,adjudication",Qwen results are proposals until applied by the separate reconciliation step.
G_024,dataset_rejected\qwen_auto_qc_20260713\dataset\ground_ball\Codex_Workstation\G_024,ground_ball,correct,correct,accept_correction,manual_review,"timing,semantics,adjudication",Qwen results are proposals until applied by the separate reconciliation step.
G_025,dataset_rejected\qwen_auto_qc_20260713\dataset\ground_ball\Codex_Workstation\G_025,ground_ball,correct,correct,accept_correction,manual_review,"timing,semantics,adjudication",Qwen results are proposals until applied by the separate reconciliation step.
G_026,dataset_rejected\qwen_auto_qc_20260713\dataset\ground_ball\Codex_Workstation\G_026,ground_ball,correct,correct,accept_correction,auto_accepted,"timing,semantics,adjudication",Qwen results are proposals until applied by the separate reconciliation step.
G_027,dataset_rejected\qwen_auto_qc_20260713\dataset\ground_ball\Codex_Workstation\G_027,ground_ball,correct,correct,accept_correction,auto_accepted,"timing,semantics,adjudication",Qwen results are proposals until applied by the separate reconciliation step.
G_028,dataset_rejected\qwen_auto_qc_20260713\dataset\ground_ball\Codex_Workstation\G_028,ground_ball,correct,correct,accept_correction,auto_accepted,"timing,semantics,adjudication",Qwen results are proposals until applied by the separate reconciliation step.
G_029,dataset_rejected\qwen_auto_qc_20260713\dataset\ground_ball\Codex_Workstation\G_029,ground_ball,review,correct,accept_correction,manual_review,"timing,semantics,adjudication",Qwen results are proposals until applied by the separate reconciliation step.
G_030,dataset_rejected\qwen_auto_qc_20260713\dataset\ground_ball\Codex_Workstation\G_030,ground_ball,correct,correct,accept_correction,manual_review,"timing,semantics,adjudication",Qwen results are proposals until applied by the separate reconciliation step.
G_031,dataset_rejected\qwen_auto_qc_20260713\dataset\ground_ball\Codex_Workstation\G_031,ground_ball,review,correct,accept_correction,manual_review,"timing,semantics,adjudication",Qwen results are proposals until applied by the separate reconciliation step.
G_032,dataset_rejected\qwen_auto_qc_20260713\dataset\ground_ball\Codex_Workstation\G_032,ground_ball,correct,correct,accept_correction,manual_review,"timing,semantics,adjudication",Qwen results are proposals until applied by the separate reconciliation step.
G_033,dataset_rejected\qwen_auto_qc_20260713\dataset\ground_ball\Codex_Workstation\G_033,ground_ball,correct,reject,accept_correction,manual_review,"timing,semantics,adjudication",Qwen results are proposals until applied by the separate reconciliation step.
G_038,dataset_rejected\qwen_auto_qc_20260713\dataset\ground_ball\Codex_Workstation\G_038,ground_ball,review,correct,accept_correction,manual_review,"timing,semantics,adjudication",Qwen results are proposals until applied by the separate reconciliation step.
G_039,dataset_rejected\qwen_auto_qc_20260713\dataset\ground_ball\Codex_Workstation\G_039,ground_ball,correct,correct,accept_correction,manual_review,"timing,semantics,adjudication",Qwen results are proposals until applied by the separate reconciliation step.
G_040,dataset_rejected\qwen_auto_qc_20260713\dataset\ground_ball\Codex_Workstation\G_040,ground_ball,correct,correct,accept_correction,manual_review,"timing,semantics,adjudication",Qwen results are proposals until applied by the separate reconciliation step.
G_041,dataset_rejected\qwen_auto_qc_20260713\dataset\ground_ball\Codex_Workstation\G_041,ground_ball,correct,correct,accept_correction,manual_review,"timing,semantics,adjudication",Qwen results are proposals until applied by the separate reconciliation step.
G_042,dataset_rejected\qwen_auto_qc_20260713\dataset\ground_ball\Codex_Workstation\G_042,ground_ball,correct,correct,accept_correction,manual_review,"timing,semantics,adjudication",Qwen results are proposals until applied by the separate reconciliation step.
G_043,dataset_rejected\qwen_auto_qc_20260713\dataset\ground_ball\Codex_Workstation\G_043,ground_ball,correct,correct,accept_correction,auto_accepted,"timing,semantics,adjudication",Qwen results are proposals until applied by the separate reconciliation step.
G_045,dataset_rejected\qwen_auto_qc_20260713\dataset\ground_ball\Codex_Workstation\G_045,ground_ball,review,correct,accept_correction,manual_review,"timing,semantics,adjudication",Qwen results are proposals until applied by the separate reconciliation step.
G_046,dataset_rejected\qwen_auto_qc_20260713\dataset\ground_ball\Codex_Workstation\G_046,ground_ball,review,correct,accept_correction,manual_review,"timing,semantics,adjudication",Qwen results are proposals until applied by the separate reconciliation step.
G_047,dataset_rejected\qwen_auto_qc_20260713\dataset\ground_ball\Codex_Workstation\G_047,ground_ball,correct,correct,accept_correction,auto_accepted,"timing,semantics,adjudication",Qwen results are proposals until applied by the separate reconciliation step.
G_049,dataset_rejected\qwen_auto_qc_20260713\dataset\ground_ball\Codex_Workstation\G_049,ground_ball,correct,correct,accept_correction,manual_review,"timing,semantics,adjudication",Qwen results are proposals until applied by the separate reconciliation step.
G_050,dataset_rejected\qwen_auto_qc_20260713\dataset\ground_ball\Codex_Workstation\G_050,ground_ball,correct,correct,accept_correction,manual_review,"timing,semantics,adjudication",Qwen results are proposals until applied by the separate reconciliation step.
G_051,dataset_rejected\qwen_auto_qc_20260713\dataset\ground_ball\Codex_Workstation\G_051,ground_ball,correct,correct,accept_correction,manual_review,"timing,semantics,adjudication",Qwen results are proposals until applied by the separate reconciliation step.
G_052,dataset_rejected\qwen_auto_qc_20260713\dataset\ground_ball\Codex_Workstation\G_052,ground_ball,correct,correct,accept_correction,auto_accepted,"timing,semantics,adjudication",Qwen results are proposals until applied by the separate reconciliation step.
G_053,dataset_rejected\qwen_auto_qc_20260713\dataset\ground_ball\Codex_Workstation\G_053,ground_ball,correct,correct,accept_correction,auto_accepted,"timing,semantics,adjudication",Qwen results are proposals until applied by the separate reconciliation step.
G_055,dataset_rejected\qwen_auto_qc_20260713\dataset\ground_ball\Codex_Workstation\G_055,ground_ball,correct,correct,accept_correction,manual_review,"timing,semantics,adjudication",Qwen results are proposals until applied by the separate reconciliation step.
G_056,dataset_rejected\qwen_auto_qc_20260713\dataset\ground_ball\Codex_Workstation\G_056,ground_ball,review,correct,accept_correction,manual_review,"timing,semantics,adjudication",Qwen results are proposals until applied by the separate reconciliation step.
G_057,dataset_rejected\qwen_auto_qc_20260713\dataset\ground_ball\Codex_Workstation\G_057,ground_ball,correct,correct,accept_correction,manual_review,"timing,semantics,adjudication",Qwen results are proposals until applied by the separate reconciliation step.
G_059,dataset_rejected\qwen_auto_qc_20260713\dataset\ground_ball\Codex_Workstation\G_059,ground_ball,correct,correct,accept_correction,auto_accepted,"timing,semantics,adjudication",Qwen results are proposals until applied by the separate reconciliation step.
G_060,dataset_rejected\qwen_auto_qc_20260713\dataset\ground_ball\Codex_Workstation\G_060,ground_ball,correct,correct,accept_correction,auto_accepted,"timing,semantics,adjudication",Qwen results are proposals until applied by the separate reconciliation step.
G_061,dataset_rejected\qwen_auto_qc_20260713\dataset\ground_ball\Codex_Workstation\G_061,ground_ball,correct,correct,accept_correction,auto_accepted,"timing,semantics,adjudication",Qwen results are proposals until applied by the separate reconciliation step.
G_064,dataset_rejected\qwen_auto_qc_20260713\dataset\ground_ball\Codex_Workstation\G_064,ground_ball,correct,correct,accept_correction,auto_accepted,"timing,semantics,adjudication",Qwen results are proposals until applied by the separate reconciliation step.
G_067,dataset_rejected\qwen_auto_qc_20260713\dataset\ground_ball\Codex_Workstation\G_067,ground_ball,correct,correct,accept_correction,manual_review,"timing,semantics,adjudication",Qwen results are proposals until applied by the separate reconciliation step.
G_068,dataset_rejected\qwen_auto_qc_20260713\dataset\ground_ball\Codex_Workstation\G_068,ground_ball,correct,correct,accept_correction,auto_accepted,"timing,semantics,adjudication",Qwen results are proposals until applied by the separate reconciliation step.
G_070,dataset_rejected\qwen_auto_qc_20260713\dataset\ground_ball\Codex_Workstation\G_070,ground_ball,correct,correct,accept_correction,manual_review,"timing,semantics,adjudication",Qwen results are proposals until applied by the separate reconciliation step.
G_071,dataset_rejected\qwen_auto_qc_20260713\dataset\ground_ball\Codex_Workstation\G_071,ground_ball,correct,correct,accept_correction,manual_review,"timing,semantics,adjudication",Qwen results are proposals until applied by the separate reconciliation step.
G_072,dataset_rejected\qwen_auto_qc_20260713\dataset\ground_ball\Codex_Workstation\G_072,ground_ball,correct,correct,accept_correction,auto_accepted,"timing,semantics,adjudication",Qwen results are proposals until applied by the separate reconciliation step.
G_073,dataset_rejected\qwen_auto_qc_20260713\dataset\ground_ball\Codex_Workstation\G_073,ground_ball,correct,correct,accept_correction,auto_accepted,"timing,semantics,adjudication",Qwen results are proposals until applied by the separate reconciliation step.
G_074,dataset_rejected\qwen_auto_qc_20260713\dataset\ground_ball\Codex_Workstation\G_074,ground_ball,review,correct,accept_correction,manual_review,"timing,semantics,adjudication",Qwen results are proposals until applied by the separate reconciliation step.
G_075,dataset_rejected\qwen_auto_qc_20260713\dataset\ground_ball\Codex_Workstation\G_075,ground_ball,correct,correct,accept_correction,manual_review,"timing,semantics,adjudication",Qwen results are proposals until applied by the separate reconciliation step.
G_076,dataset_rejected\qwen_auto_qc_20260713\dataset\ground_ball\Codex_Workstation\G_076,ground_ball,correct,correct,accept_correction,manual_review,"timing,semantics,adjudication",Qwen results are proposals until applied by the separate reconciliation step.
G_077,dataset_rejected\qwen_auto_qc_20260713\dataset\ground_ball\Codex_Workstation\G_077,ground_ball,correct,correct,accept_correction,auto_accepted,"timing,semantics,adjudication",Qwen results are proposals until applied by the separate reconciliation step.
G_079,dataset_rejected\qwen_auto_qc_20260713\dataset\ground_ball\Codex_Workstation\G_079,ground_ball,correct,correct,accept_correction,auto_accepted,"timing,semantics,adjudication",Qwen results are proposals until applied by the separate reconciliation step.
G_082,dataset_rejected\qwen_auto_qc_20260713\dataset\ground_ball\Codex_Workstation\G_082,ground_ball,correct,correct,accept_correction,auto_accepted,"timing,semantics,adjudication",Qwen results are proposals until applied by the separate reconciliation step.
G_083,dataset_rejected\qwen_auto_qc_20260713\dataset\ground_ball\Codex_Workstation\G_083,ground_ball,correct,correct,accept_correction,manual_review,"timing,semantics,adjudication",Qwen results are proposals until applied by the separate reconciliation step.
G_085,dataset_rejected\qwen_auto_qc_20260713\dataset\ground_ball\Codex_Workstation\G_085,ground_ball,correct,correct,accept_correction,auto_accepted,"timing,semantics,adjudication",Qwen results are proposals until applied by the separate reconciliation step.
G_086,dataset_rejected\qwen_auto_qc_20260713\dataset\ground_ball\Codex_Workstation\G_086,ground_ball,correct,correct,accept_correction,auto_accepted,"timing,semantics,adjudication",Qwen results are proposals until applied by the separate reconciliation step.
G_087,dataset_rejected\qwen_auto_qc_20260713\dataset\ground_ball\Codex_Workstation\G_087,ground_ball,reject,reject,accept_correction,manual_review,"timing,semantics,adjudication",Qwen results are proposals until applied by the separate reconciliation step.
G_088,dataset_rejected\qwen_auto_qc_20260713\dataset\ground_ball\Codex_Workstation\G_088,ground_ball,review,correct,accept_correction,manual_review,"timing,semantics,adjudication",Qwen results are proposals until applied by the separate reconciliation step.
G_089,dataset_rejected\qwen_auto_qc_20260713\dataset\ground_ball\Codex_Workstation\G_089,ground_ball,correct,correct,accept_correction,manual_review,"timing,semantics,adjudication",Qwen results are proposals until applied by the separate reconciliation step.
G_090,dataset_rejected\qwen_auto_qc_20260713\dataset\ground_ball\Codex_Workstation\G_090,ground_ball,correct,correct,accept_correction,auto_accepted,"timing,semantics,adjudication",Qwen results are proposals until applied by the separate reconciliation step.
G_091,dataset_rejected\qwen_auto_qc_20260713\dataset\ground_ball\Codex_Workstation\G_091,ground_ball,correct,correct,accept_correction,manual_review,"timing,semantics,adjudication",Qwen results are proposals until applied by the separate reconciliation step.
G_092,dataset_rejected\qwen_auto_qc_20260713\dataset\ground_ball\Codex_Workstation\G_092,ground_ball,reject,correct,accept_correction,manual_review,"timing,semantics,adjudication",Qwen results are proposals until applied by the separate reconciliation step.
G_094,dataset_rejected\qwen_auto_qc_20260713\dataset\ground_ball\Codex_Workstation\G_094,ground_ball,correct,correct,accept_correction,manual_review,"timing,semantics,adjudication",Qwen results are proposals until applied by the separate reconciliation step.
G_097,dataset_rejected\qwen_auto_qc_20260713\dataset\ground_ball\Codex_Workstation\G_097,ground_ball,correct,correct,accept_correction,manual_review,"timing,semantics,adjudication",Qwen results are proposals until applied by the separate reconciliation step.
G_099,dataset_rejected\qwen_auto_qc_20260713\dataset\ground_ball\Codex_Workstation\G_099,ground_ball,correct,reject,accept_correction,manual_review,"timing,semantics,adjudication",Qwen results are proposals until applied by the separate reconciliation step.
G_100,dataset_rejected\qwen_auto_qc_20260713\dataset\ground_ball\Codex_Workstation\G_100,ground_ball,correct,correct,accept_correction,auto_accepted,"timing,semantics,adjudication",Qwen results are proposals until applied by the separate reconciliation step.
G_102,dataset_rejected\qwen_auto_qc_20260713\dataset\ground_ball\Codex_Workstation\G_102,ground_ball,correct,correct,accept_correction,manual_review,"timing,semantics,adjudication",Qwen results are proposals until applied by the separate reconciliation step.
G_103,dataset_rejected\qwen_auto_qc_20260713\dataset\ground_ball\Codex_Workstation\G_103,ground_ball,review,correct,accept_correction,manual_review,"timing,semantics,adjudication",Qwen results are proposals until applied by the separate reconciliation step.
G_104,dataset_rejected\qwen_auto_qc_20260713\dataset\ground_ball\Codex_Workstation\G_104,ground_ball,correct,correct,accept_correction,manual_review,"timing,semantics,adjudication",Qwen results are proposals until applied by the separate reconciliation step.
G_105,dataset_rejected\qwen_auto_qc_20260713\dataset\ground_ball\Codex_Workstation\G_105,ground_ball,correct,correct,accept_correction,manual_review,"timing,semantics,adjudication",Qwen results are proposals until applied by the separate reconciliation step.
G_106,dataset_rejected\qwen_auto_qc_20260713\dataset\ground_ball\Codex_Workstation\G_106,ground_ball,correct,correct,accept_correction,manual_review,"timing,semantics,adjudication",Qwen results are proposals until applied by the separate reconciliation step.
G_109,dataset_rejected\qwen_auto_qc_20260713\dataset\ground_ball\Codex_Workstation\G_109,ground_ball,correct,correct,accept_correction,auto_accepted,"timing,semantics,adjudication",Qwen results are proposals until applied by the separate reconciliation step.
G_110,dataset_rejected\qwen_auto_qc_20260713\dataset\ground_ball\Codex_Workstation\G_110,ground_ball,review,correct,accept_correction,manual_review,"timing,semantics,adjudication",Qwen results are proposals until applied by the separate reconciliation step.
G_112,dataset_rejected\qwen_auto_qc_20260713\dataset\ground_ball\Codex_Workstation\G_112,ground_ball,review,correct,accept_correction,manual_review,"timing,semantics,adjudication",Qwen results are proposals until applied by the separate reconciliation step.
G_115,dataset_rejected\qwen_auto_qc_20260713\dataset\ground_ball\Codex_Workstation\G_115,ground_ball,correct,correct,accept_correction,auto_accepted,"timing,semantics,adjudication",Qwen results are proposals until applied by the separate reconciliation step.
G_117,dataset_rejected\qwen_auto_qc_20260713\dataset\ground_ball\Codex_Workstation\G_117,ground_ball,review,correct,accept_correction,manual_review,"timing,semantics,adjudication",Qwen results are proposals until applied by the separate reconciliation step.
G_118,dataset_rejected\qwen_auto_qc_20260713\dataset\ground_ball\Codex_Workstation\G_118,ground_ball,correct,correct,accept_correction,manual_review,"timing,semantics,adjudication",Qwen results are proposals until applied by the separate reconciliation step.
G_119,dataset_rejected\qwen_auto_qc_20260713\dataset\ground_ball\Codex_Workstation\G_119,ground_ball,review,correct,accept_correction,manual_review,"timing,semantics,adjudication",Qwen results are proposals until applied by the separate reconciliation step.
G_121,dataset_rejected\qwen_auto_qc_20260713\dataset\ground_ball\Codex_Workstation\G_121,ground_ball,review,correct,accept_correction,manual_review,"timing,semantics,adjudication",Qwen results are proposals until applied by the separate reconciliation step.
G_124,dataset_rejected\qwen_auto_qc_20260713\dataset\ground_ball\Codex_Workstation\G_124,ground_ball,correct,correct,accept_correction,auto_accepted,"timing,semantics,adjudication",Qwen results are proposals until applied by the separate reconciliation step.
G_127,dataset_rejected\qwen_auto_qc_20260713\dataset\ground_ball\Codex_Workstation\G_127,ground_ball,correct,correct,accept_correction,auto_accepted,"timing,semantics,adjudication",Qwen results are proposals until applied by the separate reconciliation step.
G_128,dataset_rejected\qwen_auto_qc_20260713\dataset\ground_ball\Codex_Workstation\G_128,ground_ball,review,correct,accept_correction,manual_review,"timing,semantics,adjudication",Qwen results are proposals until applied by the separate reconciliation step.
G_130,dataset_rejected\qwen_auto_qc_20260713\dataset\ground_ball\Codex_Workstation\G_130,ground_ball,review,correct,accept_correction,manual_review,"timing,semantics,adjudication",Qwen results are proposals until applied by the separate reconciliation step.
G_133,dataset_rejected\qwen_auto_qc_20260713\dataset\ground_ball\Codex_Workstation\G_133,ground_ball,correct,correct,accept_correction,manual_review,"timing,semantics,adjudication",Qwen results are proposals until applied by the separate reconciliation step.
G_134,dataset_rejected\qwen_auto_qc_20260713\dataset\ground_ball\Codex_Workstation\G_134,ground_ball,correct,correct,accept_correction,manual_review,"timing,semantics,adjudication",Qwen results are proposals until applied by the separate reconciliation step.
G_135,dataset_rejected\qwen_auto_qc_20260713\dataset\ground_ball\Codex_Workstation\G_135,ground_ball,review,correct,accept_correction,manual_review,"timing,semantics,adjudication",Qwen results are proposals until applied by the separate reconciliation step.
G_136,dataset_rejected\qwen_auto_qc_20260713\dataset\ground_ball\Codex_Workstation\G_136,ground_ball,pass,correct,accept_current,auto_accepted,"timing,semantics,adjudication",Qwen results are proposals until applied by the separate reconciliation step.
G_138,dataset_rejected\qwen_auto_qc_20260713\dataset\ground_ball\Codex_Workstation\G_138,ground_ball,correct,correct,accept_correction,manual_review,"timing,semantics,adjudication",Qwen results are proposals until applied by the separate reconciliation step.
G_139,dataset_rejected\qwen_auto_qc_20260713\dataset\ground_ball\Codex_Workstation\G_139,ground_ball,correct,pass,accept_correction,manual_review,"timing,semantics,adjudication",Qwen results are proposals until applied by the separate reconciliation step.
G_140,dataset_rejected\qwen_auto_qc_20260713\dataset\ground_ball\Codex_Workstation\G_140,ground_ball,correct,correct,accept_correction,manual_review,"timing,semantics,adjudication",Qwen results are proposals until applied by the separate reconciliation step.
G_142,dataset_rejected\qwen_auto_qc_20260713\dataset\ground_ball\Codex_Workstation\G_142,ground_ball,correct,correct,accept_correction,auto_accepted,"timing,semantics,adjudication",Qwen results are proposals until applied by the separate reconciliation step.
G_143,dataset_rejected\qwen_auto_qc_20260713\dataset\ground_ball\Codex_Workstation\G_143,ground_ball,correct,correct,accept_correction,manual_review,"timing,semantics,adjudication",Qwen results are proposals until applied by the separate reconciliation step.
G_145,dataset_rejected\qwen_auto_qc_20260713\dataset\ground_ball\Codex_Workstation\G_145,ground_ball,correct,correct,accept_correction,auto_accepted,"timing,semantics,adjudication",Qwen results are proposals until applied by the separate reconciliation step.
G_146,dataset_rejected\qwen_auto_qc_20260713\dataset\ground_ball\Codex_Workstation\G_146,ground_ball,review,correct,accept_correction,manual_review,"timing,semantics,adjudication",Qwen results are proposals until applied by the separate reconciliation step.
G_148,dataset_rejected\qwen_auto_qc_20260713\dataset\ground_ball\Codex_Workstation\G_148,ground_ball,correct,correct,accept_correction,manual_review,"timing,semantics,adjudication",Qwen results are proposals until applied by the separate reconciliation step.
G_150,dataset_rejected\qwen_auto_qc_20260713\dataset\ground_ball\Codex_Workstation\G_150,ground_ball,correct,correct,accept_correction,manual_review,"timing,semantics,adjudication",Qwen results are proposals until applied by the separate reconciliation step.
G_151,dataset_rejected\qwen_auto_qc_20260713\dataset\ground_ball\Codex_Workstation\G_151,ground_ball,correct,correct,accept_correction,auto_accepted,"timing,semantics,adjudication",Qwen results are proposals until applied by the separate reconciliation step.
G_154,dataset_rejected\qwen_auto_qc_20260713\dataset\ground_ball\Codex_Workstation\G_154,ground_ball,pass,correct,accept_current,auto_accepted,"timing,semantics,adjudication",Qwen results are proposals until applied by the separate reconciliation step.
G_155,dataset_rejected\qwen_auto_qc_20260713\dataset\ground_ball\Codex_Workstation\G_155,ground_ball,review,correct,accept_correction,manual_review,"timing,semantics,adjudication",Qwen results are proposals until applied by the separate reconciliation step.
G_156,dataset_rejected\qwen_auto_qc_20260713\dataset\ground_ball\Codex_Workstation\G_156,ground_ball,correct,correct,accept_correction,manual_review,"timing,semantics,adjudication",Qwen results are proposals until applied by the separate reconciliation step.
G_157,dataset_rejected\qwen_auto_qc_20260713\dataset\ground_ball\Codex_Workstation\G_157,ground_ball,correct,correct,accept_correction,manual_review,"timing,semantics,adjudication",Qwen results are proposals until applied by the separate reconciliation step.
G_159,dataset_rejected\qwen_auto_qc_20260713\dataset\ground_ball\Codex_Workstation\G_159,ground_ball,correct,correct,accept_correction,manual_review,"timing,semantics,adjudication",Qwen results are proposals until applied by the separate reconciliation step.
G_160,dataset_rejected\qwen_auto_qc_20260713\dataset\ground_ball\Codex_Workstation\G_160,ground_ball,correct,correct,accept_correction,auto_accepted,"timing,semantics,adjudication",Qwen results are proposals until applied by the separate reconciliation step.
G_161,dataset_rejected\qwen_auto_qc_20260713\dataset\ground_ball\Codex_Workstation\G_161,ground_ball,correct,correct,accept_correction,auto_accepted,"timing,semantics,adjudication",Qwen results are proposals until applied by the separate reconciliation step.
G_163,dataset_rejected\qwen_auto_qc_20260713\dataset\ground_ball\Codex_Workstation\G_163,ground_ball,pass,correct,accept_correction,auto_accepted,"timing,semantics,adjudication",Qwen results are proposals until applied by the separate reconciliation step.
G_166,dataset_rejected\qwen_auto_qc_20260713\dataset\ground_ball\Codex_Workstation\G_166,ground_ball,correct,correct,accept_correction,manual_review,"timing,semantics,adjudication",Qwen results are proposals until applied by the separate reconciliation step.
G_168,dataset_rejected\qwen_auto_qc_20260713\dataset\ground_ball\Codex_Workstation\G_168,ground_ball,correct,correct,accept_correction,auto_accepted,"timing,semantics,adjudication",Qwen results are proposals until applied by the separate reconciliation step.
G_169,dataset_rejected\qwen_auto_qc_20260713\dataset\ground_ball\Codex_Workstation\G_169,ground_ball,review,correct,accept_correction,manual_review,"timing,semantics,adjudication",Qwen results are proposals until applied by the separate reconciliation step.
G_170,dataset_rejected\qwen_auto_qc_20260713\dataset\ground_ball\Codex_Workstation\G_170,ground_ball,review,correct,accept_correction,manual_review,"timing,semantics,adjudication",Qwen results are proposals until applied by the separate reconciliation step.
G_172,dataset_rejected\qwen_auto_qc_20260713\dataset\ground_ball\Codex_Workstation\G_172,ground_ball,correct,correct,accept_correction,auto_accepted,"timing,semantics,adjudication",Qwen results are proposals until applied by the separate reconciliation step.
G_173,dataset_rejected\qwen_auto_qc_20260713\dataset\ground_ball\Codex_Workstation\G_173,ground_ball,review,correct,accept_correction,manual_review,"timing,semantics,adjudication",Qwen results are proposals until applied by the separate reconciliation step.
G_174,dataset_rejected\qwen_auto_qc_20260713\dataset\ground_ball\Codex_Workstation\G_174,ground_ball,correct,correct,accept_correction,manual_review,"timing,semantics,adjudication",Qwen results are proposals until applied by the separate reconciliation step.
G_175,dataset_rejected\qwen_auto_qc_20260713\dataset\ground_ball\Codex_Workstation\G_175,ground_ball,correct,correct,accept_correction,manual_review,"timing,semantics,adjudication",Qwen results are proposals until applied by the separate reconciliation step.
G_177,dataset_rejected\qwen_auto_qc_20260713\dataset\ground_ball\Codex_Workstation\G_177,ground_ball,correct,correct,accept_correction,auto_accepted,"timing,semantics,adjudication",Qwen results are proposals until applied by the separate reconciliation step.
G_178,dataset_rejected\qwen_auto_qc_20260713\dataset\ground_ball\Codex_Workstation\G_178,ground_ball,review,correct,accept_correction,manual_review,"timing,semantics,adjudication",Qwen results are proposals until applied by the separate reconciliation step.
G_179,dataset_rejected\qwen_auto_qc_20260713\dataset\ground_ball\Codex_Workstation\G_179,ground_ball,correct,correct,accept_correction,manual_review,"timing,semantics,adjudication",Qwen results are proposals until applied by the separate reconciliation step.
G_181,dataset_rejected\qwen_auto_qc_20260713\dataset\ground_ball\Codex_Workstation\G_181,ground_ball,correct,correct,accept_current,auto_accepted,"timing,semantics,adjudication",Qwen results are proposals until applied by the separate reconciliation step.
G_182,dataset_rejected\qwen_auto_qc_20260713\dataset\ground_ball\Codex_Workstation\G_182,ground_ball,correct,correct,accept_correction,auto_accepted,"timing,semantics,adjudication",Qwen results are proposals until applied by the separate reconciliation step.
G_184,dataset_rejected\qwen_auto_qc_20260713\dataset\ground_ball\Codex_Workstation\G_184,ground_ball,correct,correct,accept_correction,manual_review,"timing,semantics,adjudication",Qwen results are proposals until applied by the separate reconciliation step.
G_186,dataset_rejected\qwen_auto_qc_20260713\dataset\ground_ball\Codex_Workstation\G_186,ground_ball,correct,correct,accept_correction,auto_accepted,"timing,semantics,adjudication",Qwen results are proposals until applied by the separate reconciliation step.
G_187,dataset_rejected\qwen_auto_qc_20260713\dataset\ground_ball\Codex_Workstation\G_187,ground_ball,review,correct,accept_correction,manual_review,"timing,semantics,adjudication",Qwen results are proposals until applied by the separate reconciliation step.
G_188,dataset_rejected\qwen_auto_qc_20260713\dataset\ground_ball\Codex_Workstation\G_188,ground_ball,correct,correct,accept_correction,auto_accepted,"timing,semantics,adjudication",Qwen results are proposals until applied by the separate reconciliation step.
G_189,dataset_rejected\qwen_auto_qc_20260713\dataset\ground_ball\Codex_Workstation\G_189,ground_ball,correct,correct,accept_correction,auto_accepted,"timing,semantics,adjudication",Qwen results are proposals until applied by the separate reconciliation step.
G_190,dataset_rejected\qwen_auto_qc_20260713\dataset\ground_ball\Codex_Workstation\G_190,ground_ball,correct,correct,accept_correction,auto_accepted,"timing,semantics,adjudication",Qwen results are proposals until applied by the separate reconciliation step.
G_192,dataset_rejected\qwen_auto_qc_20260713\dataset\ground_ball\Codex_Workstation\G_192,ground_ball,correct,correct,accept_correction,manual_review,"timing,semantics,adjudication",Qwen results are proposals until applied by the separate reconciliation step.
G_193,dataset_rejected\qwen_auto_qc_20260713\dataset\ground_ball\Codex_Workstation\G_193,ground_ball,correct,correct,accept_correction,auto_accepted,"timing,semantics,adjudication",Qwen results are proposals until applied by the separate reconciliation step.
G_195,dataset_rejected\qwen_auto_qc_20260713\dataset\ground_ball\Codex_Workstation\G_195,ground_ball,correct,pass,accept_correction,manual_review,"timing,semantics,adjudication",Qwen results are proposals until applied by the separate reconciliation step.
G_196,dataset_rejected\qwen_auto_qc_20260713\dataset\ground_ball\Codex_Workstation\G_196,ground_ball,reject,correct,accept_correction,manual_review,"timing,semantics,adjudication",Qwen results are proposals until applied by the separate reconciliation step.
G_198,dataset_rejected\qwen_auto_qc_20260713\dataset\ground_ball\Codex_Workstation\G_198,ground_ball,correct,correct,accept_current,auto_accepted,"timing,semantics,adjudication",Qwen results are proposals until applied by the separate reconciliation step.
G_199,dataset_rejected\qwen_auto_qc_20260713\dataset\ground_ball\Codex_Workstation\G_199,ground_ball,correct,correct,accept_correction,manual_review,"timing,semantics,adjudication",Qwen results are proposals until applied by the separate reconciliation step.
G_200,dataset_rejected\qwen_auto_qc_20260713\dataset\ground_ball\Codex_Workstation\G_200,ground_ball,correct,correct,accept_correction,auto_accepted,"timing,semantics,adjudication",Qwen results are proposals until applied by the separate reconciliation step.
G_201,dataset_rejected\qwen_auto_qc_20260713\dataset\ground_ball\Codex_Workstation\G_201,ground_ball,correct,correct,accept_correction,auto_accepted,"timing,semantics,adjudication",Qwen results are proposals until applied by the separate reconciliation step.
G_203,dataset_rejected\qwen_auto_qc_20260713\dataset\ground_ball\Codex_Workstation\G_203,ground_ball,correct,correct,accept_correction,manual_review,"timing,semantics,adjudication",Qwen results are proposals until applied by the separate reconciliation step.
G_204,dataset_rejected\qwen_auto_qc_20260713\dataset\ground_ball\Codex_Workstation\G_204,ground_ball,correct,correct,accept_correction,manual_review,"timing,semantics,adjudication",Qwen results are proposals until applied by the separate reconciliation step.
G_205,dataset_rejected\qwen_auto_qc_20260713\dataset\ground_ball\Codex_Workstation\G_205,ground_ball,correct,correct,accept_correction,auto_accepted,"timing,semantics,adjudication",Qwen results are proposals until applied by the separate reconciliation step.
G_206,dataset_rejected\qwen_auto_qc_20260713\dataset\ground_ball\Codex_Workstation\G_206,ground_ball,correct,correct,accept_correction,manual_review,"timing,semantics,adjudication",Qwen results are proposals until applied by the separate reconciliation step.
G_207,dataset_rejected\qwen_auto_qc_20260713\dataset\ground_ball\Codex_Workstation\G_207,ground_ball,review,correct,accept_correction,manual_review,"timing,semantics,adjudication",Qwen results are proposals until applied by the separate reconciliation step.
G_209,dataset_rejected\qwen_auto_qc_20260713\dataset\ground_ball\Codex_Workstation\G_209,ground_ball,review,correct,accept_correction,manual_review,"timing,semantics,adjudication",Qwen results are proposals until applied by the separate reconciliation step.
G_210,dataset_rejected\qwen_auto_qc_20260713\dataset\ground_ball\Codex_Workstation\G_210,ground_ball,review,correct,accept_correction,manual_review,"timing,semantics,adjudication",Qwen results are proposals until applied by the separate reconciliation step.
G_211,dataset_rejected\qwen_auto_qc_20260713\dataset\ground_ball\Codex_Workstation\G_211,ground_ball,review,reject,accept_correction,manual_review,"timing,semantics,adjudication",Qwen results are proposals until applied by the separate reconciliation step.
G_212,dataset_rejected\qwen_auto_qc_20260713\dataset\ground_ball\Codex_Workstation\G_212,ground_ball,correct,correct,accept_correction,auto_accepted,"timing,semantics,adjudication",Qwen results are proposals until applied by the separate reconciliation step.
G_213,dataset_rejected\qwen_auto_qc_20260713\dataset\ground_ball\Codex_Workstation\G_213,ground_ball,correct,correct,accept_correction,manual_review,"timing,semantics,adjudication",Qwen results are proposals until applied by the separate reconciliation step.
G_214,dataset_rejected\qwen_auto_qc_20260713\dataset\ground_ball\Codex_Workstation\G_214,ground_ball,correct,correct,accept_correction,auto_accepted,"timing,semantics,adjudication",Qwen results are proposals until applied by the separate reconciliation step.
G_216,dataset_rejected\qwen_auto_qc_20260713\dataset\ground_ball\Codex_Workstation\G_216,ground_ball,correct,correct,accept_correction,manual_review,"timing,semantics,adjudication",Qwen results are proposals until applied by the separate reconciliation step.
G_217,dataset_rejected\qwen_auto_qc_20260713\dataset\ground_ball\Codex_Workstation\G_217,ground_ball,correct,correct,accept_correction,manual_review,"timing,semantics,adjudication",Qwen results are proposals until applied by the separate reconciliation step.
G_219,dataset_rejected\qwen_auto_qc_20260713\dataset\ground_ball\Codex_Workstation\G_219,ground_ball,correct,correct,accept_correction,manual_review,"timing,semantics,adjudication",Qwen results are proposals until applied by the separate reconciliation step.
G_220,dataset_rejected\qwen_auto_qc_20260713\dataset\ground_ball\Codex_Workstation\G_220,ground_ball,review,correct,accept_correction,manual_review,"timing,semantics,adjudication",Qwen results are proposals until applied by the separate reconciliation step.
G_221,dataset_rejected\qwen_auto_qc_20260713\dataset\ground_ball\Codex_Workstation\G_221,ground_ball,correct,correct,accept_correction,auto_accepted,"timing,semantics,adjudication",Qwen results are proposals until applied by the separate reconciliation step.
G_223,dataset_rejected\qwen_auto_qc_20260713\dataset\ground_ball\Codex_Workstation\G_223,ground_ball,correct,correct,accept_correction,manual_review,"timing,semantics,adjudication",Qwen results are proposals until applied by the separate reconciliation step.
G_224,dataset_rejected\qwen_auto_qc_20260713\dataset\ground_ball\Codex_Workstation\G_224,ground_ball,correct,correct,accept_correction,manual_review,"timing,semantics,adjudication",Qwen results are proposals until applied by the separate reconciliation step.
G_225,dataset_rejected\qwen_auto_qc_20260713\dataset\ground_ball\Codex_Workstation\G_225,ground_ball,review,correct,accept_correction,manual_review,"timing,semantics,adjudication",Qwen results are proposals until applied by the separate reconciliation step.
G_226,dataset_rejected\qwen_auto_qc_20260713\dataset\ground_ball\Codex_Workstation\G_226,ground_ball,correct,correct,accept_correction,manual_review,"timing,semantics,adjudication",Qwen results are proposals until applied by the separate reconciliation step.
G_227,dataset_rejected\qwen_auto_qc_20260713\dataset\ground_ball\Codex_Workstation\G_227,ground_ball,review,correct,accept_correction,manual_review,"timing,semantics,adjudication",Qwen results are proposals until applied by the separate reconciliation step.
G_228,dataset_rejected\qwen_auto_qc_20260713\dataset\ground_ball\Codex_Workstation\G_228,ground_ball,correct,correct,accept_correction,manual_review,"timing,semantics,adjudication",Qwen results are proposals until applied by the separate reconciliation step.
G_229,dataset_rejected\qwen_auto_qc_20260713\dataset\ground_ball\Codex_Workstation\G_229,ground_ball,correct,correct,accept_correction,manual_review,"timing,semantics,adjudication",Qwen results are proposals until applied by the separate reconciliation step.
G_230,dataset_rejected\qwen_auto_qc_20260713\dataset\ground_ball\Codex_Workstation\G_230,ground_ball,correct,correct,accept_correction,manual_review,"timing,semantics,adjudication",Qwen results are proposals until applied by the separate reconciliation step.
G_231,dataset_rejected\qwen_auto_qc_20260713\dataset\ground_ball\Codex_Workstation\G_231,ground_ball,correct,correct,accept_current,auto_accepted,"timing,semantics,adjudication",Qwen results are proposals until applied by the separate reconciliation step.
G_232,dataset_rejected\qwen_auto_qc_20260713\dataset\ground_ball\Codex_Workstation\G_232,ground_ball,correct,correct,accept_correction,auto_accepted,"timing,semantics,adjudication",Qwen results are proposals until applied by the separate reconciliation step.
G_233,dataset_rejected\qwen_auto_qc_20260713\dataset\ground_ball\Codex_Workstation\G_233,ground_ball,correct,correct,accept_correction,manual_review,"timing,semantics,adjudication",Qwen results are proposals until applied by the separate reconciliation step.
G_234,dataset_rejected\qwen_auto_qc_20260713\dataset\ground_ball\Codex_Workstation\G_234,ground_ball,review,correct,accept_correction,manual_review,"timing,semantics,adjudication",Qwen results are proposals until applied by the separate reconciliation step.
G_235,dataset_rejected\qwen_auto_qc_20260713\dataset\ground_ball\Codex_Workstation\G_235,ground_ball,reject,correct,accept_correction,manual_review,"timing,semantics,adjudication",Qwen results are proposals until applied by the separate reconciliation step.
G_236,dataset_rejected\qwen_auto_qc_20260713\dataset\ground_ball\Codex_Workstation\G_236,ground_ball,review,correct,accept_correction,manual_review,"timing,semantics,adjudication",Qwen results are proposals until applied by the separate reconciliation step.
G_238,dataset_rejected\qwen_auto_qc_20260713\dataset\ground_ball\Codex_Workstation\G_238,ground_ball,correct,correct,accept_correction,manual_review,"timing,semantics,adjudication",Qwen results are proposals until applied by the separate reconciliation step.
G_239,dataset_rejected\qwen_auto_qc_20260713\dataset\ground_ball\Codex_Workstation\G_239,ground_ball,correct,correct,accept_correction,auto_accepted,"timing,semantics,adjudication",Qwen results are proposals until applied by the separate reconciliation step.
G_240,dataset_rejected\qwen_auto_qc_20260713\dataset\ground_ball\Codex_Workstation\G_240,ground_ball,correct,correct,accept_correction,manual_review,"timing,semantics,adjudication",Qwen results are proposals until applied by the separate reconciliation step.
G_241,dataset_rejected\qwen_auto_qc_20260713\dataset\ground_ball\Codex_Workstation\G_241,ground_ball,correct,correct,accept_correction,manual_review,"timing,semantics,adjudication",Qwen results are proposals until applied by the separate reconciliation step.
G_243,dataset_rejected\qwen_auto_qc_20260713\dataset\ground_ball\Codex_Workstation\G_243,ground_ball,review,correct,accept_correction,manual_review,"timing,semantics,adjudication",Qwen results are proposals until applied by the separate reconciliation step.
G_244,dataset_rejected\qwen_auto_qc_20260713\dataset\ground_ball\Codex_Workstation\G_244,ground_ball,correct,correct,accept_current,auto_accepted,"timing,semantics,adjudication",Qwen results are proposals until applied by the separate reconciliation step.
G_245,dataset_rejected\qwen_auto_qc_20260713\dataset\ground_ball\Codex_Workstation\G_245,ground_ball,review,correct,accept_correction,manual_review,"timing,semantics,adjudication",Qwen results are proposals until applied by the separate reconciliation step.
G_247,dataset_rejected\qwen_auto_qc_20260713\dataset\ground_ball\Codex_Workstation\G_247,ground_ball,correct,correct,accept_correction,manual_review,"timing,semantics,adjudication",Qwen results are proposals until applied by the separate reconciliation step.
G_248,dataset_rejected\qwen_auto_qc_20260713\dataset\ground_ball\Codex_Workstation\G_248,ground_ball,correct,correct,accept_correction,manual_review,"timing,semantics,adjudication",Qwen results are proposals until applied by the separate reconciliation step.
G_249,dataset_rejected\qwen_auto_qc_20260713\dataset\ground_ball\Codex_Workstation\G_249,ground_ball,review,reject,reject,manual_review,"timing,semantics,adjudication",Qwen results are proposals until applied by the separate reconciliation step.
G_250,dataset_rejected\qwen_auto_qc_20260713\dataset\ground_ball\Codex_Workstation\G_250,ground_ball,correct,correct,accept_correction,auto_accepted,"timing,semantics,adjudication",Qwen results are proposals until applied by the separate reconciliation step.
G_251,dataset_rejected\qwen_auto_qc_20260713\dataset\ground_ball\Codex_Workstation\G_251,ground_ball,correct,correct,reject,manual_review,"timing,semantics,adjudication",Qwen results are proposals until applied by the separate reconciliation step.
G_252,dataset_rejected\qwen_auto_qc_20260713\dataset\ground_ball\Codex_Workstation\G_252,ground_ball,review,correct,accept_correction,manual_review,"timing,semantics,adjudication",Qwen results are proposals until applied by the separate reconciliation step.
G_253,dataset_rejected\qwen_auto_qc_20260713\dataset\ground_ball\Codex_Workstation\G_253,ground_ball,correct,correct,accept_correction,auto_accepted,"timing,semantics,adjudication",Qwen results are proposals until applied by the separate reconciliation step.
G_256,dataset_rejected\qwen_auto_qc_20260713\dataset\ground_ball\Codex_Workstation\G_256,ground_ball,correct,correct,accept_correction,manual_review,"timing,semantics,adjudication",Qwen results are proposals until applied by the separate reconciliation step.
G_259,dataset_rejected\qwen_auto_qc_20260713\dataset\ground_ball\Codex_Workstation\G_259,ground_ball,review,correct,reject,manual_review,"timing,semantics,adjudication",Qwen results are proposals until applied by the separate reconciliation step.
G_260,dataset_rejected\qwen_auto_qc_20260713\dataset\ground_ball\Codex_Workstation\G_260,ground_ball,review,reject,accept_correction,manual_review,"timing,semantics,adjudication",Qwen results are proposals until applied by the separate reconciliation step.
G_261,dataset_rejected\qwen_auto_qc_20260713\dataset\ground_ball\Codex_Workstation\G_261,ground_ball,review,correct,accept_correction,manual_review,"timing,semantics,adjudication",Qwen results are proposals until applied by the separate reconciliation step.
G_262,dataset_rejected\qwen_auto_qc_20260713\dataset\ground_ball\Codex_Workstation\G_262,ground_ball,correct,correct,accept_correction,auto_accepted,"timing,semantics,adjudication",Qwen results are proposals until applied by the separate reconciliation step.
G_263,dataset_rejected\qwen_auto_qc_20260713\dataset\ground_ball\Codex_Workstation\G_263,ground_ball,review,reject,accept_correction,manual_review,"timing,semantics,adjudication",Qwen results are proposals until applied by the separate reconciliation step.
G_265,dataset_rejected\qwen_auto_qc_20260713\dataset\ground_ball\Codex_Workstation\G_265,ground_ball,correct,correct,accept_correction,manual_review,"timing,semantics,adjudication",Qwen results are proposals until applied by the separate reconciliation step.
G_266,dataset_rejected\qwen_auto_qc_20260713\dataset\ground_ball\Codex_Workstation\G_266,ground_ball,correct,correct,accept_correction,auto_accepted,"timing,semantics,adjudication",Qwen results are proposals until applied by the separate reconciliation step.
G_268,dataset_rejected\qwen_auto_qc_20260713\dataset\ground_ball\Codex_Workstation\G_268,ground_ball,review,correct,accept_correction,manual_review,"timing,semantics,adjudication",Qwen results are proposals until applied by the separate reconciliation step.
G_269,dataset_rejected\qwen_auto_qc_20260713\dataset\ground_ball\Codex_Workstation\G_269,ground_ball,correct,correct,accept_correction,manual_review,"timing,semantics,adjudication",Qwen results are proposals until applied by the separate reconciliation step.
G_270,dataset_rejected\qwen_auto_qc_20260713\dataset\ground_ball\Codex_Workstation\G_270,ground_ball,review,correct,accept_correction,manual_review,"timing,semantics,adjudication",Qwen results are proposals until applied by the separate reconciliation step.
G_272,dataset_rejected\qwen_auto_qc_20260713\dataset\ground_ball\Codex_Workstation\G_272,ground_ball,review,correct,accept_correction,manual_review,"timing,semantics,adjudication",Qwen results are proposals until applied by the separate reconciliation step.
G_273,dataset_rejected\qwen_auto_qc_20260713\dataset\ground_ball\Codex_Workstation\G_273,ground_ball,correct,correct,accept_correction,manual_review,"timing,semantics,adjudication",Qwen results are proposals until applied by the separate reconciliation step.
G_274,dataset_rejected\qwen_auto_qc_20260713\dataset\ground_ball\Codex_Workstation\G_274,ground_ball,correct,correct,accept_correction,manual_review,"timing,semantics,adjudication",Qwen results are proposals until applied by the separate reconciliation step.
G_279,dataset_rejected\qwen_auto_qc_20260713\dataset\ground_ball\Codex_Workstation\G_279,ground_ball,review,correct,reject,manual_review,"timing,semantics,adjudication",Qwen results are proposals until applied by the separate reconciliation step.
