clip_id,source_id,source_path,clip_path,audio_path,start_time,end_time,expected_label,status,notes
MLB_824419_elias-diaz-grounds-out-second-baseman-daniel-schneemann-to-first-base_0p000_6p000,MLB_824419_elias-diaz-grounds-out-second-baseman-daniel-schneemann-to-first-base,raw_sources\MLB_824419_elias-diaz-grounds-out-second-baseman-daniel-schneemann-to-first-base_Daniel_Schneemann_s_spinning_throw_Daniel_Schneemann_s_spinning_throw_Daniel_Sch.mp4,clips\pending\MLB_824419_elias-diaz-grounds-out-second-baseman-daniel-schneemann-to-first-base_0p000_6p000\video.mp4,clips\pending\MLB_824419_elias-diaz-grounds-out-second-baseman-daniel-schneemann-to-first-base_0p000_6p000\audio.wav,0.000,6.000,ground_ball,labeled,qwen3.5-omni-plus; confidence=0.95
MLB_823530_paul-blackburn-in-play-out-s-to-zach-mckinstry_0p000_6p000,MLB_823530_paul-blackburn-in-play-out-s-to-zach-mckinstry,raw_sources\MLB_823530_paul-blackburn-in-play-out-s-to-zach-mckinstry_Paul_Blackburn_s_between-the-legs_play_Paul_Blackburn_s_between-the-legs_play_Pa.mp4,clips\pending\MLB_823530_paul-blackburn-in-play-out-s-to-zach-mckinstry_0p000_6p000\video.mp4,clips\pending\MLB_823530_paul-blackburn-in-play-out-s-to-zach-mckinstry_0p000_6p000\audio.wav,0.000,6.000,ground_ball,labeled,qwen3.5-omni-plus; confidence=0.95
MLB_822791_freddy-peralta-in-play-no-out-to-vladimir-guerrero-jr_0p000_7p000,MLB_822791_freddy-peralta-in-play-no-out-to-vladimir-guerrero-jr,raw_sources\MLB_822791_freddy-peralta-in-play-no-out-to-vladimir-guerrero-jr_Vladimir_Guerrero_Jr._doubles_13_on_a_sharp_line_drive_to_left_fielder_Tyrone_Ta.mp4,clips\pending\MLB_822791_freddy-peralta-in-play-no-out-to-vladimir-guerrero-jr_0p000_7p000\video.mp4,clips\pending\MLB_822791_freddy-peralta-in-play-no-out-to-vladimir-guerrero-jr_0p000_7p000\audio.wav,0.000,7.000,fly_ball,labeled,qwen3.5-omni-plus; confidence=0.95
MLB_824419_elias-diaz-grounds-out-second-baseman-daniel-schneemann-to-first-base_auto1_5p140_11p140,MLB_824419_elias-diaz-grounds-out-second-baseman-daniel-schneemann-to-first-base,raw_sources\MLB_824419_elias-diaz-grounds-out-second-baseman-daniel-schneemann-to-first-base_Daniel_Schneemann_s_spinning_throw_Daniel_Schneemann_s_spinning_throw_Daniel_Sch.mp4,clips\pending\MLB_824419_elias-diaz-grounds-out-second-baseman-daniel-schneemann-to-first-base_auto1_5p140_11p140\video.mp4,clips\pending\MLB_824419_elias-diaz-grounds-out-second-baseman-daniel-schneemann-to-first-base_auto1_5p140_11p140\audio.wav,5.140,11.140,ground_ball,needs_review,qwen3.5-omni-plus; label=reject; confidence=1.00
MLB_823530_paul-blackburn-in-play-out-s-to-zach-mckinstry_auto1_10p340_16p340,MLB_823530_paul-blackburn-in-play-out-s-to-zach-mckinstry,raw_sources\MLB_823530_paul-blackburn-in-play-out-s-to-zach-mckinstry_Paul_Blackburn_s_between-the-legs_play_Paul_Blackburn_s_between-the-legs_play_Pa.mp4,clips\pending\MLB_823530_paul-blackburn-in-play-out-s-to-zach-mckinstry_auto1_10p340_16p340\video.mp4,clips\pending\MLB_823530_paul-blackburn-in-play-out-s-to-zach-mckinstry_auto1_10p340_16p340\audio.wav,10.340,16.340,ground_ball,labeled,qwen3.5-omni-plus; confidence=0.95
MLB_822791_freddy-peralta-in-play-no-out-to-vladimir-guerrero-jr_auto1_2p060_9p060,MLB_822791_freddy-peralta-in-play-no-out-to-vladimir-guerrero-jr,raw_sources\MLB_822791_freddy-peralta-in-play-no-out-to-vladimir-guerrero-jr_Vladimir_Guerrero_Jr._doubles_13_on_a_sharp_line_drive_to_left_fielder_Tyrone_Ta.mp4,clips\pending\MLB_822791_freddy-peralta-in-play-no-out-to-vladimir-guerrero-jr_auto1_2p060_9p060\video.mp4,clips\pending\MLB_822791_freddy-peralta-in-play-no-out-to-vladimir-guerrero-jr_auto1_2p060_9p060\audio.wav,2.060,9.060,fly_ball,labeled,qwen3.5-omni-plus; confidence=0.95
MLB_824335_javier-sanoja-grounds-out-third-baseman-kyle-karros-to-first-baseman-_auto1_5p800_11p800,MLB_824335_javier-sanoja-grounds-out-third-baseman-kyle-karros-to-first-baseman-,raw_sources\MLB_824335_javier-sanoja-grounds-out-third-baseman-kyle-karros-to-first-baseman-_Kyle_Karros_strong_throw_from_third_Kyle_Karros_strong_throw_from_third_Kyle_Kar.mp4,clips\pending\MLB_824335_javier-sanoja-grounds-out-third-baseman-kyle-karros-to-first-baseman-_auto1_5p800_11p800\video.mp4,clips\pending\MLB_824335_javier-sanoja-grounds-out-third-baseman-kyle-karros-to-first-baseman-_auto1_5p800_11p800\audio.wav,5.800,11.800,ground_ball,needs_review,qwen3.5-omni-plus; label=reject; confidence=1.00
MLB_824416_davis-martin-in-play-out-s-to-gabriel-arias-t3lnod_auto1_4p040_11p040,MLB_824416_davis-martin-in-play-out-s-to-gabriel-arias-t3lnod,raw_sources\MLB_824416_davis-martin-in-play-out-s-to-gabriel-arias-t3lnod_Colson_Montgomery_s_slick_snag_Colson_Montgomery_s_slick_snag_Colson_Montgomery_.mp4,clips\pending\MLB_824416_davis-martin-in-play-out-s-to-gabriel-arias-t3lnod_auto1_4p040_11p040\video.mp4,clips\pending\MLB_824416_davis-martin-in-play-out-s-to-gabriel-arias-t3lnod_auto1_4p040_11p040\audio.wav,4.040,11.040,fly_ball,needs_review,qwen3.5-omni-plus; label=reject; confidence=1.00
MLB_824906_dustin-may-in-play-no-out-to-dominic-smith_auto1_0p000_7p000,MLB_824906_dustin-may-in-play-no-out-to-dominic-smith,raw_sources\MLB_824906_dustin-may-in-play-no-out-to-dominic-smith_Dominic_Smith_clears_bases_with_liner_off_Dustin_May_Dominic_Smith_clears_bases_.mp4,clips\pending\MLB_824906_dustin-may-in-play-no-out-to-dominic-smith_auto1_0p000_7p000\video.mp4,clips\pending\MLB_824906_dustin-may-in-play-no-out-to-dominic-smith_auto1_0p000_7p000\audio.wav,0.000,7.000,fly_ball,labeled,qwen3.5-omni-plus; confidence=0.95
MLB_824093_isaac-collins-homers-4-on-a-fly-ball-to-center-field_auto1_4p320_11p320,MLB_824093_isaac-collins-homers-4-on-a-fly-ball-to-center-field,raw_sources\MLB_824093_isaac-collins-homers-4-on-a-fly-ball-to-center-field_Isaac_Collins_solo_homer_4_Isaac_Collins_solo_homer_4_Isaac_Collins_solo_homer_4.mp4,clips\pending\MLB_824093_isaac-collins-homers-4-on-a-fly-ball-to-center-field_auto1_4p320_11p320\video.mp4,clips\pending\MLB_824093_isaac-collins-homers-4-on-a-fly-ball-to-center-field_auto1_4p320_11p320\audio.wav,4.320,11.320,fly_ball,labeled,qwen3.5-omni-plus; confidence=0.95
MLB_824093_stephen-kolek-in-play-run-s-to-hunter-feduccia_auto1_10p340_17p340,MLB_824093_stephen-kolek-in-play-run-s-to-hunter-feduccia,raw_sources\MLB_824093_stephen-kolek-in-play-run-s-to-hunter-feduccia_Hunter_Feduccia_s_RBI_triple_Hunter_Feduccia_s_RBI_triple_Hunter_Feduccia_s_RBI_.mp4,clips\pending\MLB_824093_stephen-kolek-in-play-run-s-to-hunter-feduccia_auto1_10p340_17p340\video.mp4,clips\pending\MLB_824093_stephen-kolek-in-play-run-s-to-hunter-feduccia_auto1_10p340_17p340\audio.wav,10.340,17.340,fly_ball,needs_review,qwen3.5-omni-plus; label=reject; confidence=1.00
MLB_824419_elias-diaz-grounds-out-second-baseman-daniel-schneemann-to-first-base_head_0p000_6p000,MLB_824419_elias-diaz-grounds-out-second-baseman-daniel-schneemann-to-first-base,raw_sources\MLB_824419_elias-diaz-grounds-out-second-baseman-daniel-schneemann-to-first-base_Daniel_Schneemann_s_spinning_throw_Daniel_Schneemann_s_spinning_throw_Daniel_Sch.mp4,clips\pending\MLB_824419_elias-diaz-grounds-out-second-baseman-daniel-schneemann-to-first-base_head_0p000_6p000\video.mp4,clips\pending\MLB_824419_elias-diaz-grounds-out-second-baseman-daniel-schneemann-to-first-base_head_0p000_6p000\audio.wav,0.000,6.000,ground_ball,duplicate,duplicate of MLB_824419_elias-diaz-grounds-out-second-baseman-daniel-schneemann-to-first-base_0p000_6p000
MLB_823530_paul-blackburn-in-play-out-s-to-zach-mckinstry_head_0p000_6p000,MLB_823530_paul-blackburn-in-play-out-s-to-zach-mckinstry,raw_sources\MLB_823530_paul-blackburn-in-play-out-s-to-zach-mckinstry_Paul_Blackburn_s_between-the-legs_play_Paul_Blackburn_s_between-the-legs_play_Pa.mp4,clips\pending\MLB_823530_paul-blackburn-in-play-out-s-to-zach-mckinstry_head_0p000_6p000\video.mp4,clips\pending\MLB_823530_paul-blackburn-in-play-out-s-to-zach-mckinstry_head_0p000_6p000\audio.wav,0.000,6.000,ground_ball,duplicate,duplicate of MLB_823530_paul-blackburn-in-play-out-s-to-zach-mckinstry_0p000_6p000
MLB_822791_freddy-peralta-in-play-no-out-to-vladimir-guerrero-jr_head_0p000_7p000,MLB_822791_freddy-peralta-in-play-no-out-to-vladimir-guerrero-jr,raw_sources\MLB_822791_freddy-peralta-in-play-no-out-to-vladimir-guerrero-jr_Vladimir_Guerrero_Jr._doubles_13_on_a_sharp_line_drive_to_left_fielder_Tyrone_Ta.mp4,clips\pending\MLB_822791_freddy-peralta-in-play-no-out-to-vladimir-guerrero-jr_head_0p000_7p000\video.mp4,clips\pending\MLB_822791_freddy-peralta-in-play-no-out-to-vladimir-guerrero-jr_head_0p000_7p000\audio.wav,0.000,7.000,fly_ball,duplicate,duplicate of MLB_822791_freddy-peralta-in-play-no-out-to-vladimir-guerrero-jr_0p000_7p000
MLB_824335_javier-sanoja-grounds-out-third-baseman-kyle-karros-to-first-baseman-_head_0p000_6p000,MLB_824335_javier-sanoja-grounds-out-third-baseman-kyle-karros-to-first-baseman-,raw_sources\MLB_824335_javier-sanoja-grounds-out-third-baseman-kyle-karros-to-first-baseman-_Kyle_Karros_strong_throw_from_third_Kyle_Karros_strong_throw_from_third_Kyle_Kar.mp4,clips\pending\MLB_824335_javier-sanoja-grounds-out-third-baseman-kyle-karros-to-first-baseman-_head_0p000_6p000\video.mp4,clips\pending\MLB_824335_javier-sanoja-grounds-out-third-baseman-kyle-karros-to-first-baseman-_head_0p000_6p000\audio.wav,0.000,6.000,ground_ball,labeled,qwen3.5-omni-plus; confidence=0.95
MLB_824416_davis-martin-in-play-out-s-to-gabriel-arias-t3lnod_head_0p000_7p000,MLB_824416_davis-martin-in-play-out-s-to-gabriel-arias-t3lnod,raw_sources\MLB_824416_davis-martin-in-play-out-s-to-gabriel-arias-t3lnod_Colson_Montgomery_s_slick_snag_Colson_Montgomery_s_slick_snag_Colson_Montgomery_.mp4,clips\pending\MLB_824416_davis-martin-in-play-out-s-to-gabriel-arias-t3lnod_head_0p000_7p000\video.mp4,clips\pending\MLB_824416_davis-martin-in-play-out-s-to-gabriel-arias-t3lnod_head_0p000_7p000\audio.wav,0.000,7.000,fly_ball,labeled,qwen3.5-omni-plus; confidence=0.95
MLB_824906_dustin-may-in-play-no-out-to-dominic-smith_head_0p000_7p000,MLB_824906_dustin-may-in-play-no-out-to-dominic-smith,raw_sources\MLB_824906_dustin-may-in-play-no-out-to-dominic-smith_Dominic_Smith_clears_bases_with_liner_off_Dustin_May_Dominic_Smith_clears_bases_.mp4,clips\pending\MLB_824906_dustin-may-in-play-no-out-to-dominic-smith_head_0p000_7p000\video.mp4,clips\pending\MLB_824906_dustin-may-in-play-no-out-to-dominic-smith_head_0p000_7p000\audio.wav,0.000,7.000,fly_ball,duplicate,duplicate of MLB_824906_dustin-may-in-play-no-out-to-dominic-smith_auto1_0p000_7p000
MLB_824093_isaac-collins-homers-4-on-a-fly-ball-to-center-field_head_0p000_7p000,MLB_824093_isaac-collins-homers-4-on-a-fly-ball-to-center-field,raw_sources\MLB_824093_isaac-collins-homers-4-on-a-fly-ball-to-center-field_Isaac_Collins_solo_homer_4_Isaac_Collins_solo_homer_4_Isaac_Collins_solo_homer_4.mp4,clips\pending\MLB_824093_isaac-collins-homers-4-on-a-fly-ball-to-center-field_head_0p000_7p000\video.mp4,clips\pending\MLB_824093_isaac-collins-homers-4-on-a-fly-ball-to-center-field_head_0p000_7p000\audio.wav,0.000,7.000,fly_ball,labeled,qwen3.5-omni-plus; confidence=0.95
MLB_824093_stephen-kolek-in-play-run-s-to-hunter-feduccia_head_0p000_7p000,MLB_824093_stephen-kolek-in-play-run-s-to-hunter-feduccia,raw_sources\MLB_824093_stephen-kolek-in-play-run-s-to-hunter-feduccia_Hunter_Feduccia_s_RBI_triple_Hunter_Feduccia_s_RBI_triple_Hunter_Feduccia_s_RBI_.mp4,clips\pending\MLB_824093_stephen-kolek-in-play-run-s-to-hunter-feduccia_head_0p000_7p000\video.mp4,clips\pending\MLB_824093_stephen-kolek-in-play-run-s-to-hunter-feduccia_head_0p000_7p000\audio.wav,0.000,7.000,fly_ball,labeled,qwen3.5-omni-plus; confidence=0.95
MLB_824659_pedro-ramirez-triples-1-on-a-sharp-line-drive-to-right-fielder-jordan_head_0p000_7p000,MLB_824659_pedro-ramirez-triples-1-on-a-sharp-line-drive-to-right-fielder-jordan,raw_sources\MLB_824659_pedro-ramirez-triples-1-on-a-sharp-line-drive-to-right-fielder-jordan_Pedro_Ram_rez_s_first_triple_Pedro_Ram_rez_s_first_triple_Pedro_Ram_rez_s_first_.mp4,clips\pending\MLB_824659_pedro-ramirez-triples-1-on-a-sharp-line-drive-to-right-fielder-jordan_head_0p000_7p000\video.mp4,clips\pending\MLB_824659_pedro-ramirez-triples-1-on-a-sharp-line-drive-to-right-fielder-jordan_head_0p000_7p000\audio.wav,0.000,7.000,fly_ball,labeled,qwen3.5-omni-plus; confidence=0.95
MLB_822714_tyler-callihan-in-play-out-s-to-jose-tena_head_0p000_6p000,MLB_822714_tyler-callihan-in-play-out-s-to-jose-tena,raw_sources\MLB_822714_tyler-callihan-in-play-out-s-to-jose-tena_Tyler_Callihan_escapes_bases-loaded_jam_in_the_8th_Tyler_Callihan_escapes_bases-.mp4,clips\pending\MLB_822714_tyler-callihan-in-play-out-s-to-jose-tena_head_0p000_6p000\video.mp4,clips\pending\MLB_822714_tyler-callihan-in-play-out-s-to-jose-tena_head_0p000_6p000\audio.wav,0.000,6.000,ground_ball,labeled,qwen3.5-omni-plus; confidence=0.95
MLB_822714_jake-mangum-pops-out-to-shortstop-cj-abrams_head_0p000_7p000,MLB_822714_jake-mangum-pops-out-to-shortstop-cj-abrams,raw_sources\MLB_822714_jake-mangum-pops-out-to-shortstop-cj-abrams_CJ_Abrams_makes_the_catch_for_the_win_CJ_Abrams_makes_the_catch_for_the_win_CJ_A.mp4,clips\pending\MLB_822714_jake-mangum-pops-out-to-shortstop-cj-abrams_head_0p000_7p000\video.mp4,clips\pending\MLB_822714_jake-mangum-pops-out-to-shortstop-cj-abrams_head_0p000_7p000\audio.wav,0.000,7.000,fly_ball,labeled,qwen3.5-omni-plus; confidence=0.95
MLB_824982_griffin-conine-lines-out-to-first-baseman-nick-kurtz_head_0p000_7p000,MLB_824982_griffin-conine-lines-out-to-first-baseman-nick-kurtz,raw_sources\MLB_824982_griffin-conine-lines-out-to-first-baseman-nick-kurtz_Nick_Kurtz_s_leaping_catch_Nick_Kurtz_s_leaping_catch_Nick_Kurtz_s_leaping_catch.mp4,clips\pending\MLB_824982_griffin-conine-lines-out-to-first-baseman-nick-kurtz_head_0p000_7p000\video.mp4,clips\pending\MLB_824982_griffin-conine-lines-out-to-first-baseman-nick-kurtz_head_0p000_7p000\audio.wav,0.000,7.000,fly_ball,labeled,qwen3.5-omni-plus; confidence=0.95
MLB_824982_jack-perkins-in-play-out-s-to-otto-lopez_head_0p000_6p000,MLB_824982_jack-perkins-in-play-out-s-to-otto-lopez,raw_sources\MLB_824982_jack-perkins-in-play-out-s-to-otto-lopez_Shea_Langeliers_barehanded_stop_and_throw_Shea_Langeliers_barehanded_stop_and_th.mp4,clips\pending\MLB_824982_jack-perkins-in-play-out-s-to-otto-lopez_head_0p000_6p000\video.mp4,clips\pending\MLB_824982_jack-perkins-in-play-out-s-to-otto-lopez_head_0p000_6p000\audio.wav,0.000,6.000,ground_ball,labeled,qwen3.5-omni-plus; confidence=0.95
MLB_825062_brice-turang-s-two-run-single_head_0p000_7p000,MLB_825062_brice-turang-s-two-run-single,raw_sources\MLB_825062_brice-turang-s-two-run-single_Brice_Turang_s_two-run_single_Brice_Turang_s_two-run_single_Brice_Turang_s_two-r.mp4,clips\pending\MLB_825062_brice-turang-s-two-run-single_head_0p000_7p000\video.mp4,clips\pending\MLB_825062_brice-turang-s-two-run-single_head_0p000_7p000\audio.wav,0.000,7.000,fly_ball,labeled,qwen3.5-omni-plus; confidence=0.95
MLB_825062_gabriel-moreno-singles-on-a-ground-ball-to-right-fielder-sal-frelick-_head_0p000_6p000,MLB_825062_gabriel-moreno-singles-on-a-ground-ball-to-right-fielder-sal-frelick-,raw_sources\MLB_825062_gabriel-moreno-singles-on-a-ground-ball-to-right-fielder-sal-frelick-_Gabriel_Moreno_s_RBI_single_Gabriel_Moreno_s_RBI_single_Gabriel_Moreno_s_RBI_sin.mp4,clips\pending\MLB_825062_gabriel-moreno-singles-on-a-ground-ball-to-right-fielder-sal-frelick-_head_0p000_6p000\video.mp4,clips\pending\MLB_825062_gabriel-moreno-singles-on-a-ground-ball-to-right-fielder-sal-frelick-_head_0p000_6p000\audio.wav,0.000,6.000,ground_ball,labeled,qwen3.5-omni-plus; confidence=0.95
MLB_825062_jake-bauers-rbi-single-x5265_head_0p000_7p000,MLB_825062_jake-bauers-rbi-single-x5265,raw_sources\MLB_825062_jake-bauers-rbi-single-x5265_Jake_Bauers_RBI_single_Jake_Bauers_RBI_single_Jake_Bauers_RBI_single_Jake_Bauers.mp4,clips\pending\MLB_825062_jake-bauers-rbi-single-x5265_head_0p000_7p000\video.mp4,clips\pending\MLB_825062_jake-bauers-rbi-single-x5265_head_0p000_7p000\audio.wav,0.000,7.000,fly_ball,labeled,qwen3.5-omni-plus; confidence=0.95
MLB_825062_ildemaro-vargas-singles-on-a-sharp-line-drive-to-right-fielder-blake-_head_0p000_7p000,MLB_825062_ildemaro-vargas-singles-on-a-sharp-line-drive-to-right-fielder-blake-,raw_sources\MLB_825062_ildemaro-vargas-singles-on-a-sharp-line-drive-to-right-fielder-blake-_Ildemaro_Vargas_RBI_single_Ildemaro_Vargas_RBI_single_Ildemaro_Vargas_RBI_single.mp4,clips\pending\MLB_825062_ildemaro-vargas-singles-on-a-sharp-line-drive-to-right-fielder-blake-_head_0p000_7p000\video.mp4,clips\pending\MLB_825062_ildemaro-vargas-singles-on-a-sharp-line-drive-to-right-fielder-blake-_head_0p000_7p000\audio.wav,0.000,7.000,fly_ball,labeled,qwen3.5-omni-plus; confidence=0.95
MLB_824499_brandon-young-in-play-out-s-to-jj-bleday-qtbjyt_head_0p000_7p000,MLB_824499_brandon-young-in-play-out-s-to-jj-bleday-qtbjyt,raw_sources\MLB_824499_brandon-young-in-play-out-s-to-jj-bleday-qtbjyt_Jackson_Holliday_s_sweet_spinning_catch_Jackson_Holliday_s_sweet_spinning_catch_.mp4,clips\pending\MLB_824499_brandon-young-in-play-out-s-to-jj-bleday-qtbjyt_head_0p000_7p000\video.mp4,clips\pending\MLB_824499_brandon-young-in-play-out-s-to-jj-bleday-qtbjyt_head_0p000_7p000\audio.wav,0.000,7.000,fly_ball,labeled,qwen3.5-omni-plus; confidence=0.95
MLB_824415_grant-taylor-in-play-out-s-to-david-fry_head_0p000_6p000,MLB_824415_grant-taylor-in-play-out-s-to-david-fry,raw_sources\MLB_824415_grant-taylor-in-play-out-s-to-david-fry_Grant_Taylor_seals_save_3-1_victory_Grant_Taylor_seals_save_3-1_victory_Grant_Ta.mp4,clips\pending\MLB_824415_grant-taylor-in-play-out-s-to-david-fry_head_0p000_6p000\video.mp4,clips\pending\MLB_824415_grant-taylor-in-play-out-s-to-david-fry_head_0p000_6p000\audio.wav,0.000,6.000,ground_ball,labeled,qwen3.5-omni-plus; confidence=0.95
MLB_824658_pete-crow-armstrong-singles-in-the-8th-inning_head_0p000_7p000,MLB_824658_pete-crow-armstrong-singles-in-the-8th-inning,raw_sources\MLB_824658_pete-crow-armstrong-singles-in-the-8th-inning_Pete_Crow-Armstrong_singles_in_the_8th_inning_Pete_Crow-Armstrong_singles_in_the.mp4,clips\pending\MLB_824658_pete-crow-armstrong-singles-in-the-8th-inning_head_0p000_7p000\video.mp4,clips\pending\MLB_824658_pete-crow-armstrong-singles-in-the-8th-inning_head_0p000_7p000\audio.wav,0.000,7.000,fly_ball,labeled,qwen3.5-omni-plus; confidence=0.95
MLB_824334_juan-mejia-in-play-out-s-to-bryce-eldridge-bglct6_head_0p000_7p000,MLB_824334_juan-mejia-in-play-out-s-to-bryce-eldridge-bglct6,raw_sources\MLB_824334_juan-mejia-in-play-out-s-to-bryce-eldridge-bglct6_Juan_Mejia_escapes_bases-loaded_jam_in_the_6th_Juan_Mejia_escapes_bases-loaded_j.mp4,clips\pending\MLB_824334_juan-mejia-in-play-out-s-to-bryce-eldridge-bglct6_head_0p000_7p000\video.mp4,clips\pending\MLB_824334_juan-mejia-in-play-out-s-to-bryce-eldridge-bglct6_head_0p000_7p000\audio.wav,0.000,7.000,fly_ball,labeled,qwen3.5-omni-plus; confidence=0.95
MLB_824334_kyle-karros-grounds-out-third-baseman-casey-schmitt-to-first-baseman-_head_0p000_6p000,MLB_824334_kyle-karros-grounds-out-third-baseman-casey-schmitt-to-first-baseman-,raw_sources\MLB_824334_kyle-karros-grounds-out-third-baseman-casey-schmitt-to-first-baseman-_Casey_Schmitt_throws_out_Kyle_Karros_in_the_3rd_Casey_Schmitt_throws_out_Kyle_Ka.mp4,clips\pending\MLB_824334_kyle-karros-grounds-out-third-baseman-casey-schmitt-to-first-baseman-_head_0p000_6p000\video.mp4,clips\pending\MLB_824334_kyle-karros-grounds-out-third-baseman-casey-schmitt-to-first-baseman-_head_0p000_6p000\audio.wav,0.000,6.000,ground_ball,labeled,qwen3.5-omni-plus; confidence=0.95
MLB_824983_kade-morris-in-play-out-s-to-esteury-ruiz-ao1doh_head_0p000_6p000,MLB_824983_kade-morris-in-play-out-s-to-esteury-ruiz-ao1doh,raw_sources\MLB_824983_kade-morris-in-play-out-s-to-esteury-ruiz-ao1doh_Joshua_Kuroda-Grauer_s_sharp_play_Joshua_Kuroda-Grauer_s_sharp_play_Joshua_Kurod.mp4,clips\pending\MLB_824983_kade-morris-in-play-out-s-to-esteury-ruiz-ao1doh_head_0p000_6p000\video.mp4,clips\pending\MLB_824983_kade-morris-in-play-out-s-to-esteury-ruiz-ao1doh_head_0p000_6p000\audio.wav,0.000,6.000,ground_ball,labeled,qwen3.5-omni-plus; confidence=0.95
MLB_824983_aaron-civale-in-play-out-s-to-jakob-marsee_head_0p000_7p000,MLB_824983_aaron-civale-in-play-out-s-to-jakob-marsee,raw_sources\MLB_824983_aaron-civale-in-play-out-s-to-jakob-marsee_Alika_Williams_Zack_Gelof_combine_for_unique_catch_Alika_Williams_Zack_Gelof_com.mp4,clips\pending\MLB_824983_aaron-civale-in-play-out-s-to-jakob-marsee_head_0p000_7p000\video.mp4,clips\pending\MLB_824983_aaron-civale-in-play-out-s-to-jakob-marsee_head_0p000_7p000\audio.wav,0.000,7.000,fly_ball,labeled,qwen3.5-omni-plus; confidence=0.95
MLB_823932_ty-france-grounds-out-to-first-baseman-freddie-freeman_head_0p000_6p000,MLB_823932_ty-france-grounds-out-to-first-baseman-freddie-freeman,raw_sources\MLB_823932_ty-france-grounds-out-to-first-baseman-freddie-freeman_Will_Klein_seals_the_save_Dodgers_3-0_victory_Will_Klein_seals_the_save_Dodgers_.mp4,clips\pending\MLB_823932_ty-france-grounds-out-to-first-baseman-freddie-freeman_head_0p000_6p000\video.mp4,clips\pending\MLB_823932_ty-france-grounds-out-to-first-baseman-freddie-freeman_head_0p000_6p000\audio.wav,0.000,6.000,ground_ball,labeled,qwen3.5-omni-plus; confidence=0.95
MLB_824902_martin-perez-in-play-out-s-to-tyrone-taylor-mvutkg_head_0p000_6p000,MLB_824902_martin-perez-in-play-out-s-to-tyrone-taylor-mvutkg,raw_sources\MLB_824902_martin-perez-in-play-out-s-to-tyrone-taylor-mvutkg_Jim_Jarvis_stellar_scoop_Jim_Jarvis_stellar_scoop_Jim_Jarvis_stellar_scoop_Jim_J.mp4,clips\pending\MLB_824902_martin-perez-in-play-out-s-to-tyrone-taylor-mvutkg_head_0p000_6p000\video.mp4,clips\pending\MLB_824902_martin-perez-in-play-out-s-to-tyrone-taylor-mvutkg_head_0p000_6p000\audio.wav,0.000,6.000,ground_ball,labeled,qwen3.5-omni-plus; confidence=0.95
MLB_824902_martin-perez-exits-after-getting-drilled-with-liner_head_0p000_7p000,MLB_824902_martin-perez-exits-after-getting-drilled-with-liner,raw_sources\MLB_824902_martin-perez-exits-after-getting-drilled-with-liner_Mart_n_P_rez_exits_after_getting_drilled_with_liner_Mart_n_P_rez_exits_after_get.mp4,clips\pending\MLB_824902_martin-perez-exits-after-getting-drilled-with-liner_head_0p000_7p000\video.mp4,clips\pending\MLB_824902_martin-perez-exits-after-getting-drilled-with-liner_head_0p000_7p000\audio.wav,0.000,7.000,fly_ball,labeled,qwen3.5-omni-plus; confidence=0.95
MLB_824413_shawn-armstrong-in-play-out-s-to-tristan-peters_head_0p000_7p000,MLB_824413_shawn-armstrong-in-play-out-s-to-tristan-peters,raw_sources\MLB_824413_shawn-armstrong-in-play-out-s-to-tristan-peters_Kahlil_Watson_s_diving_grab_Kahlil_Watson_s_diving_grab_Kahlil_Watson_s_diving_g.mp4,clips\pending\MLB_824413_shawn-armstrong-in-play-out-s-to-tristan-peters_head_0p000_7p000\video.mp4,clips\pending\MLB_824413_shawn-armstrong-in-play-out-s-to-tristan-peters_head_0p000_7p000\audio.wav,0.000,7.000,fly_ball,labeled,qwen3.5-omni-plus; confidence=0.90
MLB_824333_tyler-mahle-in-play-no-out-to-jake-mccarthy_head_0p000_7p000,MLB_824333_tyler-mahle-in-play-no-out-to-jake-mccarthy,raw_sources\MLB_824333_tyler-mahle-in-play-no-out-to-jake-mccarthy_Jake_McCarthy_s_triple_Jake_McCarthy_s_triple_Jake_McCarthy_triples_6_to_right-c.mp4,clips\pending\MLB_824333_tyler-mahle-in-play-no-out-to-jake-mccarthy_head_0p000_7p000\video.mp4,clips\pending\MLB_824333_tyler-mahle-in-play-no-out-to-jake-mccarthy_head_0p000_7p000\audio.wav,0.000,7.000,fly_ball,labeled,qwen3.5-omni-plus; confidence=0.95
MLB_823931_shohei-ohtani-singles-on-a-line-drive-to-center-fielder-jackson-merri_head_0p000_7p000,MLB_823931_shohei-ohtani-singles-on-a-line-drive-to-center-fielder-jackson-merri,raw_sources\MLB_823931_shohei-ohtani-singles-on-a-line-drive-to-center-fielder-jackson-merri_Shohei_Ohtani_s_RBI_single_Shohei_Ohtani_s_RBI_single_Shohei_Ohtani_s_RBI_single.mp4,clips\pending\MLB_823931_shohei-ohtani-singles-on-a-line-drive-to-center-fielder-jackson-merri_head_0p000_7p000\video.mp4,clips\pending\MLB_823931_shohei-ohtani-singles-on-a-line-drive-to-center-fielder-jackson-merri_head_0p000_7p000\audio.wav,0.000,7.000,fly_ball,labeled,qwen3.5-omni-plus; confidence=0.95
MLB_824900_freddy-peralta-in-play-out-s-to-mike-yastrzemski-irj7tw_head_0p000_7p000,MLB_824900_freddy-peralta-in-play-out-s-to-mike-yastrzemski-irj7tw,raw_sources\MLB_824900_freddy-peralta-in-play-out-s-to-mike-yastrzemski-irj7tw_Carson_Benge_s_diving_catch_Carson_Benge_s_diving_catch_Carson_Benge_s_diving_ca.mp4,clips\pending\MLB_824900_freddy-peralta-in-play-out-s-to-mike-yastrzemski-irj7tw_head_0p000_7p000\video.mp4,clips\pending\MLB_824900_freddy-peralta-in-play-out-s-to-mike-yastrzemski-irj7tw_head_0p000_7p000\audio.wav,0.000,7.000,fly_ball,labeled,qwen3.5-omni-plus; confidence=0.95
MLB_823035_luis-lara-makes-the-catch-for-the-brewers-win_head_0p000_7p000,MLB_823035_luis-lara-makes-the-catch-for-the-brewers-win,raw_sources\MLB_823035_luis-lara-makes-the-catch-for-the-brewers-win_Luis_Lara_makes_the_catch_for_the_Brewers_win_Luis_Lara_makes_the_catch_for_the_.mp4,clips\pending\MLB_823035_luis-lara-makes-the-catch-for-the-brewers-win_head_0p000_7p000\video.mp4,clips\pending\MLB_823035_luis-lara-makes-the-catch-for-the-brewers-win_head_0p000_7p000\audio.wav,0.000,7.000,fly_ball,labeled,qwen3.5-omni-plus; confidence=0.95
MLB_823035_jordan-walker-grounds-out-third-baseman-joey-ortiz-to-first-baseman-a_head_0p000_6p000,MLB_823035_jordan-walker-grounds-out-third-baseman-joey-ortiz-to-first-baseman-a,raw_sources\MLB_823035_jordan-walker-grounds-out-third-baseman-joey-ortiz-to-first-baseman-a_Joey_Ortiz_throws_out_Jordan_Walker_in_the_bottom_of_the_3rd_Joey_Ortiz_throws_o.mp4,clips\pending\MLB_823035_jordan-walker-grounds-out-third-baseman-joey-ortiz-to-first-baseman-a_head_0p000_6p000\video.mp4,clips\pending\MLB_823035_jordan-walker-grounds-out-third-baseman-joey-ortiz-to-first-baseman-a_head_0p000_6p000\audio.wav,0.000,6.000,ground_ball,labeled,qwen3.5-omni-plus; confidence=0.95
MLB_822956_tim-hill-in-play-out-s-to-cedric-mullins_head_0p000_7p000,MLB_822956_tim-hill-in-play-out-s-to-cedric-mullins,raw_sources\MLB_822956_tim-hill-in-play-out-s-to-cedric-mullins_Paul_Goldschmidt_s_diving_snag_Paul_Goldschmidt_s_diving_snag_Paul_Goldschmidt_s.mp4,clips\pending\MLB_822956_tim-hill-in-play-out-s-to-cedric-mullins_head_0p000_7p000\video.mp4,clips\pending\MLB_822956_tim-hill-in-play-out-s-to-cedric-mullins_head_0p000_7p000\audio.wav,0.000,7.000,fly_ball,labeled,qwen3.5-omni-plus; confidence=0.95
MLB_823607_isaac-collins-doubles-16-on-a-fly-ball-to-left-fielder-juan-soto-jac-_head_0p000_7p000,MLB_823607_isaac-collins-doubles-16-on-a-fly-ball-to-left-fielder-juan-soto-jac-,raw_sources\MLB_823607_isaac-collins-doubles-16-on-a-fly-ball-to-left-fielder-juan-soto-jac-_Isaac_Collins_RBI_double_Isaac_Collins_RBI_double_Isaac_Collins_RBI_double_Isaac.mp4,clips\pending\MLB_823607_isaac-collins-doubles-16-on-a-fly-ball-to-left-fielder-juan-soto-jac-_head_0p000_7p000\video.mp4,clips\pending\MLB_823607_isaac-collins-doubles-16-on-a-fly-ball-to-left-fielder-juan-soto-jac-_head_0p000_7p000\audio.wav,0.000,7.000,fly_ball,labeled,qwen3.5-omni-plus; confidence=0.95
MLB_823607_carson-benge-s-rbi-single_head_0p000_7p000,MLB_823607_carson-benge-s-rbi-single,raw_sources\MLB_823607_carson-benge-s-rbi-single_Carson_Benge_s_RBI_single_Carson_Benge_s_RBI_single_Carson_Benge_s_RBI_single_Ca.mp4,clips\pending\MLB_823607_carson-benge-s-rbi-single_head_0p000_7p000\video.mp4,clips\pending\MLB_823607_carson-benge-s-rbi-single_head_0p000_7p000\audio.wav,0.000,7.000,fly_ball,labeled,qwen3.5-omni-plus; confidence=0.95
MLB_823607_huascar-brazoban-in-play-run-s-to-salvador-perez-osgjta_head_0p000_7p000,MLB_823607_huascar-brazoban-in-play-run-s-to-salvador-perez-osgjta,raw_sources\MLB_823607_huascar-brazoban-in-play-run-s-to-salvador-perez-osgjta_Salvador_Perez_s_RBI_single_Salvador_Perez_s_RBI_single_Salvador_Perez_s_RBI_sin.mp4,clips\pending\MLB_823607_huascar-brazoban-in-play-run-s-to-salvador-perez-osgjta_head_0p000_7p000\video.mp4,clips\pending\MLB_823607_huascar-brazoban-in-play-run-s-to-salvador-perez-osgjta_head_0p000_7p000\audio.wav,0.000,7.000,fly_ball,labeled,qwen3.5-omni-plus; confidence=0.95
MLB_823607_kodai-senga-in-play-run-s-to-lane-thomas-sinsu1_head_0p000_7p000,MLB_823607_kodai-senga-in-play-run-s-to-lane-thomas-sinsu1,raw_sources\MLB_823607_kodai-senga-in-play-run-s-to-lane-thomas-sinsu1_Lane_Thomas_two-run_double_Lane_Thomas_two-run_double_Lane_Thomas_two-run_double.mp4,clips\pending\MLB_823607_kodai-senga-in-play-run-s-to-lane-thomas-sinsu1_head_0p000_7p000\video.mp4,clips\pending\MLB_823607_kodai-senga-in-play-run-s-to-lane-thomas-sinsu1_head_0p000_7p000\audio.wav,0.000,7.000,fly_ball,needs_review,qwen3.5-omni-plus; label=reject; confidence=1.00
MLB_823607_seth-lugo-in-play-run-s-to-a-j-ewing_head_0p000_6p000,MLB_823607_seth-lugo-in-play-run-s-to-a-j-ewing,raw_sources\MLB_823607_seth-lugo-in-play-run-s-to-a-j-ewing_A.J._Ewing_s_RBI_single_A.J._Ewing_s_RBI_single_A.J._Ewing_s_RBI_single_A.J._Ewi.mp4,clips\pending\MLB_823607_seth-lugo-in-play-run-s-to-a-j-ewing_head_0p000_6p000\video.mp4,clips\pending\MLB_823607_seth-lugo-in-play-run-s-to-a-j-ewing_head_0p000_6p000\audio.wav,0.000,6.000,ground_ball,labeled,qwen3.5-omni-plus; confidence=0.95
MLB_823687_erik-sabrowski-in-play-run-s-to-kody-clemens_head_0p000_7p000,MLB_823687_erik-sabrowski-in-play-run-s-to-kody-clemens,raw_sources\MLB_823687_erik-sabrowski-in-play-run-s-to-kody-clemens_Kody_Clemens_RBI_triple_Kody_Clemens_RBI_triple_Kody_Clemens_RBI_triple_Kody_Cle.mp4,clips\pending\MLB_823687_erik-sabrowski-in-play-run-s-to-kody-clemens_head_0p000_7p000\video.mp4,clips\pending\MLB_823687_erik-sabrowski-in-play-run-s-to-kody-clemens_head_0p000_7p000\audio.wav,0.000,7.000,fly_ball,labeled,qwen3.5-omni-plus; confidence=0.95
MLB_823202_tyler-rogers-in-play-out-s-to-rafael-devers_head_0p000_7p000,MLB_823202_tyler-rogers-in-play-out-s-to-rafael-devers,raw_sources\MLB_823202_tyler-rogers-in-play-out-s-to-rafael-devers_Tyler_Rogers_seals_Blue_Jays_win_Tyler_Rogers_seals_Blue_Jays_win_Tyler_Rogers_s.mp4,clips\pending\MLB_823202_tyler-rogers-in-play-out-s-to-rafael-devers_head_0p000_7p000\video.mp4,clips\pending\MLB_823202_tyler-rogers-in-play-out-s-to-rafael-devers_head_0p000_7p000\audio.wav,0.000,7.000,fly_ball,labeled,qwen3.5-omni-plus; confidence=0.95
MLB_823202_george-springer-lines-out-to-shortstop-willy-adames_head_0p000_7p000,MLB_823202_george-springer-lines-out-to-shortstop-willy-adames,raw_sources\MLB_823202_george-springer-lines-out-to-shortstop-willy-adames_Willy_Adames_nice_spinning_catch_Willy_Adames_nice_spinning_catch_Willy_Adames_n.mp4,clips\pending\MLB_823202_george-springer-lines-out-to-shortstop-willy-adames_head_0p000_7p000\video.mp4,clips\pending\MLB_823202_george-springer-lines-out-to-shortstop-willy-adames_head_0p000_7p000\audio.wav,0.000,7.000,fly_ball,labeled,qwen3.5-omni-plus; confidence=0.95
MLB_824815_gunnar-henderson-lines-out-to-shortstop-dansby-swanson_head_0p000_7p000,MLB_824815_gunnar-henderson-lines-out-to-shortstop-dansby-swanson,raw_sources\MLB_824815_gunnar-henderson-lines-out-to-shortstop-dansby-swanson_Dansby_Swanson_amazing_diving_catch_Dansby_Swanson_amazing_diving_catch_Dansby_S.mp4,clips\pending\MLB_824815_gunnar-henderson-lines-out-to-shortstop-dansby-swanson_head_0p000_7p000\video.mp4,clips\pending\MLB_824815_gunnar-henderson-lines-out-to-shortstop-dansby-swanson_head_0p000_7p000\audio.wav,0.000,7.000,fly_ball,labeled,qwen3.5-omni-plus; confidence=0.95
MLB_823605_carter-jensen-doubles-18-on-a-ground-ball-to-right-fielder-carson-ben_head_0p000_6p000,MLB_823605_carter-jensen-doubles-18-on-a-ground-ball-to-right-fielder-carson-ben,raw_sources\MLB_823605_carter-jensen-doubles-18-on-a-ground-ball-to-right-fielder-carson-ben_Carter_Jensen_s_RBI_double_Carter_Jensen_s_RBI_double_Carter_Jensen_s_RBI_double.mp4,clips\pending\MLB_823605_carter-jensen-doubles-18-on-a-ground-ball-to-right-fielder-carson-ben_head_0p000_6p000\video.mp4,clips\pending\MLB_823605_carter-jensen-doubles-18-on-a-ground-ball-to-right-fielder-carson-ben_head_0p000_6p000\audio.wav,0.000,6.000,ground_ball,labeled,qwen3.5-omni-plus; confidence=0.95
MLB_823605_tobias-myers-in-play-run-s-to-salvador-perez_head_0p000_7p000,MLB_823605_tobias-myers-in-play-run-s-to-salvador-perez,raw_sources\MLB_823605_tobias-myers-in-play-run-s-to-salvador-perez_Salvador_Perez_s_RBI_single_Salvador_Perez_s_RBI_single_Salvador_Perez_s_RBI_sin.mp4,clips\pending\MLB_823605_tobias-myers-in-play-run-s-to-salvador-perez_head_0p000_7p000\video.mp4,clips\pending\MLB_823605_tobias-myers-in-play-run-s-to-salvador-perez_head_0p000_7p000\audio.wav,0.000,7.000,fly_ball,labeled,qwen3.5-omni-plus; confidence=0.95
MLB_823684_cade-smith-in-play-out-s-to-brooks-lee-uqgy1v_head_0p000_7p000,MLB_823684_cade-smith-in-play-out-s-to-brooks-lee-uqgy1v,raw_sources\MLB_823684_cade-smith-in-play-out-s-to-brooks-lee-uqgy1v_Cade_Smith_escapes_bases-loaded_jam_in_the_8th_Cade_Smith_escapes_bases-loaded_j.mp4,clips\pending\MLB_823684_cade-smith-in-play-out-s-to-brooks-lee-uqgy1v_head_0p000_7p000\video.mp4,clips\pending\MLB_823684_cade-smith-in-play-out-s-to-brooks-lee-uqgy1v_head_0p000_7p000\audio.wav,0.000,7.000,fly_ball,labeled,qwen3.5-omni-plus; confidence=0.95
MLB_823684_connor-prielipp-in-play-out-s-to-gabriel-arias_head_0p000_6p000,MLB_823684_connor-prielipp-in-play-out-s-to-gabriel-arias,raw_sources\MLB_823684_connor-prielipp-in-play-out-s-to-gabriel-arias_Ryan_Kreidler_throws_out_Gabriel_Arias_Ryan_Kreidler_throws_out_Gabriel_Arias_Ry.mp4,clips\pending\MLB_823684_connor-prielipp-in-play-out-s-to-gabriel-arias_head_0p000_6p000\video.mp4,clips\pending\MLB_823684_connor-prielipp-in-play-out-s-to-gabriel-arias_head_0p000_6p000\audio.wav,0.000,6.000,ground_ball,labeled,qwen3.5-omni-plus; confidence=0.95
MLB_823279_jackson-merrill-s-rbi-ground-out_head_0p000_6p000,MLB_823279_jackson-merrill-s-rbi-ground-out,raw_sources\MLB_823279_jackson-merrill-s-rbi-ground-out_Jackson_Merrill_drives_in_Song_on_an_RBI_groundout_Jackson_Merrill_drives_in_Son.mp4,clips\pending\MLB_823279_jackson-merrill-s-rbi-ground-out_head_0p000_6p000\video.mp4,clips\pending\MLB_823279_jackson-merrill-s-rbi-ground-out_head_0p000_6p000\audio.wav,0.000,6.000,ground_ball,labeled,qwen3.5-omni-plus; confidence=0.95
MLB_822954_drew-rasmussen-in-play-out-s-to-trent-grisham_head_0p000_7p000,MLB_822954_drew-rasmussen-in-play-out-s-to-trent-grisham,raw_sources\MLB_822954_drew-rasmussen-in-play-out-s-to-trent-grisham_Ben_Williamson_s_diving_stop_Ben_Williamson_s_diving_stop_Ben_Williamson_s_divin.mp4,clips\pending\MLB_822954_drew-rasmussen-in-play-out-s-to-trent-grisham_head_0p000_7p000\video.mp4,clips\pending\MLB_822954_drew-rasmussen-in-play-out-s-to-trent-grisham_head_0p000_7p000\audio.wav,0.000,7.000,fly_ball,labeled,qwen3.5-omni-plus; confidence=0.95
