sample_id,status,action,reason,published_path,archive_path
F_001,manual_review,empty_placeholder,audio-candidate timing evidence gate failed,dataset\fly_ball\Codex_Workstation\F_001,dataset_rejected\flyball_v2_20260727\batch_01\F_001
F_002,manual_review,empty_placeholder,audio-candidate timing evidence gate failed,dataset\fly_ball\Codex_Workstation\F_002,dataset_rejected\flyball_v2_20260727\batch_01\F_002
F_003,manual_review,empty_placeholder,audio-candidate timing evidence gate failed,dataset\fly_ball\Codex_Workstation\F_003,dataset_rejected\flyball_v2_20260727\batch_01\F_003
F_004,manual_review,empty_placeholder,audio-candidate timing evidence gate failed,dataset\fly_ball\Codex_Workstation\F_004,dataset_rejected\flyball_v2_20260727\batch_01\F_004
F_005,manual_review,empty_placeholder,audio-candidate timing evidence gate failed,dataset\fly_ball\Codex_Workstation\F_005,dataset_rejected\flyball_v2_20260727\batch_01\F_005
F_006,manual_review,empty_placeholder,audio-candidate timing evidence gate failed,dataset\fly_ball\Codex_Workstation\F_006,dataset_rejected\flyball_v2_20260727\batch_01\F_006
F_007,pass,publish_approved,field-level evidence applied; unverified secondary fields retained,dataset\fly_ball\Codex_Workstation\F_007,dataset_rejected\flyball_v2_20260727\batch_01\F_007
F_008,pass,publish_approved,field-level evidence applied; unverified secondary fields retained,dataset\fly_ball\Codex_Workstation\F_008,dataset_rejected\flyball_v2_20260727\batch_01\F_008
F_009,pass,publish_approved,field-level evidence applied; unverified secondary fields retained,dataset\fly_ball\Codex_Workstation\F_009,dataset_rejected\flyball_v2_20260727\batch_01\F_009
F_010,pass,publish_approved,field-level evidence applied; unverified secondary fields retained,dataset\fly_ball\Codex_Workstation\F_010,dataset_rejected\flyball_v2_20260727\batch_01\F_010
F_011,auto_applied,publish_approved,field-level evidence applied; unverified secondary fields retained,dataset\fly_ball\Codex_Workstation\F_011,dataset_rejected\flyball_v2_20260727\batch_01\F_011
F_012,manual_review,empty_placeholder,audio-candidate timing evidence gate failed,dataset\fly_ball\Codex_Workstation\F_012,dataset_rejected\flyball_v2_20260727\batch_01\F_012
F_013,manual_review,empty_placeholder,audio-candidate timing evidence gate failed,dataset\fly_ball\Codex_Workstation\F_013,dataset_rejected\flyball_v2_20260727\batch_01\F_013
F_014,manual_review,empty_placeholder,audio-candidate timing evidence gate failed,dataset\fly_ball\Codex_Workstation\F_014,dataset_rejected\flyball_v2_20260727\batch_01\F_014
F_015,manual_review,empty_placeholder,audio-candidate timing evidence gate failed,dataset\fly_ball\Codex_Workstation\F_015,dataset_rejected\flyball_v2_20260727\batch_01\F_015
F_016,auto_applied,publish_approved,field-level evidence applied; unverified secondary fields retained,dataset\fly_ball\Codex_Workstation\F_016,dataset_rejected\flyball_v2_20260727\batch_01\F_016
F_017,auto_applied,publish_approved,field-level evidence applied; unverified secondary fields retained,dataset\fly_ball\Codex_Workstation\F_017,dataset_rejected\flyball_v2_20260727\batch_01\F_017
F_018,auto_applied,publish_approved,field-level evidence applied; unverified secondary fields retained,dataset\fly_ball\Codex_Workstation\F_018,dataset_rejected\flyball_v2_20260727\batch_01\F_018
F_019,manual_review,empty_placeholder,audio-candidate timing evidence gate failed,dataset\fly_ball\Codex_Workstation\F_019,dataset_rejected\flyball_v2_20260727\batch_01\F_019
F_020,auto_applied,publish_approved,field-level evidence applied; unverified secondary fields retained,dataset\fly_ball\Codex_Workstation\F_020,dataset_rejected\flyball_v2_20260727\batch_01\F_020
F_021,manual_review,empty_placeholder,audio-candidate timing evidence gate failed,dataset\fly_ball\Codex_Workstation\F_021,dataset_rejected\flyball_v2_20260727\batch_01\F_021
F_022,auto_applied,publish_approved,field-level evidence applied; unverified secondary fields retained,dataset\fly_ball\Codex_Workstation\F_022,dataset_rejected\flyball_v2_20260727\batch_01\F_022
F_023,manual_review,empty_placeholder,audio-candidate timing evidence gate failed,dataset\fly_ball\Codex_Workstation\F_023,dataset_rejected\flyball_v2_20260727\batch_01\F_023
F_024,manual_review,empty_placeholder,audio-candidate timing evidence gate failed,dataset\fly_ball\Codex_Workstation\F_024,dataset_rejected\flyball_v2_20260727\batch_01\F_024
F_025,auto_applied,publish_approved,field-level evidence applied; unverified secondary fields retained,dataset\fly_ball\Codex_Workstation\F_025,dataset_rejected\flyball_v2_20260727\batch_01\F_025
F_026,auto_applied,publish_approved,field-level evidence applied; unverified secondary fields retained,dataset\fly_ball\Codex_Workstation\F_026,dataset_rejected\flyball_v2_20260727\batch_01\F_026
F_027,auto_applied,publish_approved,field-level evidence applied; unverified secondary fields retained,dataset\fly_ball\Codex_Workstation\F_027,dataset_rejected\flyball_v2_20260727\batch_01\F_027
F_028,manual_review,empty_placeholder,audio-candidate timing evidence gate failed,dataset\fly_ball\Codex_Workstation\F_028,dataset_rejected\flyball_v2_20260727\batch_01\F_028
F_029,pass,publish_approved,field-level evidence applied; unverified secondary fields retained,dataset\fly_ball\Codex_Workstation\F_029,dataset_rejected\flyball_v2_20260727\batch_01\F_029
F_030,manual_review,empty_placeholder,audio-candidate timing evidence gate failed,dataset\fly_ball\Codex_Workstation\F_030,dataset_rejected\flyball_v2_20260727\batch_01\F_030
F_031,auto_applied,publish_approved,field-level evidence applied; unverified secondary fields retained,dataset\fly_ball\Codex_Workstation\F_031,dataset_rejected\flyball_v2_20260727\batch_01\F_031
F_032,auto_applied,publish_approved,field-level evidence applied; unverified secondary fields retained,dataset\fly_ball\Codex_Workstation\F_032,dataset_rejected\flyball_v2_20260727\batch_01\F_032
F_033,pass,publish_approved,field-level evidence applied; unverified secondary fields retained,dataset\fly_ball\Codex_Workstation\F_033,dataset_rejected\flyball_v2_20260727\batch_01\F_033
F_034,auto_applied,publish_approved,field-level evidence applied; unverified secondary fields retained,dataset\fly_ball\Codex_Workstation\F_034,dataset_rejected\flyball_v2_20260727\batch_01\F_034
F_035,auto_applied,publish_approved,field-level evidence applied; unverified secondary fields retained,dataset\fly_ball\Codex_Workstation\F_035,dataset_rejected\flyball_v2_20260727\batch_01\F_035
F_036,auto_applied,publish_approved,field-level evidence applied; unverified secondary fields retained,dataset\fly_ball\Codex_Workstation\F_036,dataset_rejected\flyball_v2_20260727\batch_01\F_036
F_037,manual_review,empty_placeholder,audio-candidate timing evidence gate failed,dataset\fly_ball\Codex_Workstation\F_037,dataset_rejected\flyball_v2_20260727\batch_01\F_037
F_038,auto_applied,publish_approved,field-level evidence applied; unverified secondary fields retained,dataset\fly_ball\Codex_Workstation\F_038,dataset_rejected\flyball_v2_20260727\batch_01\F_038
F_039,manual_review,empty_placeholder,audio-candidate timing evidence gate failed,dataset\fly_ball\Codex_Workstation\F_039,dataset_rejected\flyball_v2_20260727\batch_01\F_039
F_040,auto_applied,publish_approved,field-level evidence applied; unverified secondary fields retained,dataset\fly_ball\Codex_Workstation\F_040,dataset_rejected\flyball_v2_20260727\batch_01\F_040
F_041,manual_review,empty_placeholder,audio-candidate timing evidence gate failed,dataset\fly_ball\Codex_Workstation\F_041,dataset_rejected\flyball_v2_20260727\batch_01\F_041
F_043,auto_applied,publish_approved,field-level evidence applied; unverified secondary fields retained,dataset\fly_ball\Codex_Workstation\F_043,dataset_rejected\flyball_v2_20260727\batch_01\F_043
F_044,auto_applied,publish_approved,field-level evidence applied; unverified secondary fields retained,dataset\fly_ball\Codex_Workstation\F_044,dataset_rejected\flyball_v2_20260727\batch_01\F_044
F_045,auto_applied,publish_approved,field-level evidence applied; unverified secondary fields retained,dataset\fly_ball\Codex_Workstation\F_045,dataset_rejected\flyball_v2_20260727\batch_01\F_045
F_046,manual_review,empty_placeholder,audio-candidate timing evidence gate failed,dataset\fly_ball\Codex_Workstation\F_046,dataset_rejected\flyball_v2_20260727\batch_01\F_046
F_047,auto_applied,publish_approved,field-level evidence applied; unverified secondary fields retained,dataset\fly_ball\Codex_Workstation\F_047,dataset_rejected\flyball_v2_20260727\batch_01\F_047
F_048,manual_review,empty_placeholder,audio-candidate timing evidence gate failed,dataset\fly_ball\Codex_Workstation\F_048,dataset_rejected\flyball_v2_20260727\batch_01\F_048
F_049,pass,publish_approved,field-level evidence applied; unverified secondary fields retained,dataset\fly_ball\Codex_Workstation\F_049,dataset_rejected\flyball_v2_20260727\batch_01\F_049
F_051,manual_review,empty_placeholder,audio-candidate timing evidence gate failed,dataset\fly_ball\Codex_Workstation\F_051,dataset_rejected\flyball_v2_20260727\batch_01\F_051
F_052,auto_applied,publish_approved,field-level evidence applied; unverified secondary fields retained,dataset\fly_ball\Codex_Workstation\F_052,dataset_rejected\flyball_v2_20260727\batch_01\F_052
F_053,auto_applied,publish_approved,field-level evidence applied; unverified secondary fields retained,dataset\fly_ball\Codex_Workstation\F_053,dataset_rejected\flyball_v2_20260727\batch_01\F_053
F_054,auto_applied,publish_approved,field-level evidence applied; unverified secondary fields retained,dataset\fly_ball\Codex_Workstation\F_054,dataset_rejected\flyball_v2_20260727\batch_01\F_054
F_055,manual_review,empty_placeholder,audio-candidate timing evidence gate failed,dataset\fly_ball\Codex_Workstation\F_055,dataset_rejected\flyball_v2_20260727\batch_01\F_055
F_056,manual_review,empty_placeholder,audio-candidate timing evidence gate failed,dataset\fly_ball\Codex_Workstation\F_056,dataset_rejected\flyball_v2_20260727\batch_01\F_056
F_057,auto_applied,publish_approved,field-level evidence applied; unverified secondary fields retained,dataset\fly_ball\Codex_Workstation\F_057,dataset_rejected\flyball_v2_20260727\batch_01\F_057
F_058,manual_review,empty_placeholder,audio-candidate timing evidence gate failed,dataset\fly_ball\Codex_Workstation\F_058,dataset_rejected\flyball_v2_20260727\batch_01\F_058
F_059,auto_applied,publish_approved,field-level evidence applied; unverified secondary fields retained,dataset\fly_ball\Codex_Workstation\F_059,dataset_rejected\flyball_v2_20260727\batch_01\F_059
F_060,auto_applied,publish_approved,field-level evidence applied; unverified secondary fields retained,dataset\fly_ball\Codex_Workstation\F_060,dataset_rejected\flyball_v2_20260727\batch_01\F_060
F_061,auto_applied,publish_approved,field-level evidence applied; unverified secondary fields retained,dataset\fly_ball\Codex_Workstation\F_061,dataset_rejected\flyball_v2_20260727\batch_01\F_061
F_062,auto_applied,publish_approved,field-level evidence applied; unverified secondary fields retained,dataset\fly_ball\Codex_Workstation\F_062,dataset_rejected\flyball_v2_20260727\batch_01\F_062
F_063,auto_applied,publish_approved,field-level evidence applied; unverified secondary fields retained,dataset\fly_ball\Codex_Workstation\F_063,dataset_rejected\flyball_v2_20260727\batch_01\F_063
F_064,manual_review,empty_placeholder,audio-candidate timing evidence gate failed,dataset\fly_ball\Codex_Workstation\F_064,dataset_rejected\flyball_v2_20260727\batch_01\F_064
F_065,auto_applied,publish_approved,field-level evidence applied; unverified secondary fields retained,dataset\fly_ball\Codex_Workstation\F_065,dataset_rejected\flyball_v2_20260727\batch_01\F_065
F_066,manual_review,empty_placeholder,audio-candidate timing evidence gate failed,dataset\fly_ball\Codex_Workstation\F_066,dataset_rejected\flyball_v2_20260727\batch_01\F_066
F_067,manual_review,empty_placeholder,audio-candidate timing evidence gate failed,dataset\fly_ball\Codex_Workstation\F_067,dataset_rejected\flyball_v2_20260727\batch_01\F_067
F_068,manual_review,empty_placeholder,audio-candidate timing evidence gate failed,dataset\fly_ball\Codex_Workstation\F_068,dataset_rejected\flyball_v2_20260727\batch_01\F_068
F_069,pass,publish_approved,field-level evidence applied; unverified secondary fields retained,dataset\fly_ball\Codex_Workstation\F_069,dataset_rejected\flyball_v2_20260727\batch_01\F_069
F_070,pass,publish_approved,field-level evidence applied; unverified secondary fields retained,dataset\fly_ball\Codex_Workstation\F_070,dataset_rejected\flyball_v2_20260727\batch_01\F_070
F_071,manual_review,empty_placeholder,audio-candidate timing evidence gate failed,dataset\fly_ball\Codex_Workstation\F_071,dataset_rejected\flyball_v2_20260727\batch_01\F_071
F_072,auto_applied,publish_approved,field-level evidence applied; unverified secondary fields retained,dataset\fly_ball\Codex_Workstation\F_072,dataset_rejected\flyball_v2_20260727\batch_01\F_072
F_073,pass,publish_approved,field-level evidence applied; unverified secondary fields retained,dataset\fly_ball\Codex_Workstation\F_073,dataset_rejected\flyball_v2_20260727\batch_01\F_073
F_074,auto_applied,publish_approved,field-level evidence applied; unverified secondary fields retained,dataset\fly_ball\Codex_Workstation\F_074,dataset_rejected\flyball_v2_20260727\batch_01\F_074
F_075,manual_review,empty_placeholder,audio-candidate timing evidence gate failed,dataset\fly_ball\Codex_Workstation\F_075,dataset_rejected\flyball_v2_20260727\batch_01\F_075
F_076,manual_review,empty_placeholder,audio-candidate timing evidence gate failed,dataset\fly_ball\Codex_Workstation\F_076,dataset_rejected\flyball_v2_20260727\batch_01\F_076
F_077,auto_applied,publish_approved,field-level evidence applied; unverified secondary fields retained,dataset\fly_ball\Codex_Workstation\F_077,dataset_rejected\flyball_v2_20260727\batch_01\F_077
F_079,auto_applied,publish_approved,field-level evidence applied; unverified secondary fields retained,dataset\fly_ball\Codex_Workstation\F_079,dataset_rejected\flyball_v2_20260727\batch_01\F_079
F_080,auto_applied,publish_approved,field-level evidence applied; unverified secondary fields retained,dataset\fly_ball\Codex_Workstation\F_080,dataset_rejected\flyball_v2_20260727\batch_01\F_080
F_081,manual_review,empty_placeholder,audio-candidate timing evidence gate failed,dataset\fly_ball\Codex_Workstation\F_081,dataset_rejected\flyball_v2_20260727\batch_01\F_081
F_082,manual_review,empty_placeholder,audio-candidate timing evidence gate failed,dataset\fly_ball\Codex_Workstation\F_082,dataset_rejected\flyball_v2_20260727\batch_01\F_082
F_083,auto_applied,publish_approved,field-level evidence applied; unverified secondary fields retained,dataset\fly_ball\Codex_Workstation\F_083,dataset_rejected\flyball_v2_20260727\batch_01\F_083
F_084,manual_review,empty_placeholder,audio-candidate timing evidence gate failed,dataset\fly_ball\Codex_Workstation\F_084,dataset_rejected\flyball_v2_20260727\batch_01\F_084
F_085,manual_review,empty_placeholder,audio-candidate timing evidence gate failed,dataset\fly_ball\Codex_Workstation\F_085,dataset_rejected\flyball_v2_20260727\batch_01\F_085
F_086,pass,publish_approved,field-level evidence applied; unverified secondary fields retained,dataset\fly_ball\Codex_Workstation\F_086,dataset_rejected\flyball_v2_20260727\batch_01\F_086
F_087,auto_applied,publish_approved,field-level evidence applied; unverified secondary fields retained,dataset\fly_ball\Codex_Workstation\F_087,dataset_rejected\flyball_v2_20260727\batch_01\F_087
F_088,auto_applied,publish_approved,field-level evidence applied; unverified secondary fields retained,dataset\fly_ball\Codex_Workstation\F_088,dataset_rejected\flyball_v2_20260727\batch_01\F_088
F_090,pass,publish_approved,field-level evidence applied; unverified secondary fields retained,dataset\fly_ball\Codex_Workstation\F_090,dataset_rejected\flyball_v2_20260727\batch_01\F_090
F_091,pass,publish_approved,field-level evidence applied; unverified secondary fields retained,dataset\fly_ball\Codex_Workstation\F_091,dataset_rejected\flyball_v2_20260727\batch_01\F_091
F_092,auto_applied,publish_approved,field-level evidence applied; unverified secondary fields retained,dataset\fly_ball\Codex_Workstation\F_092,dataset_rejected\flyball_v2_20260727\batch_01\F_092
F_093,manual_review,empty_placeholder,audio-candidate timing evidence gate failed,dataset\fly_ball\Codex_Workstation\F_093,dataset_rejected\flyball_v2_20260727\batch_01\F_093
F_094,pass,publish_approved,field-level evidence applied; unverified secondary fields retained,dataset\fly_ball\Codex_Workstation\F_094,dataset_rejected\flyball_v2_20260727\batch_01\F_094
F_095,manual_review,empty_placeholder,audio-candidate timing evidence gate failed,dataset\fly_ball\Codex_Workstation\F_095,dataset_rejected\flyball_v2_20260727\batch_01\F_095
F_096,manual_review,empty_placeholder,audio-candidate timing evidence gate failed,dataset\fly_ball\Codex_Workstation\F_096,dataset_rejected\flyball_v2_20260727\batch_01\F_096
F_097,auto_applied,publish_approved,field-level evidence applied; unverified secondary fields retained,dataset\fly_ball\Codex_Workstation\F_097,dataset_rejected\flyball_v2_20260727\batch_01\F_097
F_098,manual_review,empty_placeholder,audio-candidate timing evidence gate failed,dataset\fly_ball\Codex_Workstation\F_098,dataset_rejected\flyball_v2_20260727\batch_01\F_098
F_099,auto_applied,publish_approved,field-level evidence applied; unverified secondary fields retained,dataset\fly_ball\Codex_Workstation\F_099,dataset_rejected\flyball_v2_20260727\batch_01\F_099
F_100,manual_review,empty_placeholder,audio-candidate timing evidence gate failed,dataset\fly_ball\Codex_Workstation\F_100,dataset_rejected\flyball_v2_20260727\batch_01\F_100
F_101,manual_review,empty_placeholder,audio-candidate timing evidence gate failed,dataset\fly_ball\Codex_Workstation\F_101,dataset_rejected\flyball_v2_20260727\batch_01\F_101
F_102,manual_review,empty_placeholder,audio-candidate timing evidence gate failed,dataset\fly_ball\Codex_Workstation\F_102,dataset_rejected\flyball_v2_20260727\batch_01\F_102
F_103,manual_review,empty_placeholder,audio-candidate timing evidence gate failed,dataset\fly_ball\Codex_Workstation\F_103,dataset_rejected\flyball_v2_20260727\batch_01\F_103
F_104,auto_applied,publish_approved,field-level evidence applied; unverified secondary fields retained,dataset\fly_ball\Codex_Workstation\F_104,dataset_rejected\flyball_v2_20260727\batch_01\F_104
F_105,manual_review,empty_placeholder,audio-candidate timing evidence gate failed,dataset\fly_ball\Codex_Workstation\F_105,dataset_rejected\flyball_v2_20260727\batch_01\F_105
F_106,manual_review,empty_placeholder,audio-candidate timing evidence gate failed,dataset\fly_ball\Codex_Workstation\F_106,dataset_rejected\flyball_v2_20260727\batch_01\F_106
F_107,manual_review,empty_placeholder,audio-candidate timing evidence gate failed,dataset\fly_ball\Codex_Workstation\F_107,dataset_rejected\flyball_v2_20260727\batch_01\F_107
F_108,manual_review,empty_placeholder,audio-candidate timing evidence gate failed,dataset\fly_ball\Codex_Workstation\F_108,dataset_rejected\flyball_v2_20260727\batch_01\F_108
F_109,manual_review,empty_placeholder,audio-candidate timing evidence gate failed,dataset\fly_ball\Codex_Workstation\F_109,dataset_rejected\flyball_v2_20260727\batch_01\F_109
F_110,auto_applied,publish_approved,field-level evidence applied; unverified secondary fields retained,dataset\fly_ball\Codex_Workstation\F_110,dataset_rejected\flyball_v2_20260727\batch_01\F_110
F_111,manual_review,empty_placeholder,audio-candidate timing evidence gate failed,dataset\fly_ball\Codex_Workstation\F_111,dataset_rejected\flyball_v2_20260727\batch_01\F_111
F_112,auto_applied,publish_approved,field-level evidence applied; unverified secondary fields retained,dataset\fly_ball\Codex_Workstation\F_112,dataset_rejected\flyball_v2_20260727\batch_01\F_112
F_113,auto_applied,publish_approved,field-level evidence applied; unverified secondary fields retained,dataset\fly_ball\Codex_Workstation\F_113,dataset_rejected\flyball_v2_20260727\batch_01\F_113
F_114,manual_review,empty_placeholder,audio-candidate timing evidence gate failed,dataset\fly_ball\Codex_Workstation\F_114,dataset_rejected\flyball_v2_20260727\batch_01\F_114
F_115,manual_review,empty_placeholder,audio-candidate timing evidence gate failed,dataset\fly_ball\Codex_Workstation\F_115,dataset_rejected\flyball_v2_20260727\batch_01\F_115
F_116,auto_applied,publish_approved,field-level evidence applied; unverified secondary fields retained,dataset\fly_ball\Codex_Workstation\F_116,dataset_rejected\flyball_v2_20260727\batch_01\F_116
F_117,manual_review,empty_placeholder,audio-candidate timing evidence gate failed,dataset\fly_ball\Codex_Workstation\F_117,dataset_rejected\flyball_v2_20260727\batch_01\F_117
F_118,manual_review,empty_placeholder,audio-candidate timing evidence gate failed,dataset\fly_ball\Codex_Workstation\F_118,dataset_rejected\flyball_v2_20260727\batch_01\F_118
F_119,manual_review,empty_placeholder,audio-candidate timing evidence gate failed,dataset\fly_ball\Codex_Workstation\F_119,dataset_rejected\flyball_v2_20260727\batch_01\F_119
F_120,manual_review,empty_placeholder,audio-candidate timing evidence gate failed,dataset\fly_ball\Codex_Workstation\F_120,dataset_rejected\flyball_v2_20260727\batch_01\F_120
F_121,auto_applied,publish_approved,field-level evidence applied; unverified secondary fields retained,dataset\fly_ball\Codex_Workstation\F_121,dataset_rejected\flyball_v2_20260727\batch_01\F_121
F_123,auto_applied,publish_approved,field-level evidence applied; unverified secondary fields retained,dataset\fly_ball\Codex_Workstation\F_123,dataset_rejected\flyball_v2_20260727\batch_01\F_123
F_124,pass,publish_approved,field-level evidence applied; unverified secondary fields retained,dataset\fly_ball\Codex_Workstation\F_124,dataset_rejected\flyball_v2_20260727\batch_01\F_124
F_125,manual_review,empty_placeholder,audio-candidate timing evidence gate failed,dataset\fly_ball\Codex_Workstation\F_125,dataset_rejected\flyball_v2_20260727\batch_01\F_125
F_127,auto_applied,publish_approved,field-level evidence applied; unverified secondary fields retained,dataset\fly_ball\Codex_Workstation\F_127,dataset_rejected\flyball_v2_20260727\batch_01\F_127
F_128,manual_review,empty_placeholder,audio-candidate timing evidence gate failed,dataset\fly_ball\Codex_Workstation\F_128,dataset_rejected\flyball_v2_20260727\batch_01\F_128
F_129,auto_applied,publish_approved,field-level evidence applied; unverified secondary fields retained,dataset\fly_ball\Codex_Workstation\F_129,dataset_rejected\flyball_v2_20260727\batch_01\F_129
F_130,auto_applied,publish_approved,field-level evidence applied; unverified secondary fields retained,dataset\fly_ball\Codex_Workstation\F_130,dataset_rejected\flyball_v2_20260727\batch_01\F_130
F_131,manual_review,empty_placeholder,audio-candidate timing evidence gate failed,dataset\fly_ball\Codex_Workstation\F_131,dataset_rejected\flyball_v2_20260727\batch_01\F_131
F_132,permissive_reject,empty_placeholder,one review stage explicitly found the sample unusable,dataset\fly_ball\Codex_Workstation\F_132,dataset_rejected\flyball_v2_20260727\batch_01\F_132
F_133,auto_applied,publish_approved,field-level evidence applied; unverified secondary fields retained,dataset\fly_ball\Codex_Workstation\F_133,dataset_rejected\flyball_v2_20260727\batch_01\F_133
F_134,manual_review,empty_placeholder,audio-candidate timing evidence gate failed,dataset\fly_ball\Codex_Workstation\F_134,dataset_rejected\flyball_v2_20260727\batch_01\F_134
F_135,auto_applied,publish_approved,field-level evidence applied; unverified secondary fields retained,dataset\fly_ball\Codex_Workstation\F_135,dataset_rejected\flyball_v2_20260727\batch_01\F_135
F_136,manual_review,empty_placeholder,audio-candidate timing evidence gate failed,dataset\fly_ball\Codex_Workstation\F_136,dataset_rejected\flyball_v2_20260727\batch_01\F_136
F_138,auto_applied,publish_approved,field-level evidence applied; unverified secondary fields retained,dataset\fly_ball\Codex_Workstation\F_138,dataset_rejected\flyball_v2_20260727\batch_01\F_138
F_139,auto_applied,publish_approved,field-level evidence applied; unverified secondary fields retained,dataset\fly_ball\Codex_Workstation\F_139,dataset_rejected\flyball_v2_20260727\batch_01\F_139
F_140,manual_review,empty_placeholder,audio-candidate timing evidence gate failed,dataset\fly_ball\Codex_Workstation\F_140,dataset_rejected\flyball_v2_20260727\batch_01\F_140
F_142,auto_applied,publish_approved,field-level evidence applied; unverified secondary fields retained,dataset\fly_ball\Codex_Workstation\F_142,dataset_rejected\flyball_v2_20260727\batch_01\F_142
F_143,manual_review,empty_placeholder,audio-candidate timing evidence gate failed,dataset\fly_ball\Codex_Workstation\F_143,dataset_rejected\flyball_v2_20260727\batch_01\F_143
F_144,manual_review,empty_placeholder,audio-candidate timing evidence gate failed,dataset\fly_ball\Codex_Workstation\F_144,dataset_rejected\flyball_v2_20260727\batch_01\F_144
F_145,auto_applied,publish_approved,field-level evidence applied; unverified secondary fields retained,dataset\fly_ball\Codex_Workstation\F_145,dataset_rejected\flyball_v2_20260727\batch_01\F_145
F_146,manual_review,empty_placeholder,audio-candidate timing evidence gate failed,dataset\fly_ball\Codex_Workstation\F_146,dataset_rejected\flyball_v2_20260727\batch_01\F_146
F_147,auto_applied,publish_approved,field-level evidence applied; unverified secondary fields retained,dataset\fly_ball\Codex_Workstation\F_147,dataset_rejected\flyball_v2_20260727\batch_01\F_147
F_148,auto_applied,publish_approved,field-level evidence applied; unverified secondary fields retained,dataset\fly_ball\Codex_Workstation\F_148,dataset_rejected\flyball_v2_20260727\batch_01\F_148
F_149,manual_review,empty_placeholder,audio-candidate timing evidence gate failed,dataset\fly_ball\Codex_Workstation\F_149,dataset_rejected\flyball_v2_20260727\batch_01\F_149
F_150,manual_review,empty_placeholder,audio-candidate timing evidence gate failed,dataset\fly_ball\Codex_Workstation\F_150,dataset_rejected\flyball_v2_20260727\batch_01\F_150
F_151,auto_applied,publish_approved,field-level evidence applied; unverified secondary fields retained,dataset\fly_ball\Codex_Workstation\F_151,dataset_rejected\flyball_v2_20260727\batch_01\F_151
F_152,manual_review,empty_placeholder,audio-candidate timing evidence gate failed,dataset\fly_ball\Codex_Workstation\F_152,dataset_rejected\flyball_v2_20260727\batch_01\F_152
F_153,auto_applied,publish_approved,field-level evidence applied; unverified secondary fields retained,dataset\fly_ball\Codex_Workstation\F_153,dataset_rejected\flyball_v2_20260727\batch_01\F_153
F_154,manual_review,empty_placeholder,audio-candidate timing evidence gate failed,dataset\fly_ball\Codex_Workstation\F_154,dataset_rejected\flyball_v2_20260727\batch_01\F_154
F_155,manual_review,empty_placeholder,audio-candidate timing evidence gate failed,dataset\fly_ball\Codex_Workstation\F_155,dataset_rejected\flyball_v2_20260727\batch_01\F_155
F_156,manual_review,empty_placeholder,audio-candidate timing evidence gate failed,dataset\fly_ball\Codex_Workstation\F_156,dataset_rejected\flyball_v2_20260727\batch_01\F_156
F_157,manual_review,empty_placeholder,audio-candidate timing evidence gate failed,dataset\fly_ball\Codex_Workstation\F_157,dataset_rejected\flyball_v2_20260727\batch_01\F_157
F_158,manual_review,empty_placeholder,audio-candidate timing evidence gate failed,dataset\fly_ball\Codex_Workstation\F_158,dataset_rejected\flyball_v2_20260727\batch_01\F_158
F_159,manual_review,empty_placeholder,audio-candidate timing evidence gate failed,dataset\fly_ball\Codex_Workstation\F_159,dataset_rejected\flyball_v2_20260727\batch_01\F_159
F_160,manual_review,empty_placeholder,audio-candidate timing evidence gate failed,dataset\fly_ball\Codex_Workstation\F_160,dataset_rejected\flyball_v2_20260727\batch_01\F_160
F_161,manual_review,empty_placeholder,audio-candidate timing evidence gate failed,dataset\fly_ball\Codex_Workstation\F_161,dataset_rejected\flyball_v2_20260727\batch_01\F_161
F_163,manual_review,empty_placeholder,audio-candidate timing evidence gate failed,dataset\fly_ball\Codex_Workstation\F_163,dataset_rejected\flyball_v2_20260727\batch_01\F_163
F_164,auto_applied,publish_approved,field-level evidence applied; unverified secondary fields retained,dataset\fly_ball\Codex_Workstation\F_164,dataset_rejected\flyball_v2_20260727\batch_01\F_164
F_165,manual_review,empty_placeholder,audio-candidate timing evidence gate failed,dataset\fly_ball\Codex_Workstation\F_165,dataset_rejected\flyball_v2_20260727\batch_01\F_165
F_166,manual_review,empty_placeholder,audio-candidate timing evidence gate failed,dataset\fly_ball\Codex_Workstation\F_166,dataset_rejected\flyball_v2_20260727\batch_01\F_166
F_167,manual_review,empty_placeholder,audio-candidate timing evidence gate failed,dataset\fly_ball\Codex_Workstation\F_167,dataset_rejected\flyball_v2_20260727\batch_01\F_167
F_168,manual_review,empty_placeholder,audio-candidate timing evidence gate failed,dataset\fly_ball\Codex_Workstation\F_168,dataset_rejected\flyball_v2_20260727\batch_01\F_168
F_169,manual_review,empty_placeholder,audio-candidate timing evidence gate failed,dataset\fly_ball\Codex_Workstation\F_169,dataset_rejected\flyball_v2_20260727\batch_01\F_169
F_171,manual_review,empty_placeholder,audio-candidate timing evidence gate failed,dataset\fly_ball\Codex_Workstation\F_171,dataset_rejected\flyball_v2_20260727\batch_01\F_171
F_172,manual_review,empty_placeholder,audio-candidate timing evidence gate failed,dataset\fly_ball\Codex_Workstation\F_172,dataset_rejected\flyball_v2_20260727\batch_01\F_172
F_173,manual_review,empty_placeholder,audio-candidate timing evidence gate failed,dataset\fly_ball\Codex_Workstation\F_173,dataset_rejected\flyball_v2_20260727\batch_01\F_173
F_174,manual_review,empty_placeholder,audio-candidate timing evidence gate failed,dataset\fly_ball\Codex_Workstation\F_174,dataset_rejected\flyball_v2_20260727\batch_01\F_174
F_175,manual_review,empty_placeholder,audio-candidate timing evidence gate failed,dataset\fly_ball\Codex_Workstation\F_175,dataset_rejected\flyball_v2_20260727\batch_01\F_175
F_176,manual_review,empty_placeholder,audio-candidate timing evidence gate failed,dataset\fly_ball\Codex_Workstation\F_176,dataset_rejected\flyball_v2_20260727\batch_01\F_176
F_177,manual_review,empty_placeholder,audio-candidate timing evidence gate failed,dataset\fly_ball\Codex_Workstation\F_177,dataset_rejected\flyball_v2_20260727\batch_01\F_177
F_179,manual_review,empty_placeholder,audio-candidate timing evidence gate failed,dataset\fly_ball\Codex_Workstation\F_179,dataset_rejected\flyball_v2_20260727\batch_01\F_179
F_180,manual_review,empty_placeholder,audio-candidate timing evidence gate failed,dataset\fly_ball\Codex_Workstation\F_180,dataset_rejected\flyball_v2_20260727\batch_01\F_180
F_181,manual_review,empty_placeholder,audio-candidate timing evidence gate failed,dataset\fly_ball\Codex_Workstation\F_181,dataset_rejected\flyball_v2_20260727\batch_01\F_181
F_182,manual_review,empty_placeholder,audio-candidate timing evidence gate failed,dataset\fly_ball\Codex_Workstation\F_182,dataset_rejected\flyball_v2_20260727\batch_01\F_182
F_183,manual_review,empty_placeholder,audio-candidate timing evidence gate failed,dataset\fly_ball\Codex_Workstation\F_183,dataset_rejected\flyball_v2_20260727\batch_01\F_183
F_184,manual_review,empty_placeholder,audio-candidate timing evidence gate failed,dataset\fly_ball\Codex_Workstation\F_184,dataset_rejected\flyball_v2_20260727\batch_01\F_184
F_185,incomplete,empty_placeholder,missing timing or semantics stage,dataset\fly_ball\Codex_Workstation\F_185,dataset_rejected\flyball_v2_20260727\batch_01\F_185
F_186,manual_review,empty_placeholder,audio-candidate timing evidence gate failed,dataset\fly_ball\Codex_Workstation\F_186,dataset_rejected\flyball_v2_20260727\batch_01\F_186
F_187,incomplete,empty_placeholder,missing timing or semantics stage,dataset\fly_ball\Codex_Workstation\F_187,dataset_rejected\flyball_v2_20260727\batch_01\F_187
F_189,manual_review,empty_placeholder,audio-candidate timing evidence gate failed,dataset\fly_ball\Codex_Workstation\F_189,dataset_rejected\flyball_v2_20260727\batch_01\F_189
F_191,manual_review,empty_placeholder,audio-candidate timing evidence gate failed,dataset\fly_ball\Codex_Workstation\F_191,dataset_rejected\flyball_v2_20260727\batch_01\F_191
F_192,manual_review,empty_placeholder,audio-candidate timing evidence gate failed,dataset\fly_ball\Codex_Workstation\F_192,dataset_rejected\flyball_v2_20260727\batch_01\F_192
F_193,manual_review,empty_placeholder,audio-candidate timing evidence gate failed,dataset\fly_ball\Codex_Workstation\F_193,dataset_rejected\flyball_v2_20260727\batch_01\F_193
F_194,incomplete,empty_placeholder,missing timing or semantics stage,dataset\fly_ball\Codex_Workstation\F_194,dataset_rejected\flyball_v2_20260727\batch_01\F_194
F_195,incomplete,empty_placeholder,missing timing or semantics stage,dataset\fly_ball\Codex_Workstation\F_195,dataset_rejected\flyball_v2_20260727\batch_01\F_195
F_196,incomplete,empty_placeholder,missing timing or semantics stage,dataset\fly_ball\Codex_Workstation\F_196,dataset_rejected\flyball_v2_20260727\batch_01\F_196
F_198,incomplete,empty_placeholder,missing timing or semantics stage,dataset\fly_ball\Codex_Workstation\F_198,dataset_rejected\flyball_v2_20260727\batch_01\F_198
F_199,manual_review,empty_placeholder,audio-candidate timing evidence gate failed,dataset\fly_ball\Codex_Workstation\F_199,dataset_rejected\flyball_v2_20260727\batch_01\F_199
F_200,incomplete,empty_placeholder,missing timing or semantics stage,dataset\fly_ball\Codex_Workstation\F_200,dataset_rejected\flyball_v2_20260727\batch_01\F_200
F_201,manual_review,empty_placeholder,audio-candidate timing evidence gate failed,dataset\fly_ball\Codex_Workstation\F_201,dataset_rejected\flyball_v2_20260727\batch_01\F_201
F_202,incomplete,empty_placeholder,missing timing or semantics stage,dataset\fly_ball\Codex_Workstation\F_202,dataset_rejected\flyball_v2_20260727\batch_01\F_202
F_204,incomplete,empty_placeholder,missing timing or semantics stage,dataset\fly_ball\Codex_Workstation\F_204,dataset_rejected\flyball_v2_20260727\batch_01\F_204
F_205,incomplete,empty_placeholder,missing timing or semantics stage,dataset\fly_ball\Codex_Workstation\F_205,dataset_rejected\flyball_v2_20260727\batch_01\F_205
F_207,incomplete,empty_placeholder,missing timing or semantics stage,dataset\fly_ball\Codex_Workstation\F_207,dataset_rejected\flyball_v2_20260727\batch_01\F_207
F_208,incomplete,empty_placeholder,missing timing or semantics stage,dataset\fly_ball\Codex_Workstation\F_208,dataset_rejected\flyball_v2_20260727\batch_01\F_208
F_210,incomplete,empty_placeholder,missing timing or semantics stage,dataset\fly_ball\Codex_Workstation\F_210,dataset_rejected\flyball_v2_20260727\batch_01\F_210
F_211,incomplete,empty_placeholder,missing timing or semantics stage,dataset\fly_ball\Codex_Workstation\F_211,dataset_rejected\flyball_v2_20260727\batch_01\F_211
F_212,incomplete,empty_placeholder,missing timing or semantics stage,dataset\fly_ball\Codex_Workstation\F_212,dataset_rejected\flyball_v2_20260727\batch_01\F_212
F_213,incomplete,empty_placeholder,missing timing or semantics stage,dataset\fly_ball\Codex_Workstation\F_213,dataset_rejected\flyball_v2_20260727\batch_01\F_213
F_215,incomplete,empty_placeholder,missing timing or semantics stage,dataset\fly_ball\Codex_Workstation\F_215,dataset_rejected\flyball_v2_20260727\batch_01\F_215
F_216,incomplete,empty_placeholder,missing timing or semantics stage,dataset\fly_ball\Codex_Workstation\F_216,dataset_rejected\flyball_v2_20260727\batch_01\F_216
F_217,incomplete,empty_placeholder,missing timing or semantics stage,dataset\fly_ball\Codex_Workstation\F_217,dataset_rejected\flyball_v2_20260727\batch_01\F_217
F_218,incomplete,empty_placeholder,missing timing or semantics stage,dataset\fly_ball\Codex_Workstation\F_218,dataset_rejected\flyball_v2_20260727\batch_01\F_218
F_219,incomplete,empty_placeholder,missing timing or semantics stage,dataset\fly_ball\Codex_Workstation\F_219,dataset_rejected\flyball_v2_20260727\batch_01\F_219
F_221,incomplete,empty_placeholder,missing timing or semantics stage,dataset\fly_ball\Codex_Workstation\F_221,dataset_rejected\flyball_v2_20260727\batch_01\F_221
F_222,incomplete,empty_placeholder,missing timing or semantics stage,dataset\fly_ball\Codex_Workstation\F_222,dataset_rejected\flyball_v2_20260727\batch_01\F_222
F_223,incomplete,empty_placeholder,missing timing or semantics stage,dataset\fly_ball\Codex_Workstation\F_223,dataset_rejected\flyball_v2_20260727\batch_01\F_223
F_224,incomplete,empty_placeholder,missing timing or semantics stage,dataset\fly_ball\Codex_Workstation\F_224,dataset_rejected\flyball_v2_20260727\batch_01\F_224
F_225,incomplete,empty_placeholder,missing timing or semantics stage,dataset\fly_ball\Codex_Workstation\F_225,dataset_rejected\flyball_v2_20260727\batch_01\F_225
F_226,incomplete,empty_placeholder,missing timing or semantics stage,dataset\fly_ball\Codex_Workstation\F_226,dataset_rejected\flyball_v2_20260727\batch_01\F_226
F_227,incomplete,empty_placeholder,missing timing or semantics stage,dataset\fly_ball\Codex_Workstation\F_227,dataset_rejected\flyball_v2_20260727\batch_01\F_227
F_228,incomplete,empty_placeholder,missing timing or semantics stage,dataset\fly_ball\Codex_Workstation\F_228,dataset_rejected\flyball_v2_20260727\batch_01\F_228
F_229,incomplete,empty_placeholder,missing timing or semantics stage,dataset\fly_ball\Codex_Workstation\F_229,dataset_rejected\flyball_v2_20260727\batch_01\F_229
F_230,incomplete,empty_placeholder,missing timing or semantics stage,dataset\fly_ball\Codex_Workstation\F_230,dataset_rejected\flyball_v2_20260727\batch_01\F_230
F_231,incomplete,empty_placeholder,missing timing or semantics stage,dataset\fly_ball\Codex_Workstation\F_231,dataset_rejected\flyball_v2_20260727\batch_01\F_231
F_232,incomplete,empty_placeholder,missing timing or semantics stage,dataset\fly_ball\Codex_Workstation\F_232,dataset_rejected\flyball_v2_20260727\batch_01\F_232
F_234,incomplete,empty_placeholder,missing timing or semantics stage,dataset\fly_ball\Codex_Workstation\F_234,dataset_rejected\flyball_v2_20260727\batch_01\F_234
F_235,incomplete,empty_placeholder,missing timing or semantics stage,dataset\fly_ball\Codex_Workstation\F_235,dataset_rejected\flyball_v2_20260727\batch_01\F_235
F_236,incomplete,empty_placeholder,missing timing or semantics stage,dataset\fly_ball\Codex_Workstation\F_236,dataset_rejected\flyball_v2_20260727\batch_01\F_236
F_237,incomplete,empty_placeholder,missing timing or semantics stage,dataset\fly_ball\Codex_Workstation\F_237,dataset_rejected\flyball_v2_20260727\batch_01\F_237
F_238,incomplete,empty_placeholder,missing timing or semantics stage,dataset\fly_ball\Codex_Workstation\F_238,dataset_rejected\flyball_v2_20260727\batch_01\F_238
F_239,incomplete,empty_placeholder,missing timing or semantics stage,dataset\fly_ball\Codex_Workstation\F_239,dataset_rejected\flyball_v2_20260727\batch_01\F_239
F_241,incomplete,empty_placeholder,missing timing or semantics stage,dataset\fly_ball\Codex_Workstation\F_241,dataset_rejected\flyball_v2_20260727\batch_01\F_241
F_242,incomplete,empty_placeholder,missing timing or semantics stage,dataset\fly_ball\Codex_Workstation\F_242,dataset_rejected\flyball_v2_20260727\batch_01\F_242
F_243,incomplete,empty_placeholder,missing timing or semantics stage,dataset\fly_ball\Codex_Workstation\F_243,dataset_rejected\flyball_v2_20260727\batch_01\F_243
F_244,incomplete,empty_placeholder,missing timing or semantics stage,dataset\fly_ball\Codex_Workstation\F_244,dataset_rejected\flyball_v2_20260727\batch_01\F_244
F_246,incomplete,empty_placeholder,missing timing or semantics stage,dataset\fly_ball\Codex_Workstation\F_246,dataset_rejected\flyball_v2_20260727\batch_01\F_246
F_248,incomplete,empty_placeholder,missing timing or semantics stage,dataset\fly_ball\Codex_Workstation\F_248,dataset_rejected\flyball_v2_20260727\batch_01\F_248
F_249,incomplete,empty_placeholder,missing timing or semantics stage,dataset\fly_ball\Codex_Workstation\F_249,dataset_rejected\flyball_v2_20260727\batch_01\F_249
F_250,incomplete,empty_placeholder,missing timing or semantics stage,dataset\fly_ball\Codex_Workstation\F_250,dataset_rejected\flyball_v2_20260727\batch_01\F_250
F_251,incomplete,empty_placeholder,missing timing or semantics stage,dataset\fly_ball\Codex_Workstation\F_251,dataset_rejected\flyball_v2_20260727\batch_01\F_251
F_252,incomplete,empty_placeholder,missing timing or semantics stage,dataset\fly_ball\Codex_Workstation\F_252,dataset_rejected\flyball_v2_20260727\batch_01\F_252
F_254,incomplete,empty_placeholder,missing timing or semantics stage,dataset\fly_ball\Codex_Workstation\F_254,dataset_rejected\flyball_v2_20260727\batch_01\F_254
F_255,incomplete,empty_placeholder,missing timing or semantics stage,dataset\fly_ball\Codex_Workstation\F_255,dataset_rejected\flyball_v2_20260727\batch_01\F_255
F_256,incomplete,empty_placeholder,missing timing or semantics stage,dataset\fly_ball\Codex_Workstation\F_256,dataset_rejected\flyball_v2_20260727\batch_01\F_256
F_257,incomplete,empty_placeholder,missing timing or semantics stage,dataset\fly_ball\Codex_Workstation\F_257,dataset_rejected\flyball_v2_20260727\batch_01\F_257
F_258,incomplete,empty_placeholder,missing timing or semantics stage,dataset\fly_ball\Codex_Workstation\F_258,dataset_rejected\flyball_v2_20260727\batch_01\F_258
F_260,incomplete,empty_placeholder,missing timing or semantics stage,dataset\fly_ball\Codex_Workstation\F_260,dataset_rejected\flyball_v2_20260727\batch_01\F_260
F_261,incomplete,empty_placeholder,missing timing or semantics stage,dataset\fly_ball\Codex_Workstation\F_261,dataset_rejected\flyball_v2_20260727\batch_01\F_261
F_264,incomplete,empty_placeholder,missing timing or semantics stage,dataset\fly_ball\Codex_Workstation\F_264,dataset_rejected\flyball_v2_20260727\batch_01\F_264
F_265,incomplete,empty_placeholder,missing timing or semantics stage,dataset\fly_ball\Codex_Workstation\F_265,dataset_rejected\flyball_v2_20260727\batch_01\F_265
F_266,incomplete,empty_placeholder,missing timing or semantics stage,dataset\fly_ball\Codex_Workstation\F_266,dataset_rejected\flyball_v2_20260727\batch_01\F_266
F_267,incomplete,empty_placeholder,missing timing or semantics stage,dataset\fly_ball\Codex_Workstation\F_267,dataset_rejected\flyball_v2_20260727\batch_01\F_267
F_268,incomplete,empty_placeholder,missing timing or semantics stage,dataset\fly_ball\Codex_Workstation\F_268,dataset_rejected\flyball_v2_20260727\batch_01\F_268
F_269,incomplete,empty_placeholder,missing timing or semantics stage,dataset\fly_ball\Codex_Workstation\F_269,dataset_rejected\flyball_v2_20260727\batch_01\F_269
F_270,incomplete,empty_placeholder,missing timing or semantics stage,dataset\fly_ball\Codex_Workstation\F_270,dataset_rejected\flyball_v2_20260727\batch_01\F_270
F_271,incomplete,empty_placeholder,missing timing or semantics stage,dataset\fly_ball\Codex_Workstation\F_271,dataset_rejected\flyball_v2_20260727\batch_01\F_271
F_273,incomplete,empty_placeholder,missing timing or semantics stage,dataset\fly_ball\Codex_Workstation\F_273,dataset_rejected\flyball_v2_20260727\batch_01\F_273
F_274,incomplete,empty_placeholder,missing timing or semantics stage,dataset\fly_ball\Codex_Workstation\F_274,dataset_rejected\flyball_v2_20260727\batch_01\F_274
F_275,incomplete,empty_placeholder,missing timing or semantics stage,dataset\fly_ball\Codex_Workstation\F_275,dataset_rejected\flyball_v2_20260727\batch_01\F_275
F_277,incomplete,empty_placeholder,missing timing or semantics stage,dataset\fly_ball\Codex_Workstation\F_277,dataset_rejected\flyball_v2_20260727\batch_01\F_277
F_278,incomplete,empty_placeholder,missing timing or semantics stage,dataset\fly_ball\Codex_Workstation\F_278,dataset_rejected\flyball_v2_20260727\batch_01\F_278
