instrument,analysis_condition,family,ablation_protocol,ablated_or_included_group,feature_set,n_tracking_samples,n_features,best_feature,best_spearman_rho,count_abs_rho_ge_0p9,endpoint_ba_mean,endpoint_ba_sd,endpoint_cv_folds,baseline_full_endpoint_ba,endpoint_ba_delta_from_full
traditional_181d,reference,intensity,logo,logmel,without_logmel,25,101,feat_spectral_centroid_mean,-0.9805806756909201,58,1.0,0.0,50,1.0,0.0
traditional_181d,reference,intensity,logo,spectral_stats,without_spectral_stats,25,137,feat_logmel_00_mean,0.9805806756909201,105,1.0,0.0,50,1.0,0.0
traditional_181d,reference,intensity,logo,mfcc,without_mfcc,25,155,feat_logmel_00_mean,0.9805806756909201,114,1.0,0.0,50,1.0,0.0
traditional_181d,reference,intensity,logo,time_domain,without_time_domain,25,170,feat_logmel_00_mean,0.9805806756909201,128,1.0,0.0,50,1.0,0.0
traditional_181d,reference,intensity,logo,frame_energy,without_frame_energy,25,173,feat_logmel_00_mean,0.9805806756909201,126,1.0,0.0,50,1.0,0.0
traditional_181d,reference,intensity,logo,band_ratios,without_band_ratios,25,173,feat_logmel_00_mean,0.9805806756909201,132,1.0,0.0,50,1.0,0.0
traditional_181d,reference,intensity,logo,local_transient,without_local_transient,25,177,feat_logmel_00_mean,0.9805806756909201,129,1.0,0.0,50,1.0,0.0
traditional_181d,reference,intensity,sgi,logmel,only_logmel,25,80,feat_logmel_00_mean,0.9805806756909201,74,1.0,0.0,50,1.0,0.0
traditional_181d,reference,intensity,sgi,spectral_stats,only_spectral_stats,25,44,feat_spectral_centroid_mean,-0.9805806756909201,27,1.0,0.0,50,1.0,0.0
traditional_181d,reference,intensity,sgi,mfcc,only_mfcc,25,26,feat_mfcc_00_mean,0.9805806756909201,18,1.0,0.0,50,1.0,0.0
traditional_181d,reference,intensity,sgi,time_domain,only_time_domain,25,11,feat_rms,0.9805806756909201,4,1.0,0.0,50,1.0,0.0
traditional_181d,reference,intensity,sgi,frame_energy,only_frame_energy,25,8,feat_frame_energy_mean,0.9805806756909201,6,1.0,0.0,50,1.0,0.0
traditional_181d,reference,intensity,sgi,band_ratios,only_band_ratios,25,8,feat_band_0_1000_ratio,0.7530859589306267,0,0.84,0.23560603574958064,50,1.0,-0.16000000000000003
traditional_181d,reference,intensity,sgi,local_transient,only_local_transient,25,4,feat_5ms_frame_energy_mean,0.9805806756909201,3,1.0,0.0,50,1.0,0.0
traditional_181d,reference,location,logo,logmel,without_logmel,25,101,feat_10ms_spectral_flux_mean,0.8982118989328828,0,1.0,0.0,50,1.0,0.0
traditional_181d,reference,location,logo,spectral_stats,without_spectral_stats,25,137,feat_logmel_22_std,0.9099788670411739,3,1.0,0.0,50,1.0,0.0
traditional_181d,reference,location,logo,mfcc,without_mfcc,25,155,feat_logmel_22_std,0.9099788670411739,3,1.0,0.0,50,1.0,0.0
traditional_181d,reference,location,logo,time_domain,without_time_domain,25,170,feat_logmel_22_std,0.9099788670411739,3,1.0,0.0,50,1.0,0.0
traditional_181d,reference,location,logo,frame_energy,without_frame_energy,25,173,feat_logmel_22_std,0.9099788670411739,3,1.0,0.0,50,1.0,0.0
traditional_181d,reference,location,logo,band_ratios,without_band_ratios,25,173,feat_logmel_22_std,0.9099788670411739,3,1.0,0.0,50,1.0,0.0
traditional_181d,reference,location,logo,local_transient,without_local_transient,25,177,feat_logmel_22_std,0.9099788670411739,3,1.0,0.0,50,1.0,0.0
traditional_181d,reference,location,sgi,logmel,only_logmel,25,80,feat_logmel_22_std,0.9099788670411739,3,1.0,0.0,50,1.0,0.0
traditional_181d,reference,location,sgi,spectral_stats,only_spectral_stats,25,44,feat_10ms_spectral_flux_mean,0.8982118989328828,0,1.0,0.0,50,1.0,0.0
traditional_181d,reference,location,sgi,mfcc,only_mfcc,25,26,feat_mfcc_01_std,0.8393770583914276,0,0.9,0.20203050891044214,50,1.0,-0.09999999999999998
traditional_181d,reference,location,sgi,time_domain,only_time_domain,25,11,feat_waveform_kurtosis,-0.651105568658771,0,0.72,0.2507132682112035,50,1.0,-0.28
traditional_181d,reference,location,sgi,frame_energy,only_frame_energy,25,8,feat_frame_energy_p90,0.7413189908223357,0,0.8,0.24743582965269675,50,1.0,-0.19999999999999996
traditional_181d,reference,location,sgi,band_ratios,only_band_ratios,25,8,feat_band_4000_8000_ratio,-0.8746779627163007,0,1.0,0.0,50,1.0,0.0
traditional_181d,reference,location,sgi,local_transient,only_local_transient,25,4,feat_5ms_frame_energy_p90,0.7138627319029899,0,0.8,0.24743582965269675,50,1.0,-0.19999999999999996
traditional_181d,reference,decay,logo,logmel,without_logmel,25,101,feat_spectral_bandwidth_p10,0.9843740386976971,60,1.0,0.0,50,1.0,0.0
traditional_181d,reference,decay,logo,spectral_stats,without_spectral_stats,25,137,feat_zcr,-0.980958039828688,107,1.0,0.0,50,1.0,0.0
traditional_181d,reference,decay,logo,mfcc,without_mfcc,25,155,feat_spectral_bandwidth_p10,0.9843740386976971,115,1.0,0.0,50,1.0,0.0
traditional_181d,reference,decay,logo,time_domain,without_time_domain,25,170,feat_spectral_bandwidth_p10,0.9843740386976971,138,1.0,0.0,50,1.0,0.0
traditional_181d,reference,decay,logo,frame_energy,without_frame_energy,25,173,feat_spectral_bandwidth_p10,0.9843740386976971,137,1.0,0.0,50,1.0,0.0
traditional_181d,reference,decay,logo,band_ratios,without_band_ratios,25,173,feat_spectral_bandwidth_p10,0.9843740386976971,139,1.0,0.0,50,1.0,0.0
traditional_181d,reference,decay,logo,local_transient,without_local_transient,25,177,feat_spectral_bandwidth_p10,0.9843740386976971,138,1.0,0.0,50,1.0,0.0
traditional_181d,reference,decay,sgi,logmel,only_logmel,25,80,feat_logmel_00_mean,-0.9805806756909201,79,1.0,0.0,50,1.0,0.0
traditional_181d,reference,decay,sgi,spectral_stats,only_spectral_stats,25,44,feat_spectral_bandwidth_p10,0.9843740386976971,32,1.0,0.0,50,1.0,0.0
traditional_181d,reference,decay,sgi,mfcc,only_mfcc,25,26,feat_mfcc_00_mean,-0.9805806756909201,24,1.0,0.0,50,1.0,0.0
traditional_181d,reference,decay,sgi,time_domain,only_time_domain,25,11,feat_zcr,-0.980958039828688,1,0.8,0.24743582965269673,50,1.0,-0.19999999999999996
traditional_181d,reference,decay,sgi,frame_energy,only_frame_energy,25,8,feat_10ms_frame_energy_p90,-0.9805806756909201,2,0.8,0.24743582965269673,50,1.0,-0.19999999999999996
traditional_181d,reference,decay,sgi,band_ratios,only_band_ratios,25,8,feat_band_0_1000_ratio,-0.5491251783869152,0,0.9,0.22587697572631282,50,1.0,-0.09999999999999998
traditional_181d,reference,decay,sgi,local_transient,only_local_transient,25,4,feat_5ms_frame_energy_p90,-0.9766583529881566,1,0.8,0.24743582965269673,50,1.0,-0.19999999999999996
traditional_181d,reference,sharpness,logo,logmel,without_logmel,25,101,feat_band_0_1000_ratio,-0.9688137075826291,18,1.0,0.0,50,1.0,0.0
traditional_181d,reference,sharpness,logo,spectral_stats,without_spectral_stats,25,137,feat_band_0_1000_ratio,-0.9688137075826291,8,1.0,0.0,50,1.0,0.0
traditional_181d,reference,sharpness,logo,mfcc,without_mfcc,25,155,feat_band_0_1000_ratio,-0.9688137075826291,14,1.0,0.0,50,1.0,0.0
traditional_181d,reference,sharpness,logo,time_domain,without_time_domain,25,170,feat_band_0_1000_ratio,-0.9688137075826291,19,1.0,0.0,50,1.0,0.0
traditional_181d,reference,sharpness,logo,frame_energy,without_frame_energy,25,173,feat_band_0_1000_ratio,-0.9688137075826291,19,1.0,0.0,50,1.0,0.0
traditional_181d,reference,sharpness,logo,band_ratios,without_band_ratios,25,173,feat_10ms_spectral_flatness_p10,0.9139011897439376,17,1.0,0.0,50,1.0,0.0
traditional_181d,reference,sharpness,logo,local_transient,without_local_transient,25,177,feat_band_0_1000_ratio,-0.9688137075826291,19,1.0,0.0,50,1.0,0.0
traditional_181d,reference,sharpness,sgi,logmel,only_logmel,25,80,feat_logmel_04_std,-0.9021342216356466,1,1.0,0.0,50,1.0,0.0
traditional_181d,reference,sharpness,sgi,spectral_stats,only_spectral_stats,25,44,feat_10ms_spectral_flatness_p10,0.9139011897439376,11,1.0,0.0,50,1.0,0.0
traditional_181d,reference,sharpness,sgi,mfcc,only_mfcc,25,26,feat_mfcc_01_mean,-0.9139011897439376,5,1.0,0.0,50,1.0,0.0
traditional_181d,reference,sharpness,sgi,time_domain,only_time_domain,25,11,feat_waveform_kurtosis,0.6432609232532436,0,0.9,0.20203050891044214,50,1.0,-0.09999999999999998
traditional_181d,reference,sharpness,sgi,frame_energy,only_frame_energy,25,8,feat_frame_energy_p90,-0.8982118989328828,0,0.8,0.24743582965269675,50,1.0,-0.19999999999999996
traditional_181d,reference,sharpness,sgi,band_ratios,only_band_ratios,25,8,feat_band_0_1000_ratio,-0.9688137075826291,2,1.0,0.0,50,1.0,0.0
traditional_181d,reference,sharpness,sgi,local_transient,only_local_transient,25,4,feat_5ms_frame_energy_p90,-0.8982118989328828,0,0.8,0.24743582965269675,50,1.0,-0.19999999999999996
traditional_181d,10m_15db,intensity,logo,logmel,without_logmel,25,101,feat_peak_abs,0.9531244167715744,17,0.9,0.20203050891044214,50,1.0,-0.09999999999999998
traditional_181d,10m_15db,intensity,logo,spectral_stats,without_spectral_stats,25,137,feat_logmel_03_mean,0.9609690621771018,57,1.0,0.0,50,1.0,0.0
traditional_181d,10m_15db,intensity,logo,mfcc,without_mfcc,25,155,feat_logmel_03_mean,0.9609690621771018,56,1.0,0.0,50,1.0,0.0
traditional_181d,10m_15db,intensity,logo,time_domain,without_time_domain,25,170,feat_logmel_03_mean,0.9609690621771018,53,1.0,0.0,50,1.0,0.0
traditional_181d,10m_15db,intensity,logo,frame_energy,without_frame_energy,25,173,feat_logmel_03_mean,0.9609690621771018,49,1.0,0.0,50,1.0,0.0
traditional_181d,10m_15db,intensity,logo,band_ratios,without_band_ratios,25,173,feat_logmel_03_mean,0.9609690621771018,57,1.0,0.0,50,1.0,0.0
traditional_181d,10m_15db,intensity,logo,local_transient,without_local_transient,25,177,feat_logmel_03_mean,0.9609690621771018,53,1.0,0.0,50,1.0,0.0
traditional_181d,10m_15db,intensity,sgi,logmel,only_logmel,25,80,feat_logmel_03_mean,0.9609690621771018,40,1.0,0.0,50,1.0,0.0
traditional_181d,10m_15db,intensity,sgi,spectral_stats,only_spectral_stats,25,44,feat_5ms_spectral_flux_std,0.47460104703440537,0,0.8,0.2857142857142857,50,1.0,-0.19999999999999996
traditional_181d,10m_15db,intensity,sgi,mfcc,only_mfcc,25,26,feat_mfcc_00_mean,0.9492020940688107,1,0.97,0.11994896874104763,50,1.0,-0.030000000000000027
traditional_181d,10m_15db,intensity,sgi,time_domain,only_time_domain,25,11,feat_peak_abs,0.9531244167715744,4,1.0,0.0,50,1.0,0.0
traditional_181d,10m_15db,intensity,sgi,frame_energy,only_frame_energy,25,8,feat_frame_energy_p10,0.9531244167715744,8,1.0,0.0,50,1.0,0.0
traditional_181d,10m_15db,intensity,sgi,band_ratios,only_band_ratios,25,8,feat_band_8000_plus_ratio,-0.45498943352058696,0,0.82,0.24243661069253059,50,1.0,-0.18000000000000005
traditional_181d,10m_15db,intensity,sgi,local_transient,only_local_transient,25,4,feat_5ms_frame_energy_p10,0.9531244167715744,4,1.0,0.0,50,1.0,0.0
traditional_181d,10m_15db,location,logo,logmel,without_logmel,25,101,feat_mfcc_11_mean,-0.6158046643338978,0,0.51,0.3424104232630538,50,0.51,0.0
traditional_181d,10m_15db,location,logo,spectral_stats,without_spectral_stats,25,137,feat_mfcc_11_mean,-0.6158046643338978,0,0.52,0.33441999744913214,50,0.51,0.010000000000000009
traditional_181d,10m_15db,location,logo,mfcc,without_mfcc,25,155,feat_logmel_21_std,0.5805037600090248,0,0.46,0.3168724716116976,50,0.51,-0.04999999999999999
traditional_181d,10m_15db,location,logo,time_domain,without_time_domain,25,170,feat_mfcc_11_mean,-0.6158046643338978,0,0.5,0.2857142857142857,50,0.51,-0.010000000000000009
traditional_181d,10m_15db,location,logo,frame_energy,without_frame_energy,25,173,feat_mfcc_11_mean,-0.6158046643338978,0,0.51,0.2943342539719502,50,0.51,0.0
traditional_181d,10m_15db,location,logo,band_ratios,without_band_ratios,25,173,feat_mfcc_11_mean,-0.6158046643338978,0,0.51,0.2943342539719502,50,0.51,0.0
traditional_181d,10m_15db,location,logo,local_transient,without_local_transient,25,177,feat_mfcc_11_mean,-0.6158046643338978,0,0.51,0.2943342539719502,50,0.51,0.0
traditional_181d,10m_15db,location,sgi,logmel,only_logmel,25,80,feat_logmel_21_std,0.5805037600090248,0,0.46,0.33258419219493757,50,0.51,-0.04999999999999999
traditional_181d,10m_15db,location,sgi,spectral_stats,only_spectral_stats,25,44,feat_10ms_spectral_flux_mean,0.4236108518984775,0,0.46,0.24411439272335803,50,0.51,-0.04999999999999999
traditional_181d,10m_15db,location,sgi,mfcc,only_mfcc,25,26,feat_mfcc_11_mean,-0.6158046643338978,0,0.56,0.2969229955832361,50,0.51,0.050000000000000044
traditional_181d,10m_15db,location,sgi,time_domain,only_time_domain,25,11,feat_zcr,0.3805384896848006,0,0.57,0.24764194033371023,50,0.51,0.05999999999999994
traditional_181d,10m_15db,location,sgi,frame_energy,only_frame_energy,25,8,feat_frame_energy_std,-0.23141703946305714,0,0.34,0.3416645926600399,50,0.51,-0.16999999999999998
traditional_181d,10m_15db,location,sgi,band_ratios,only_band_ratios,25,8,feat_band_0_1000_ratio,-0.2902518800045124,0,0.55,0.23145502494313785,50,0.51,0.040000000000000036
traditional_181d,10m_15db,location,sgi,local_transient,only_local_transient,25,4,feat_5ms_frame_energy_std,-0.18827148973265667,0,0.3,0.34992710611188255,50,0.51,-0.21000000000000002
traditional_181d,10m_15db,decay,logo,logmel,without_logmel,25,101,feat_5ms_frame_energy_p10,-0.3961545929791317,0,0.58,0.2920721185751553,50,0.67,-0.09000000000000008
traditional_181d,10m_15db,decay,logo,spectral_stats,without_spectral_stats,25,137,feat_logmel_39_std,0.6471832459560073,0,0.69,0.2451571757390073,50,0.67,0.019999999999999907
traditional_181d,10m_15db,decay,logo,mfcc,without_mfcc,25,155,feat_logmel_39_std,0.6471832459560073,0,0.7,0.2857142857142857,50,0.67,0.029999999999999916
traditional_181d,10m_15db,decay,logo,time_domain,without_time_domain,25,170,feat_logmel_39_std,0.6471832459560073,0,0.68,0.2813959371941744,50,0.67,0.010000000000000009
traditional_181d,10m_15db,decay,logo,frame_energy,without_frame_energy,25,173,feat_logmel_39_std,0.6471832459560073,0,0.67,0.27866298861615946,50,0.67,0.0
traditional_181d,10m_15db,decay,logo,band_ratios,without_band_ratios,25,173,feat_logmel_39_std,0.6471832459560073,0,0.67,0.27866298861615946,50,0.67,0.0
traditional_181d,10m_15db,decay,logo,local_transient,without_local_transient,25,177,feat_logmel_39_std,0.6471832459560073,0,0.67,0.27866298861615946,50,0.67,0.0
traditional_181d,10m_15db,decay,sgi,logmel,only_logmel,25,80,feat_logmel_39_std,0.6471832459560073,0,0.72,0.2507132682112035,50,0.67,0.04999999999999993
traditional_181d,10m_15db,decay,sgi,spectral_stats,only_spectral_stats,25,44,feat_10ms_spectral_centroid_p90,-0.34908672054596757,0,0.51,0.2943342539719502,50,0.67,-0.16000000000000003
traditional_181d,10m_15db,decay,sgi,mfcc,only_mfcc,25,26,feat_mfcc_00_mean,-0.35693136595149494,0,0.53,0.27497680792743084,50,0.67,-0.14
traditional_181d,10m_15db,decay,sgi,time_domain,only_time_domain,25,11,feat_rms,-0.3294751070321492,0,0.8,0.24743582965269675,50,0.67,0.13
traditional_181d,10m_15db,decay,sgi,frame_energy,only_frame_energy,25,8,feat_10ms_frame_energy_p10,-0.368698334059786,0,0.71,0.24928469095164493,50,0.67,0.039999999999999925
traditional_181d,10m_15db,decay,sgi,band_ratios,only_band_ratios,25,8,feat_band_8000_plus_ratio,-0.23533936216582085,0,0.61,0.30788945803217577,50,0.67,-0.06000000000000005
traditional_181d,10m_15db,decay,sgi,local_transient,only_local_transient,25,4,feat_5ms_frame_energy_p10,-0.3961545929791317,0,0.73,0.25172871695294424,50,0.67,0.05999999999999994
traditional_181d,10m_15db,sharpness,logo,logmel,without_logmel,25,101,feat_mfcc_01_mean,-0.5805037600090248,0,0.59,0.2612763022595983,50,0.68,-0.09000000000000008
traditional_181d,10m_15db,sharpness,logo,spectral_stats,without_spectral_stats,25,137,feat_logmel_03_std,-0.6667948594698256,0,0.64,0.2864276807966203,50,0.68,-0.040000000000000036
traditional_181d,10m_15db,sharpness,logo,mfcc,without_mfcc,25,155,feat_logmel_03_std,-0.6667948594698256,0,0.69,0.3011881234615431,50,0.68,0.009999999999999898
traditional_181d,10m_15db,sharpness,logo,time_domain,without_time_domain,25,170,feat_logmel_03_std,-0.6667948594698256,0,0.78,0.2507132682112035,50,0.68,0.09999999999999998
traditional_181d,10m_15db,sharpness,logo,frame_energy,without_frame_energy,25,173,feat_logmel_03_std,-0.6667948594698256,0,0.68,0.298977850520805,50,0.68,0.0
traditional_181d,10m_15db,sharpness,logo,band_ratios,without_band_ratios,25,173,feat_logmel_03_std,-0.6667948594698256,0,0.68,0.298977850520805,50,0.68,0.0
traditional_181d,10m_15db,sharpness,logo,local_transient,without_local_transient,25,177,feat_logmel_03_std,-0.6667948594698256,0,0.68,0.298977850520805,50,0.68,0.0
traditional_181d,10m_15db,sharpness,sgi,logmel,only_logmel,25,80,feat_logmel_03_std,-0.6667948594698256,0,0.88,0.21570955529345,50,0.68,0.19999999999999996
traditional_181d,10m_15db,sharpness,sgi,spectral_stats,only_spectral_stats,25,44,feat_10ms_spectral_centroid_std,0.3922322702763681,0,0.64,0.22677868380553634,50,0.68,-0.040000000000000036
traditional_181d,10m_15db,sharpness,sgi,mfcc,only_mfcc,25,26,feat_mfcc_01_mean,-0.5805037600090248,0,0.75,0.2525381361380527,50,0.68,0.06999999999999995
traditional_181d,10m_15db,sharpness,sgi,time_domain,only_time_domain,25,11,feat_attack_slope,0.38438762487084066,0,0.52,0.2249716535431946,50,0.68,-0.16000000000000003
traditional_181d,10m_15db,sharpness,sgi,frame_energy,only_frame_energy,25,8,feat_frame_energy_p90,0.4196885291957138,0,0.72,0.2507132682112035,50,0.68,0.039999999999999925
traditional_181d,10m_15db,sharpness,sgi,band_ratios,only_band_ratios,25,8,feat_band_4000_8000_ratio,0.14904826270501986,0,0.25,0.2525381361380527,50,0.68,-0.43000000000000005
traditional_181d,10m_15db,sharpness,sgi,local_transient,only_local_transient,25,4,feat_5ms_frame_energy_p90,0.380465302168077,0,0.7,0.2857142857142857,50,0.68,0.019999999999999907
m2d_2304d,reference,intensity,pooling_logo,mean,without_mean,25,1536,feat_m2d_40ms_last_std_0010,0.9805806756909201,195,1.0,0.0,50,1.0,0.0
m2d_2304d,reference,intensity,pooling_logo,std,without_std,25,1536,feat_m2d_40ms_last_mean_0013,0.9805806756909201,283,1.0,0.0,50,1.0,0.0
m2d_2304d,reference,intensity,pooling_logo,max,without_max,25,1536,feat_m2d_40ms_last_mean_0013,0.9805806756909201,330,1.0,0.0,50,1.0,0.0
m2d_2304d,reference,intensity,pooling_sgi,mean,only_mean,25,768,feat_m2d_40ms_last_mean_0013,0.9805806756909201,209,1.0,0.0,50,1.0,0.0
m2d_2304d,reference,intensity,pooling_sgi,std,only_std,25,768,feat_m2d_40ms_last_std_0010,0.9805806756909201,121,1.0,0.0,50,1.0,0.0
m2d_2304d,reference,intensity,pooling_sgi,max,only_max,25,768,feat_m2d_40ms_last_max_0089,0.9805806756909201,74,1.0,0.0,50,1.0,0.0
m2d_2304d,reference,location,pooling_logo,mean,without_mean,25,1536,feat_m2d_40ms_last_max_0265,0.9570467394743379,27,1.0,0.0,50,1.0,0.0
m2d_2304d,reference,location,pooling_logo,std,without_std,25,1536,feat_m2d_40ms_last_mean_0112,0.9570467394743379,44,1.0,0.0,50,1.0,0.0
m2d_2304d,reference,location,pooling_logo,max,without_max,25,1536,feat_m2d_40ms_last_mean_0112,0.9570467394743379,47,1.0,0.0,50,1.0,0.0
m2d_2304d,reference,location,pooling_sgi,mean,only_mean,25,768,feat_m2d_40ms_last_mean_0112,0.9570467394743379,32,1.0,0.0,50,1.0,0.0
m2d_2304d,reference,location,pooling_sgi,std,only_std,25,768,feat_m2d_40ms_last_std_0258,0.9492020940688107,15,1.0,0.0,50,1.0,0.0
m2d_2304d,reference,location,pooling_sgi,max,only_max,25,768,feat_m2d_40ms_last_max_0265,0.9570467394743379,12,1.0,0.0,50,1.0,0.0
m2d_2304d,reference,decay,pooling_logo,mean,without_mean,25,1536,feat_m2d_40ms_last_std_0204,-0.9805806756909201,172,1.0,0.0,50,1.0,0.0
m2d_2304d,reference,decay,pooling_logo,std,without_std,25,1536,feat_m2d_40ms_last_mean_0012,-0.9805806756909201,358,1.0,0.0,50,1.0,0.0
m2d_2304d,reference,decay,pooling_logo,max,without_max,25,1536,feat_m2d_40ms_last_mean_0012,-0.9805806756909201,396,1.0,0.0,50,1.0,0.0
m2d_2304d,reference,decay,pooling_sgi,mean,only_mean,25,768,feat_m2d_40ms_last_mean_0012,-0.9805806756909201,291,1.0,0.0,50,1.0,0.0
m2d_2304d,reference,decay,pooling_sgi,std,only_std,25,768,feat_m2d_40ms_last_std_0204,-0.9805806756909201,105,1.0,0.0,50,1.0,0.0
m2d_2304d,reference,decay,pooling_sgi,max,only_max,25,768,feat_m2d_40ms_last_max_0077,0.9805806756909201,67,1.0,0.0,50,1.0,0.0
m2d_2304d,reference,sharpness,pooling_logo,mean,without_mean,25,1536,feat_m2d_40ms_last_std_0681,-0.9805806756909201,103,1.0,0.0,50,1.0,0.0
m2d_2304d,reference,sharpness,pooling_logo,std,without_std,25,1536,feat_m2d_40ms_last_mean_0373,-0.9805806756909201,139,1.0,0.0,50,1.0,0.0
m2d_2304d,reference,sharpness,pooling_logo,max,without_max,25,1536,feat_m2d_40ms_last_mean_0373,-0.9805806756909201,166,1.0,0.0,50,1.0,0.0
m2d_2304d,reference,sharpness,pooling_sgi,mean,only_mean,25,768,feat_m2d_40ms_last_mean_0373,-0.9805806756909201,101,1.0,0.0,50,1.0,0.0
m2d_2304d,reference,sharpness,pooling_sgi,std,only_std,25,768,feat_m2d_40ms_last_std_0681,-0.9805806756909201,65,1.0,0.0,50,1.0,0.0
m2d_2304d,reference,sharpness,pooling_sgi,max,only_max,25,768,feat_m2d_40ms_last_max_0373,-0.9727360302853928,38,1.0,0.0,50,1.0,0.0
m2d_2304d,10m_15db,intensity,pooling_logo,mean,without_mean,25,1536,feat_m2d_40ms_last_max_0573,0.9609690621771018,23,1.0,0.0,50,1.0,0.0
m2d_2304d,10m_15db,intensity,pooling_logo,std,without_std,25,1536,feat_m2d_40ms_last_mean_0000,-0.9609690621771018,46,1.0,0.0,50,1.0,0.0
m2d_2304d,10m_15db,intensity,pooling_logo,max,without_max,25,1536,feat_m2d_40ms_last_mean_0000,-0.9609690621771018,39,1.0,0.0,50,1.0,0.0
m2d_2304d,10m_15db,intensity,pooling_sgi,mean,only_mean,25,768,feat_m2d_40ms_last_mean_0000,-0.9609690621771018,31,1.0,0.0,50,1.0,0.0
m2d_2304d,10m_15db,intensity,pooling_sgi,std,only_std,25,768,feat_m2d_40ms_last_std_0566,-0.9413574486632834,8,1.0,0.0,50,1.0,0.0
m2d_2304d,10m_15db,intensity,pooling_sgi,max,only_max,25,768,feat_m2d_40ms_last_max_0573,0.9609690621771018,15,1.0,0.0,50,1.0,0.0
m2d_2304d,10m_15db,location,pooling_logo,mean,without_mean,25,1536,feat_m2d_40ms_last_std_0646,0.7256297000112809,0,0.49,0.2943342539719502,50,0.35,0.14
m2d_2304d,10m_15db,location,pooling_logo,std,without_std,25,1536,feat_m2d_40ms_last_mean_0577,0.5648144691979701,0,0.46,0.3168724716116976,50,0.35,0.11000000000000004
m2d_2304d,10m_15db,location,pooling_logo,max,without_max,25,1536,feat_m2d_40ms_last_std_0646,0.7256297000112809,0,0.37,0.31638906557643004,50,0.35,0.020000000000000018
m2d_2304d,10m_15db,location,pooling_sgi,mean,only_mean,25,768,feat_m2d_40ms_last_mean_0577,0.5648144691979701,0,0.43,0.28589280137413575,50,0.35,0.08000000000000002
m2d_2304d,10m_15db,location,pooling_sgi,std,only_std,25,768,feat_m2d_40ms_last_std_0646,0.7256297000112809,0,0.5,0.2672612419124244,50,0.35,0.15000000000000002
m2d_2304d,10m_15db,location,pooling_sgi,max,only_max,25,768,feat_m2d_40ms_last_max_0351,-0.5373582102786243,0,0.54,0.33258419219493757,50,0.35,0.19000000000000006
m2d_2304d,10m_15db,decay,pooling_logo,mean,without_mean,25,1536,feat_m2d_40ms_last_std_0467,0.7177850546057536,0,0.83,0.27866298861615946,50,0.84,-0.010000000000000009
m2d_2304d,10m_15db,decay,pooling_logo,std,without_std,25,1536,feat_m2d_40ms_last_max_0142,-0.651105568658771,0,0.78,0.2507132682112035,50,0.84,-0.05999999999999994
m2d_2304d,10m_15db,decay,pooling_logo,max,without_max,25,1536,feat_m2d_40ms_last_std_0467,0.7177850546057536,0,0.85,0.23145502494313788,50,0.84,0.010000000000000009
m2d_2304d,10m_15db,decay,pooling_sgi,mean,only_mean,25,768,feat_m2d_40ms_last_mean_0314,-0.6001153735228432,0,0.63,0.26360917267494194,50,0.84,-0.20999999999999996
m2d_2304d,10m_15db,decay,pooling_sgi,std,only_std,25,768,feat_m2d_40ms_last_std_0467,0.7177850546057536,0,0.86,0.26802375770419595,50,0.84,0.020000000000000018
m2d_2304d,10m_15db,decay,pooling_sgi,max,only_max,25,768,feat_m2d_40ms_last_max_0142,-0.651105568658771,0,0.78,0.28855728395320224,50,0.84,-0.05999999999999994
m2d_2304d,10m_15db,sharpness,pooling_logo,mean,without_mean,25,1536,feat_m2d_40ms_last_max_0262,0.8315324129859002,0,1.0,0.0,50,0.9,0.09999999999999998
m2d_2304d,10m_15db,sharpness,pooling_logo,std,without_std,25,1536,feat_m2d_40ms_last_max_0262,0.8315324129859002,0,0.9,0.20203050891044214,50,0.9,0.0
m2d_2304d,10m_15db,sharpness,pooling_logo,max,without_max,25,1536,feat_m2d_40ms_last_std_0339,-0.7687752497416813,0,0.9,0.20203050891044214,50,0.9,0.0
m2d_2304d,10m_15db,sharpness,pooling_sgi,mean,only_mean,25,768,feat_m2d_40ms_last_mean_0059,0.749163636227863,0,0.9,0.20203050891044214,50,0.9,0.0
m2d_2304d,10m_15db,sharpness,pooling_sgi,std,only_std,25,768,feat_m2d_40ms_last_std_0339,-0.7687752497416813,0,0.98,0.09897433186107871,50,0.9,0.07999999999999996
m2d_2304d,10m_15db,sharpness,pooling_sgi,max,only_max,25,768,feat_m2d_40ms_last_max_0262,0.8315324129859002,0,0.89,0.20922597879824012,50,0.9,-0.010000000000000009
m2d_2304d,mid_none,intensity,pooling_logo,mean,without_mean,25,1536,feat_m2d_40ms_last_max_0573,0.9609690621771018,23,1.0,0.0,50,1.0,0.0
m2d_2304d,mid_none,intensity,pooling_logo,std,without_std,25,1536,feat_m2d_40ms_last_mean_0000,-0.9609690621771018,46,1.0,0.0,50,1.0,0.0
m2d_2304d,mid_none,intensity,pooling_logo,max,without_max,25,1536,feat_m2d_40ms_last_mean_0000,-0.9609690621771018,39,1.0,0.0,50,1.0,0.0
m2d_2304d,mid_none,intensity,pooling_sgi,mean,only_mean,25,768,feat_m2d_40ms_last_mean_0000,-0.9609690621771018,31,1.0,0.0,50,1.0,0.0
m2d_2304d,mid_none,intensity,pooling_sgi,std,only_std,25,768,feat_m2d_40ms_last_std_0566,-0.9413574486632834,8,1.0,0.0,50,1.0,0.0
m2d_2304d,mid_none,intensity,pooling_sgi,max,only_max,25,768,feat_m2d_40ms_last_max_0573,0.9609690621771018,15,1.0,0.0,50,1.0,0.0
m2d_2304d,mid_none,location,pooling_logo,mean,without_mean,25,1536,feat_m2d_40ms_last_std_0646,0.7256297000112809,0,0.49,0.2943342539719502,50,0.35,0.14
m2d_2304d,mid_none,location,pooling_logo,std,without_std,25,1536,feat_m2d_40ms_last_mean_0577,0.5648144691979701,0,0.46,0.3168724716116976,50,0.35,0.11000000000000004
m2d_2304d,mid_none,location,pooling_logo,max,without_max,25,1536,feat_m2d_40ms_last_std_0646,0.7256297000112809,0,0.37,0.31638906557643004,50,0.35,0.020000000000000018
m2d_2304d,mid_none,location,pooling_sgi,mean,only_mean,25,768,feat_m2d_40ms_last_mean_0577,0.5648144691979701,0,0.43,0.28589280137413575,50,0.35,0.08000000000000002
m2d_2304d,mid_none,location,pooling_sgi,std,only_std,25,768,feat_m2d_40ms_last_std_0646,0.7256297000112809,0,0.5,0.2672612419124244,50,0.35,0.15000000000000002
m2d_2304d,mid_none,location,pooling_sgi,max,only_max,25,768,feat_m2d_40ms_last_max_0351,-0.5373582102786243,0,0.54,0.33258419219493757,50,0.35,0.19000000000000006
m2d_2304d,mid_none,decay,pooling_logo,mean,without_mean,25,1536,feat_m2d_40ms_last_std_0467,0.7177850546057536,0,0.83,0.27866298861615946,50,0.84,-0.010000000000000009
m2d_2304d,mid_none,decay,pooling_logo,std,without_std,25,1536,feat_m2d_40ms_last_max_0142,-0.651105568658771,0,0.78,0.2507132682112035,50,0.84,-0.05999999999999994
m2d_2304d,mid_none,decay,pooling_logo,max,without_max,25,1536,feat_m2d_40ms_last_std_0467,0.7177850546057536,0,0.85,0.23145502494313788,50,0.84,0.010000000000000009
m2d_2304d,mid_none,decay,pooling_sgi,mean,only_mean,25,768,feat_m2d_40ms_last_mean_0314,-0.6001153735228432,0,0.63,0.26360917267494194,50,0.84,-0.20999999999999996
m2d_2304d,mid_none,decay,pooling_sgi,std,only_std,25,768,feat_m2d_40ms_last_std_0467,0.7177850546057536,0,0.86,0.26802375770419595,50,0.84,0.020000000000000018
m2d_2304d,mid_none,decay,pooling_sgi,max,only_max,25,768,feat_m2d_40ms_last_max_0142,-0.651105568658771,0,0.78,0.28855728395320224,50,0.84,-0.05999999999999994
m2d_2304d,mid_none,sharpness,pooling_logo,mean,without_mean,25,1536,feat_m2d_40ms_last_max_0262,0.8315324129859002,0,1.0,0.0,50,0.9,0.09999999999999998
m2d_2304d,mid_none,sharpness,pooling_logo,std,without_std,25,1536,feat_m2d_40ms_last_max_0262,0.8315324129859002,0,0.9,0.20203050891044214,50,0.9,0.0
m2d_2304d,mid_none,sharpness,pooling_logo,max,without_max,25,1536,feat_m2d_40ms_last_std_0339,-0.7687752497416813,0,0.9,0.20203050891044214,50,0.9,0.0
m2d_2304d,mid_none,sharpness,pooling_sgi,mean,only_mean,25,768,feat_m2d_40ms_last_mean_0059,0.749163636227863,0,0.9,0.20203050891044214,50,0.9,0.0
m2d_2304d,mid_none,sharpness,pooling_sgi,std,only_std,25,768,feat_m2d_40ms_last_std_0339,-0.7687752497416813,0,0.98,0.09897433186107871,50,0.9,0.07999999999999996
m2d_2304d,mid_none,sharpness,pooling_sgi,max,only_max,25,768,feat_m2d_40ms_last_max_0262,0.8315324129859002,0,0.89,0.20922597879824012,50,0.9,-0.010000000000000009
m2d_2304d,mid_clip_peak_0p5,intensity,pooling_logo,mean,without_mean,25,1536,feat_m2d_40ms_last_max_0573,0.9727360302853928,21,1.0,0.0,50,1.0,0.0
m2d_2304d,mid_clip_peak_0p5,intensity,pooling_logo,std,without_std,25,1536,feat_m2d_40ms_last_max_0573,0.9727360302853928,45,1.0,0.0,50,1.0,0.0
m2d_2304d,mid_clip_peak_0p5,intensity,pooling_logo,max,without_max,25,1536,feat_m2d_40ms_last_mean_0000,-0.9648913848798655,36,1.0,0.0,50,1.0,0.0
m2d_2304d,mid_clip_peak_0p5,intensity,pooling_sgi,mean,only_mean,25,768,feat_m2d_40ms_last_mean_0000,-0.9648913848798655,30,1.0,0.0,50,1.0,0.0
m2d_2304d,mid_clip_peak_0p5,intensity,pooling_sgi,std,only_std,25,768,feat_m2d_40ms_last_std_0566,-0.945279771366047,6,1.0,0.0,50,1.0,0.0
m2d_2304d,mid_clip_peak_0p5,intensity,pooling_sgi,max,only_max,25,768,feat_m2d_40ms_last_max_0573,0.9727360302853928,15,1.0,0.0,50,1.0,0.0
m2d_2304d,mid_clip_peak_0p5,location,pooling_logo,mean,without_mean,25,1536,feat_m2d_40ms_last_std_0646,0.7217073773085172,0,0.49,0.2943342539719502,50,0.29,0.2
m2d_2304d,mid_clip_peak_0p5,location,pooling_logo,std,without_std,25,1536,feat_m2d_40ms_last_max_0636,0.5883484054145521,0,0.3,0.31943828249996997,50,0.29,0.010000000000000009
m2d_2304d,mid_clip_peak_0p5,location,pooling_logo,max,without_max,25,1536,feat_m2d_40ms_last_std_0646,0.7217073773085172,0,0.28,0.32198364770241844,50,0.29,-0.009999999999999953
m2d_2304d,mid_clip_peak_0p5,location,pooling_sgi,mean,only_mean,25,768,feat_m2d_40ms_last_mean_0485,0.5648144691979701,0,0.26,0.25233602475222416,50,0.29,-0.02999999999999997
m2d_2304d,mid_clip_peak_0p5,location,pooling_sgi,std,only_std,25,768,feat_m2d_40ms_last_std_0646,0.7217073773085172,0,0.39,0.3078894580321758,50,0.29,0.10000000000000003
m2d_2304d,mid_clip_peak_0p5,location,pooling_sgi,max,only_max,25,768,feat_m2d_40ms_last_max_0636,0.5883484054145521,0,0.47,0.30987159947834086,50,0.29,0.18
m2d_2304d,mid_clip_peak_0p5,decay,pooling_logo,mean,without_mean,25,1536,feat_m2d_40ms_last_max_0438,0.662872536767062,0,0.63,0.3321236553589334,50,0.67,-0.040000000000000036
m2d_2304d,mid_clip_peak_0p5,decay,pooling_logo,std,without_std,25,1536,feat_m2d_40ms_last_max_0438,0.662872536767062,0,0.65,0.3535533905932738,50,0.67,-0.020000000000000018
m2d_2304d,mid_clip_peak_0p5,decay,pooling_logo,max,without_max,25,1536,feat_m2d_40ms_last_std_0467,0.6354162778477163,0,0.73,0.28943999413364013,50,0.67,0.05999999999999994
m2d_2304d,mid_clip_peak_0p5,decay,pooling_sgi,mean,only_mean,25,768,feat_m2d_40ms_last_mean_0619,0.5765814373062611,0,0.65,0.2719918966379967,50,0.67,-0.020000000000000018
m2d_2304d,mid_clip_peak_0p5,decay,pooling_sgi,std,only_std,25,768,feat_m2d_40ms_last_std_0467,0.6354162778477163,0,0.76,0.25233602475222416,50,0.67,0.08999999999999997
m2d_2304d,mid_clip_peak_0p5,decay,pooling_sgi,max,only_max,25,768,feat_m2d_40ms_last_max_0438,0.662872536767062,0,0.61,0.324037034920393,50,0.67,-0.06000000000000005
m2d_2304d,mid_clip_peak_0p5,sharpness,pooling_logo,mean,without_mean,25,1536,feat_m2d_40ms_last_max_0262,0.8746779627163007,0,1.0,0.0,50,0.92,0.07999999999999996
m2d_2304d,mid_clip_peak_0p5,sharpness,pooling_logo,std,without_std,25,1536,feat_m2d_40ms_last_max_0262,0.8746779627163007,0,0.9,0.20203050891044214,50,0.92,-0.020000000000000018
m2d_2304d,mid_clip_peak_0p5,sharpness,pooling_logo,max,without_max,25,1536,feat_m2d_40ms_last_mean_0059,0.8276100902831366,0,0.9,0.20203050891044214,50,0.92,-0.020000000000000018
m2d_2304d,mid_clip_peak_0p5,sharpness,pooling_sgi,mean,only_mean,25,768,feat_m2d_40ms_last_mean_0059,0.8276100902831366,0,0.9,0.20203050891044214,50,0.92,-0.020000000000000018
m2d_2304d,mid_clip_peak_0p5,sharpness,pooling_sgi,std,only_std,25,768,feat_m2d_40ms_last_std_0339,-0.7805422178499724,0,1.0,0.0,50,0.92,0.07999999999999996
m2d_2304d,mid_clip_peak_0p5,sharpness,pooling_sgi,max,only_max,25,768,feat_m2d_40ms_last_max_0262,0.8746779627163007,0,0.92,0.1851640199545103,50,0.92,0.0
m2d_2304d,mid_clip_peak_0p25,intensity,pooling_logo,mean,without_mean,25,1536,feat_m2d_40ms_last_max_0573,0.933512803257756,4,1.0,0.0,50,1.0,0.0
m2d_2304d,mid_clip_peak_0p25,intensity,pooling_logo,std,without_std,25,1536,feat_m2d_40ms_last_mean_0573,0.9570467394743379,10,1.0,0.0,50,1.0,0.0
m2d_2304d,mid_clip_peak_0p25,intensity,pooling_logo,max,without_max,25,1536,feat_m2d_40ms_last_mean_0573,0.9570467394743379,6,0.97,0.11994896874104763,50,1.0,-0.030000000000000027
m2d_2304d,mid_clip_peak_0p25,intensity,pooling_sgi,mean,only_mean,25,768,feat_m2d_40ms_last_mean_0573,0.9570467394743379,6,0.9,0.20203050891044214,50,1.0,-0.09999999999999998
m2d_2304d,mid_clip_peak_0p25,intensity,pooling_sgi,std,only_std,25,768,feat_m2d_40ms_last_std_0261,-0.8001538313637908,0,1.0,0.0,50,1.0,0.0
m2d_2304d,mid_clip_peak_0p25,intensity,pooling_sgi,max,only_max,25,768,feat_m2d_40ms_last_max_0573,0.933512803257756,4,1.0,0.0,50,1.0,0.0
m2d_2304d,mid_clip_peak_0p25,location,pooling_logo,mean,without_mean,25,1536,feat_m2d_40ms_last_max_0133,-0.5608921464952062,0,0.27,0.28943999413364013,50,0.19,0.08000000000000002
m2d_2304d,mid_clip_peak_0p25,location,pooling_logo,std,without_std,25,1536,feat_m2d_40ms_last_mean_0622,-0.5844260827117884,0,0.25,0.2525381361380527,50,0.19,0.06
m2d_2304d,mid_clip_peak_0p25,location,pooling_logo,max,without_max,25,1536,feat_m2d_40ms_last_mean_0622,-0.5844260827117884,0,0.19,0.24515717573900733,50,0.19,0.0
m2d_2304d,mid_clip_peak_0p25,location,pooling_sgi,mean,only_mean,25,768,feat_m2d_40ms_last_mean_0622,-0.5844260827117884,0,0.33,0.3131472888111853,50,0.19,0.14
m2d_2304d,mid_clip_peak_0p25,location,pooling_sgi,std,only_std,25,768,feat_m2d_40ms_last_std_0113,-0.5059796286565148,0,0.23,0.2517287169529443,50,0.19,0.04000000000000001
m2d_2304d,mid_clip_peak_0p25,location,pooling_sgi,max,only_max,25,768,feat_m2d_40ms_last_max_0133,-0.5608921464952062,0,0.29,0.2873169337302681,50,0.19,0.09999999999999998
m2d_2304d,mid_clip_peak_0p25,decay,pooling_logo,mean,without_mean,25,1536,feat_m2d_40ms_last_max_0513,-0.651105568658771,0,0.57,0.26745207466927223,50,0.6,-0.030000000000000027
m2d_2304d,mid_clip_peak_0p25,decay,pooling_logo,std,without_std,25,1536,feat_m2d_40ms_last_max_0513,-0.651105568658771,0,0.63,0.29982988374021935,50,0.6,0.030000000000000027
m2d_2304d,mid_clip_peak_0p25,decay,pooling_logo,max,without_max,25,1536,feat_m2d_40ms_last_mean_0131,0.5961930508200795,0,0.58,0.29207211857515536,50,0.6,-0.020000000000000018
m2d_2304d,mid_clip_peak_0p25,decay,pooling_sgi,mean,only_mean,25,768,feat_m2d_40ms_last_mean_0131,0.5961930508200795,0,0.66,0.2934662654882019,50,0.6,0.06000000000000005
m2d_2304d,mid_clip_peak_0p25,decay,pooling_sgi,std,only_std,25,768,feat_m2d_40ms_last_std_0569,-0.48244569243993274,0,0.42,0.2920721185751553,50,0.6,-0.18
m2d_2304d,mid_clip_peak_0p25,decay,pooling_sgi,max,only_max,25,768,feat_m2d_40ms_last_max_0513,-0.651105568658771,0,0.64,0.3037184517924185,50,0.6,0.040000000000000036
m2d_2304d,mid_clip_peak_0p25,sharpness,pooling_logo,mean,without_mean,25,1536,feat_m2d_40ms_last_std_0541,0.651105568658771,0,0.66,0.32639027596559606,50,0.64,0.020000000000000018
m2d_2304d,mid_clip_peak_0p25,sharpness,pooling_logo,std,without_std,25,1536,feat_m2d_40ms_last_mean_0541,-0.7138627319029899,0,0.65,0.23145502494313788,50,0.64,0.010000000000000009
m2d_2304d,mid_clip_peak_0p25,sharpness,pooling_logo,max,without_max,25,1536,feat_m2d_40ms_last_mean_0541,-0.7138627319029899,0,0.66,0.27553287888551303,50,0.64,0.020000000000000018
m2d_2304d,mid_clip_peak_0p25,sharpness,pooling_sgi,mean,only_mean,25,768,feat_m2d_40ms_last_mean_0541,-0.7138627319029899,0,0.65,0.23145502494313788,50,0.64,0.010000000000000009
m2d_2304d,mid_clip_peak_0p25,sharpness,pooling_sgi,std,only_std,25,768,feat_m2d_40ms_last_std_0541,0.651105568658771,0,0.68,0.34641016151377546,50,0.64,0.040000000000000036
m2d_2304d,mid_clip_peak_0p25,sharpness,pooling_sgi,max,only_max,25,768,feat_m2d_40ms_last_max_0206,-0.6354162778477163,0,0.68,0.2813959371941744,50,0.64,0.040000000000000036
m2d_2304d,mid_mp3_128k,intensity,pooling_logo,mean,without_mean,25,1536,feat_m2d_40ms_last_max_0573,0.9648913848798655,16,1.0,0.0,50,1.0,0.0
m2d_2304d,mid_mp3_128k,intensity,pooling_logo,std,without_std,25,1536,feat_m2d_40ms_last_max_0573,0.9648913848798655,35,1.0,0.0,50,1.0,0.0
m2d_2304d,mid_mp3_128k,intensity,pooling_logo,max,without_max,25,1536,feat_m2d_40ms_last_mean_0000,-0.9609690621771018,31,1.0,0.0,50,1.0,0.0
m2d_2304d,mid_mp3_128k,intensity,pooling_sgi,mean,only_mean,25,768,feat_m2d_40ms_last_mean_0000,-0.9609690621771018,25,1.0,0.0,50,1.0,0.0
m2d_2304d,mid_mp3_128k,intensity,pooling_sgi,std,only_std,25,768,feat_m2d_40ms_last_std_0693,-0.9374351259605196,6,1.0,0.0,50,1.0,0.0
m2d_2304d,mid_mp3_128k,intensity,pooling_sgi,max,only_max,25,768,feat_m2d_40ms_last_max_0573,0.9648913848798655,10,1.0,0.0,50,1.0,0.0
m2d_2304d,mid_mp3_128k,location,pooling_logo,mean,without_mean,25,1536,feat_m2d_40ms_last_std_0686,0.662872536767062,0,0.48,0.31879876577744853,50,0.32,0.15999999999999998
m2d_2304d,mid_mp3_128k,location,pooling_logo,std,without_std,25,1536,feat_m2d_40ms_last_max_0636,0.5687367919007338,0,0.42,0.32513733362117264,50,0.32,0.09999999999999998
m2d_2304d,mid_mp3_128k,location,pooling_logo,max,without_max,25,1536,feat_m2d_40ms_last_std_0686,0.662872536767062,0,0.36,0.3037184517924185,50,0.32,0.03999999999999998
m2d_2304d,mid_mp3_128k,location,pooling_sgi,mean,only_mean,25,768,feat_m2d_40ms_last_mean_0237,-0.5569698237924426,0,0.42,0.32513733362117264,50,0.32,0.09999999999999998
m2d_2304d,mid_mp3_128k,location,pooling_sgi,std,only_std,25,768,feat_m2d_40ms_last_std_0686,0.662872536767062,0,0.48,0.31879876577744853,50,0.32,0.15999999999999998
m2d_2304d,mid_mp3_128k,location,pooling_sgi,max,only_max,25,768,feat_m2d_40ms_last_max_0636,0.5687367919007338,0,0.36,0.33563828927059225,50,0.32,0.03999999999999998
m2d_2304d,mid_mp3_128k,decay,pooling_logo,mean,without_mean,25,1536,feat_m2d_40ms_last_std_0467,0.6942511183891715,0,0.67,0.3290369373223149,50,0.72,-0.04999999999999993
m2d_2304d,mid_mp3_128k,decay,pooling_logo,std,without_std,25,1536,feat_m2d_40ms_last_max_0513,-0.6354162778477163,0,0.56,0.32950178841916555,50,0.72,-0.15999999999999992
m2d_2304d,mid_mp3_128k,decay,pooling_logo,max,without_max,25,1536,feat_m2d_40ms_last_std_0467,0.6942511183891715,0,0.57,0.3351819487614305,50,0.72,-0.15000000000000002
m2d_2304d,mid_mp3_128k,decay,pooling_sgi,mean,only_mean,25,768,feat_m2d_40ms_last_mean_0334,0.5687367919007338,0,0.51,0.2943342539719502,50,0.72,-0.20999999999999996
m2d_2304d,mid_mp3_128k,decay,pooling_sgi,std,only_std,25,768,feat_m2d_40ms_last_std_0467,0.6942511183891715,0,0.62,0.3123315872725064,50,0.72,-0.09999999999999998
m2d_2304d,mid_mp3_128k,decay,pooling_sgi,max,only_max,25,768,feat_m2d_40ms_last_max_0513,-0.6354162778477163,0,0.77,0.28943999413364013,50,0.72,0.050000000000000044
m2d_2304d,mid_mp3_128k,sharpness,pooling_logo,mean,without_mean,25,1536,feat_m2d_40ms_last_max_0482,0.8825226081218283,0,1.0,0.0,50,0.96,0.040000000000000036
m2d_2304d,mid_mp3_128k,sharpness,pooling_logo,std,without_std,25,1536,feat_m2d_40ms_last_max_0482,0.8825226081218283,0,0.89,0.2727411870290969,50,0.96,-0.06999999999999995
m2d_2304d,mid_mp3_128k,sharpness,pooling_logo,max,without_max,25,1536,feat_m2d_40ms_last_mean_0497,0.823687767580373,0,0.89,0.2727411870290969,50,0.96,-0.06999999999999995
m2d_2304d,mid_mp3_128k,sharpness,pooling_sgi,mean,only_mean,25,768,feat_m2d_40ms_last_mean_0497,0.823687767580373,0,0.83,0.29640705601780615,50,0.96,-0.13
m2d_2304d,mid_mp3_128k,sharpness,pooling_sgi,std,only_std,25,768,feat_m2d_40ms_last_std_0246,-0.8079984767693182,0,1.0,0.0,50,0.96,0.040000000000000036
m2d_2304d,mid_mp3_128k,sharpness,pooling_sgi,max,only_max,25,768,feat_m2d_40ms_last_max_0482,0.8825226081218283,0,1.0,0.0,50,0.96,0.040000000000000036
m2d_2304d,mid_aac_64k,intensity,pooling_logo,mean,without_mean,25,1536,feat_m2d_40ms_last_max_0573,0.9531244167715744,25,1.0,0.0,50,1.0,0.0
m2d_2304d,mid_aac_64k,intensity,pooling_logo,std,without_std,25,1536,feat_m2d_40ms_last_mean_0458,0.9570467394743379,42,1.0,0.0,50,1.0,0.0
m2d_2304d,mid_aac_64k,intensity,pooling_logo,max,without_max,25,1536,feat_m2d_40ms_last_mean_0458,0.9570467394743379,33,1.0,0.0,50,1.0,0.0
m2d_2304d,mid_aac_64k,intensity,pooling_sgi,mean,only_mean,25,768,feat_m2d_40ms_last_mean_0458,0.9570467394743379,25,1.0,0.0,50,1.0,0.0
m2d_2304d,mid_aac_64k,intensity,pooling_sgi,std,only_std,25,768,feat_m2d_40ms_last_std_0619,0.933512803257756,8,1.0,0.0,50,1.0,0.0
m2d_2304d,mid_aac_64k,intensity,pooling_sgi,max,only_max,25,768,feat_m2d_40ms_last_max_0573,0.9531244167715744,17,1.0,0.0,50,1.0,0.0
m2d_2304d,mid_aac_64k,location,pooling_logo,mean,without_mean,25,1536,feat_m2d_40ms_last_std_0646,0.7530859589306267,0,0.45,0.3234066120763363,50,0.3,0.15000000000000002
m2d_2304d,mid_aac_64k,location,pooling_logo,std,without_std,25,1536,feat_m2d_40ms_last_max_0517,0.6040376962256068,0,0.27,0.2712405363721075,50,0.3,-0.02999999999999997
m2d_2304d,mid_aac_64k,location,pooling_logo,max,without_max,25,1536,feat_m2d_40ms_last_std_0646,0.7530859589306267,0,0.36,0.2864276807966203,50,0.3,0.06
m2d_2304d,mid_aac_64k,location,pooling_sgi,mean,only_mean,25,768,feat_m2d_40ms_last_mean_0534,0.5883484054145521,0,0.38,0.3123315872725064,50,0.3,0.08000000000000002
m2d_2304d,mid_aac_64k,location,pooling_sgi,std,only_std,25,768,feat_m2d_40ms_last_std_0646,0.7530859589306267,0,0.5,0.30304576336566325,50,0.3,0.2
m2d_2304d,mid_aac_64k,location,pooling_sgi,max,only_max,25,768,feat_m2d_40ms_last_max_0517,0.6040376962256068,0,0.41,0.2977809083667976,50,0.3,0.10999999999999999
m2d_2304d,mid_aac_64k,decay,pooling_logo,mean,without_mean,25,1536,feat_m2d_40ms_last_std_0467,0.6903287956864078,0,0.81,0.2837432009434458,50,0.67,0.14
m2d_2304d,mid_aac_64k,decay,pooling_logo,std,without_std,25,1536,feat_m2d_40ms_last_max_0142,-0.651105568658771,0,0.67,0.2786629886161594,50,0.67,0.0
m2d_2304d,mid_aac_64k,decay,pooling_logo,max,without_max,25,1536,feat_m2d_40ms_last_std_0467,0.6903287956864078,0,0.67,0.2786629886161594,50,0.67,0.0
m2d_2304d,mid_aac_64k,decay,pooling_sgi,mean,only_mean,25,768,feat_m2d_40ms_last_mean_0302,-0.6158046643338978,0,0.61,0.2533449692995457,50,0.67,-0.06000000000000005
m2d_2304d,mid_aac_64k,decay,pooling_sgi,std,only_std,25,768,feat_m2d_40ms_last_std_0467,0.6903287956864078,0,0.73,0.28943999413364013,50,0.67,0.05999999999999994
m2d_2304d,mid_aac_64k,decay,pooling_sgi,max,only_max,25,768,feat_m2d_40ms_last_max_0142,-0.651105568658771,0,0.79,0.2873169337302681,50,0.67,0.12
m2d_2304d,mid_aac_64k,sharpness,pooling_logo,mean,without_mean,25,1536,feat_m2d_40ms_last_max_0090,0.7962315086610272,0,0.9,0.20203050891044216,50,0.8,0.09999999999999998
m2d_2304d,mid_aac_64k,sharpness,pooling_logo,std,without_std,25,1536,feat_m2d_40ms_last_max_0090,0.7962315086610272,0,0.84,0.2934662654882019,50,0.8,0.039999999999999925
m2d_2304d,mid_aac_64k,sharpness,pooling_logo,max,without_max,25,1536,feat_m2d_40ms_last_std_0339,-0.7452413135250993,0,0.8,0.30304576336566325,50,0.8,0.0
m2d_2304d,mid_aac_64k,sharpness,pooling_sgi,mean,only_mean,25,768,feat_m2d_40ms_last_mean_0497,0.737396668119572,0,0.84,0.2934662654882019,50,0.8,0.039999999999999925
m2d_2304d,mid_aac_64k,sharpness,pooling_sgi,std,only_std,25,768,feat_m2d_40ms_last_std_0339,-0.7452413135250993,0,0.9,0.20203050891044216,50,0.8,0.09999999999999998
m2d_2304d,mid_aac_64k,sharpness,pooling_sgi,max,only_max,25,768,feat_m2d_40ms_last_max_0090,0.7962315086610272,0,0.81,0.2451571757390073,50,0.8,0.010000000000000009
m2d_2304d,mid_truncate_1p0s,intensity,pooling_logo,mean,without_mean,25,1536,feat_m2d_40ms_last_max_0573,0.9648913848798655,26,1.0,0.0,50,1.0,0.0
m2d_2304d,mid_truncate_1p0s,intensity,pooling_logo,std,without_std,25,1536,feat_m2d_40ms_last_max_0573,0.9648913848798655,25,1.0,0.0,50,1.0,0.0
m2d_2304d,mid_truncate_1p0s,intensity,pooling_logo,max,without_max,25,1536,feat_m2d_40ms_last_mean_0573,0.9492020940688107,21,1.0,0.0,50,1.0,0.0
m2d_2304d,mid_truncate_1p0s,intensity,pooling_sgi,mean,only_mean,25,768,feat_m2d_40ms_last_mean_0573,0.9492020940688107,10,1.0,0.0,50,1.0,0.0
m2d_2304d,mid_truncate_1p0s,intensity,pooling_sgi,std,only_std,25,768,feat_m2d_40ms_last_std_0653,-0.945279771366047,11,1.0,0.0,50,1.0,0.0
m2d_2304d,mid_truncate_1p0s,intensity,pooling_sgi,max,only_max,25,768,feat_m2d_40ms_last_max_0573,0.9648913848798655,15,1.0,0.0,50,1.0,0.0
m2d_2304d,mid_truncate_1p0s,location,pooling_logo,mean,without_mean,25,1536,feat_m2d_40ms_last_std_0243,-0.6981734410919351,0,0.38,0.2381904571504724,50,0.35,0.030000000000000027
m2d_2304d,mid_truncate_1p0s,location,pooling_logo,std,without_std,25,1536,feat_m2d_40ms_last_max_0302,0.6275716324421888,0,0.39,0.2533449692995457,50,0.35,0.040000000000000036
m2d_2304d,mid_truncate_1p0s,location,pooling_logo,max,without_max,25,1536,feat_m2d_40ms_last_std_0243,-0.6981734410919351,0,0.42,0.29207211857515536,50,0.35,0.07
m2d_2304d,mid_truncate_1p0s,location,pooling_sgi,mean,only_mean,25,768,feat_m2d_40ms_last_mean_0424,0.5726591146034974,0,0.41,0.3144480100436448,50,0.35,0.06
m2d_2304d,mid_truncate_1p0s,location,pooling_sgi,std,only_std,25,768,feat_m2d_40ms_last_std_0243,-0.6981734410919351,0,0.45,0.2525381361380527,50,0.35,0.10000000000000003
m2d_2304d,mid_truncate_1p0s,location,pooling_sgi,max,only_max,25,768,feat_m2d_40ms_last_max_0302,0.6275716324421888,0,0.38,0.2381904571504724,50,0.35,0.030000000000000027
m2d_2304d,mid_truncate_1p0s,decay,pooling_logo,mean,without_mean,25,1536,feat_m2d_40ms_last_max_0332,-0.662872536767062,0,0.68,0.2813959371941744,50,0.83,-0.1499999999999999
m2d_2304d,mid_truncate_1p0s,decay,pooling_logo,std,without_std,25,1536,feat_m2d_40ms_last_mean_0397,-0.6707171821725895,0,0.84,0.2356060357495806,50,0.83,0.010000000000000009
m2d_2304d,mid_truncate_1p0s,decay,pooling_logo,max,without_max,25,1536,feat_m2d_40ms_last_mean_0397,-0.6707171821725895,0,0.83,0.23925906034920325,50,0.83,0.0
m2d_2304d,mid_truncate_1p0s,decay,pooling_sgi,mean,only_mean,25,768,feat_m2d_40ms_last_mean_0397,-0.6707171821725895,0,0.83,0.23925906034920325,50,0.83,0.0
m2d_2304d,mid_truncate_1p0s,decay,pooling_sgi,std,only_std,25,768,feat_m2d_40ms_last_std_0636,-0.6354162778477163,0,0.64,0.26802375770419595,50,0.83,-0.18999999999999995
m2d_2304d,mid_truncate_1p0s,decay,pooling_sgi,max,only_max,25,768,feat_m2d_40ms_last_max_0332,-0.662872536767062,0,0.7,0.2857142857142857,50,0.83,-0.13
m2d_2304d,mid_truncate_1p0s,sharpness,pooling_logo,mean,without_mean,25,1536,feat_m2d_40ms_last_max_0196,0.8511440264997187,0,0.89,0.20922597879824012,50,0.83,0.06000000000000005
m2d_2304d,mid_truncate_1p0s,sharpness,pooling_logo,std,without_std,25,1536,feat_m2d_40ms_last_max_0196,0.8511440264997187,0,0.8,0.24743582965269675,50,0.83,-0.029999999999999916
m2d_2304d,mid_truncate_1p0s,sharpness,pooling_logo,max,without_max,25,1536,feat_m2d_40ms_last_mean_0344,-0.8393770583914276,0,0.86,0.22677868380553634,50,0.83,0.030000000000000027
m2d_2304d,mid_truncate_1p0s,sharpness,pooling_sgi,mean,only_mean,25,768,feat_m2d_40ms_last_mean_0344,-0.8393770583914276,0,0.8,0.24743582965269675,50,0.83,-0.029999999999999916
m2d_2304d,mid_truncate_1p0s,sharpness,pooling_sgi,std,only_std,25,768,feat_m2d_40ms_last_std_0686,-0.8197654448776093,0,0.89,0.20922597879824012,50,0.83,0.06000000000000005
m2d_2304d,mid_truncate_1p0s,sharpness,pooling_sgi,max,only_max,25,768,feat_m2d_40ms_last_max_0196,0.8511440264997187,0,0.83,0.23925906034920325,50,0.83,0.0
m2d_2304d,mid_truncate_0p5s,intensity,pooling_logo,mean,without_mean,25,1536,feat_m2d_40ms_last_max_0653,-0.9688137075826291,18,1.0,0.0,50,1.0,0.0
m2d_2304d,mid_truncate_0p5s,intensity,pooling_logo,std,without_std,25,1536,feat_m2d_40ms_last_max_0653,-0.9688137075826291,20,1.0,0.0,50,1.0,0.0
m2d_2304d,mid_truncate_0p5s,intensity,pooling_logo,max,without_max,25,1536,feat_m2d_40ms_last_std_0653,-0.9648913848798655,16,1.0,0.0,50,1.0,0.0
m2d_2304d,mid_truncate_0p5s,intensity,pooling_sgi,mean,only_mean,25,768,feat_m2d_40ms_last_mean_0333,-0.9531244167715744,9,1.0,0.0,50,1.0,0.0
m2d_2304d,mid_truncate_0p5s,intensity,pooling_sgi,std,only_std,25,768,feat_m2d_40ms_last_std_0653,-0.9648913848798655,7,1.0,0.0,50,1.0,0.0
m2d_2304d,mid_truncate_0p5s,intensity,pooling_sgi,max,only_max,25,768,feat_m2d_40ms_last_max_0653,-0.9688137075826291,11,1.0,0.0,50,1.0,0.0
m2d_2304d,mid_truncate_0p5s,location,pooling_logo,mean,without_mean,25,1536,feat_m2d_40ms_last_max_0246,-0.6589502140642984,0,0.7,0.31943828249996997,50,0.74,-0.040000000000000036
m2d_2304d,mid_truncate_0p5s,location,pooling_logo,std,without_std,25,1536,feat_m2d_40ms_last_max_0246,-0.6589502140642984,0,0.74,0.25233602475222416,50,0.74,0.0
m2d_2304d,mid_truncate_0p5s,location,pooling_logo,max,without_max,25,1536,feat_m2d_40ms_last_mean_0190,-0.651105568658771,0,0.74,0.25233602475222416,50,0.74,0.0
m2d_2304d,mid_truncate_0p5s,location,pooling_sgi,mean,only_mean,25,768,feat_m2d_40ms_last_mean_0190,-0.651105568658771,0,0.75,0.3234066120763363,50,0.74,0.010000000000000009
m2d_2304d,mid_truncate_0p5s,location,pooling_sgi,std,only_std,25,768,feat_m2d_40ms_last_std_0423,-0.5805037600090248,0,0.65,0.33881546358946923,50,0.74,-0.08999999999999997
m2d_2304d,mid_truncate_0p5s,location,pooling_sgi,max,only_max,25,768,feat_m2d_40ms_last_max_0246,-0.6589502140642984,0,0.74,0.25233602475222416,50,0.74,0.0
m2d_2304d,mid_truncate_0p5s,decay,pooling_logo,mean,without_mean,25,1536,feat_m2d_40ms_last_max_0594,0.686406472983644,0,0.75,0.2525381361380527,50,0.72,0.030000000000000027
m2d_2304d,mid_truncate_0p5s,decay,pooling_logo,std,without_std,25,1536,feat_m2d_40ms_last_max_0594,0.686406472983644,0,0.75,0.2901442287369986,50,0.72,0.030000000000000027
m2d_2304d,mid_truncate_0p5s,decay,pooling_logo,max,without_max,25,1536,feat_m2d_40ms_last_mean_0136,-0.6471832459560073,0,0.75,0.2901442287369986,50,0.72,0.030000000000000027
m2d_2304d,mid_truncate_0p5s,decay,pooling_sgi,mean,only_mean,25,768,feat_m2d_40ms_last_mean_0136,-0.6471832459560073,0,0.72,0.28855728395320224,50,0.72,0.0
m2d_2304d,mid_truncate_0p5s,decay,pooling_sgi,std,only_std,25,768,feat_m2d_40ms_last_std_0007,-0.6432609232532436,0,0.8,0.24743582965269675,50,0.72,0.08000000000000007
m2d_2304d,mid_truncate_0p5s,decay,pooling_sgi,max,only_max,25,768,feat_m2d_40ms_last_max_0594,0.686406472983644,0,0.68,0.2813959371941744,50,0.72,-0.039999999999999925
m2d_2304d,mid_truncate_0p5s,sharpness,pooling_logo,mean,without_mean,25,1536,feat_m2d_40ms_last_max_0062,0.847221703796955,0,0.92,0.1851640199545103,50,0.98,-0.05999999999999994
m2d_2304d,mid_truncate_0p5s,sharpness,pooling_logo,std,without_std,25,1536,feat_m2d_40ms_last_max_0062,0.847221703796955,0,1.0,0.0,50,0.98,0.020000000000000018
m2d_2304d,mid_truncate_0p5s,sharpness,pooling_logo,max,without_max,25,1536,feat_m2d_40ms_last_std_0104,0.8315324129859002,0,0.98,0.09897433186107872,50,0.98,0.0
m2d_2304d,mid_truncate_0p5s,sharpness,pooling_sgi,mean,only_mean,25,768,feat_m2d_40ms_last_mean_0469,-0.8079984767693182,0,0.9,0.20203050891044214,50,0.98,-0.07999999999999996
m2d_2304d,mid_truncate_0p5s,sharpness,pooling_sgi,std,only_std,25,768,feat_m2d_40ms_last_std_0104,0.8315324129859002,0,0.92,0.1851640199545103,50,0.98,-0.05999999999999994
m2d_2304d,mid_truncate_0p5s,sharpness,pooling_sgi,max,only_max,25,768,feat_m2d_40ms_last_max_0062,0.847221703796955,0,0.95,0.1515228816828316,50,0.98,-0.030000000000000027
