family,analysis_condition,severity_index,artifact_type,cell,distance_m,snr_db,air_absorption,degradation,feature_group,n_features,n_zero_reference_sd,n_zero_drift_denominator,n_infinite_feature_drifts,max_epsilon_x,mean_drift_reference_sd,endpoint_ba_mean,endpoint_ba_sd
intensity,reference,0,environment,reference,1.0,,False,,logmel,80,0,0,0,2.0618885040283202e-05,0.0,1.0,0.0
intensity,reference,0,environment,reference,1.0,,False,,spectral_stats,44,9,3,0,0.0068125,0.0,1.0,0.0
intensity,reference,0,environment,reference,1.0,,False,,mfcc,26,0,0,0,0.00012644908142089842,0.0,1.0,0.0
intensity,reference,0,environment,reference,1.0,,False,,time_domain,11,1,0,0,0.0020780517510334156,0.0,1.0,0.0
intensity,reference,0,environment,reference,1.0,,False,,frame_energy,8,2,0,0,0.0001663831804364931,0.0,1.0,0.0
intensity,reference,0,environment,reference,1.0,,False,,band_ratios,8,3,3,0,7.345432639122008e-07,0.0,1.0,0.0
intensity,reference,0,environment,reference,1.0,,False,,local_transient,4,1,0,0,6.624797599646131e-05,0.0,1.0,0.0
intensity,1m_30db,1,environment,1m_30db,1.0,30.0,False,,logmel,80,0,0,0,2.0618885040283202e-05,44.31893928968374,1.0,0.0
intensity,1m_30db,1,environment,1m_30db,1.0,30.0,False,,spectral_stats,44,9,3,3,0.0068125,inf,1.0,0.0
intensity,1m_30db,1,environment,1m_30db,1.0,30.0,False,,mfcc,26,0,0,0,0.00012644908142089842,8.11951346701514,1.0,0.0
intensity,1m_30db,1,environment,1m_30db,1.0,30.0,False,,time_domain,11,1,0,0,0.0020780517510334156,26.379742206877243,1.0,0.0
intensity,1m_30db,1,environment,1m_30db,1.0,30.0,False,,frame_energy,8,2,0,0,0.0001663831804364931,95761299619720.95,1.0,0.0
intensity,1m_30db,1,environment,1m_30db,1.0,30.0,False,,band_ratios,8,3,3,0,7.345432639122008e-07,0.9234840395673265,1.0,0.0
intensity,1m_30db,1,environment,1m_30db,1.0,30.0,False,,local_transient,4,1,0,0,6.624797599646131e-05,19556314615422.145,1.0,0.0
intensity,10m_30db,2,environment,10m_30db,10.0,30.0,True,,logmel,80,0,0,0,2.0618885040283202e-05,33.466963321308654,1.0,0.0
intensity,10m_30db,2,environment,10m_30db,10.0,30.0,True,,spectral_stats,44,9,3,3,0.0068125,inf,1.0,0.0
intensity,10m_30db,2,environment,10m_30db,10.0,30.0,True,,mfcc,26,0,0,0,0.00012644908142089842,7.378172584656503,1.0,0.0
intensity,10m_30db,2,environment,10m_30db,10.0,30.0,True,,time_domain,11,1,0,0,0.0020780517510334156,32.569944981507504,1.0,0.0
intensity,10m_30db,2,environment,10m_30db,10.0,30.0,True,,frame_energy,8,2,0,0,0.0001663831804364931,832045975774.2943,1.0,0.0
intensity,10m_30db,2,environment,10m_30db,10.0,30.0,True,,band_ratios,8,3,3,0,7.345432639122008e-07,0.9371050739809744,1.0,0.0
intensity,10m_30db,2,environment,10m_30db,10.0,30.0,True,,local_transient,4,1,0,0,6.624797599646131e-05,169560248928.3256,1.0,0.0
intensity,10m_15db,3,environment,10m_15db,10.0,15.0,True,,logmel,80,0,0,0,2.0618885040283202e-05,41.45772276135904,1.0,0.0
intensity,10m_15db,3,environment,10m_15db,10.0,15.0,True,,spectral_stats,44,9,3,3,0.0068125,inf,1.0,0.0
intensity,10m_15db,3,environment,10m_15db,10.0,15.0,True,,mfcc,26,0,0,0,0.00012644908142089842,8.124520907957958,1.0,0.0
intensity,10m_15db,3,environment,10m_15db,10.0,15.0,True,,time_domain,11,1,0,0,0.0020780517510334156,305.15974616070423,1.0,0.0
intensity,10m_15db,3,environment,10m_15db,10.0,15.0,True,,frame_energy,8,2,0,0,0.0001663831804364931,25556159156897.996,1.0,0.0
intensity,10m_15db,3,environment,10m_15db,10.0,15.0,True,,band_ratios,8,3,3,0,7.345432639122008e-07,1.1308444013515002,1.0,0.0
intensity,10m_15db,3,environment,10m_15db,10.0,15.0,True,,local_transient,4,1,0,0,6.624797599646131e-05,5151594785926.518,1.0,0.0
intensity,10m_5db,4,environment,10m_5db,10.0,5.0,True,,logmel,80,0,0,0,2.0618885040283202e-05,46.77836856526053,0.98,0.09897433186107871
intensity,10m_5db,4,environment,10m_5db,10.0,5.0,True,,spectral_stats,44,9,3,3,0.0068125,inf,0.98,0.09897433186107871
intensity,10m_5db,4,environment,10m_5db,10.0,5.0,True,,mfcc,26,0,0,0,0.00012644908142089842,8.503136148000904,0.98,0.09897433186107871
intensity,10m_5db,4,environment,10m_5db,10.0,5.0,True,,time_domain,11,1,0,0,0.0020780517510334156,567.9617517408158,0.98,0.09897433186107871
intensity,10m_5db,4,environment,10m_5db,10.0,5.0,True,,frame_energy,8,2,0,0,0.0001663831804364931,270151410622341.97,0.98,0.09897433186107871
intensity,10m_5db,4,environment,10m_5db,10.0,5.0,True,,band_ratios,8,3,3,0,7.345432639122008e-07,1.1266491919260913,0.98,0.09897433186107871
intensity,10m_5db,4,environment,10m_5db,10.0,5.0,True,,local_transient,4,1,0,0,6.624797599646131e-05,54078916467741.09,0.98,0.09897433186107871
intensity,30m_30db,5,environment,30m_30db,30.0,30.0,True,,logmel,80,0,0,0,2.0618885040283202e-05,27.914111060877815,1.0,0.0
intensity,30m_30db,5,environment,30m_30db,30.0,30.0,True,,spectral_stats,44,9,3,3,0.0068125,inf,1.0,0.0
intensity,30m_30db,5,environment,30m_30db,30.0,30.0,True,,mfcc,26,0,0,0,0.00012644908142089842,7.049228327672334,1.0,0.0
intensity,30m_30db,5,environment,30m_30db,30.0,30.0,True,,time_domain,11,1,0,0,0.0020780517510334156,45.25409595660971,1.0,0.0
intensity,30m_30db,5,environment,30m_30db,30.0,30.0,True,,frame_energy,8,2,0,0,0.0001663831804364931,78776792014.22726,1.0,0.0
intensity,30m_30db,5,environment,30m_30db,30.0,30.0,True,,band_ratios,8,3,3,0,7.345432639122008e-07,0.9681208153891058,1.0,0.0
intensity,30m_30db,5,environment,30m_30db,30.0,30.0,True,,local_transient,4,1,0,0,6.624797599646131e-05,15711153663.851702,1.0,0.0
intensity,30m_15db,6,environment,30m_15db,30.0,15.0,True,,logmel,80,0,0,0,2.0618885040283202e-05,36.19504392215928,1.0,0.0
intensity,30m_15db,6,environment,30m_15db,30.0,15.0,True,,spectral_stats,44,9,3,3,0.0068125,inf,1.0,0.0
intensity,30m_15db,6,environment,30m_15db,30.0,15.0,True,,mfcc,26,0,0,0,0.00012644908142089842,7.763368788041948,1.0,0.0
intensity,30m_15db,6,environment,30m_15db,30.0,15.0,True,,time_domain,11,1,0,0,0.0020780517510334156,306.1854658879212,1.0,0.0
intensity,30m_15db,6,environment,30m_15db,30.0,15.0,True,,frame_energy,8,2,0,0,0.0001663831804364931,2613741193212.932,1.0,0.0
intensity,30m_15db,6,environment,30m_15db,30.0,15.0,True,,band_ratios,8,3,3,0,7.345432639122008e-07,1.1098610329420875,1.0,0.0
intensity,30m_15db,6,environment,30m_15db,30.0,15.0,True,,local_transient,4,1,0,0,6.624797599646131e-05,527914919860.2055,1.0,0.0
intensity,30m_5db,7,environment,30m_5db,30.0,5.0,True,,logmel,80,0,0,0,2.0618885040283202e-05,41.4463938363481,1.0,0.0
intensity,30m_5db,7,environment,30m_5db,30.0,5.0,True,,spectral_stats,44,9,3,3,0.0068125,inf,1.0,0.0
intensity,30m_5db,7,environment,30m_5db,30.0,5.0,True,,mfcc,26,0,0,0,0.00012644908142089842,8.11835102147214,1.0,0.0
intensity,30m_5db,7,environment,30m_5db,30.0,5.0,True,,time_domain,11,1,0,0,0.0020780517510334156,549.097117924881,1.0,0.0
intensity,30m_5db,7,environment,30m_5db,30.0,5.0,True,,frame_energy,8,2,0,0,0.0001663831804364931,26027554401418.86,1.0,0.0
intensity,30m_5db,7,environment,30m_5db,30.0,5.0,True,,band_ratios,8,3,3,0,7.345432639122008e-07,1.12976611950748,1.0,0.0
intensity,30m_5db,7,environment,30m_5db,30.0,5.0,True,,local_transient,4,1,0,0,6.624797599646131e-05,5228405836992.545,1.0,0.0
location,reference,0,environment,reference,1.0,,False,,logmel,80,0,0,0,2.017592430114746e-05,0.0,1.0,0.0
location,reference,0,environment,reference,1.0,,False,,spectral_stats,44,9,3,0,0.0068125,0.0,1.0,0.0
location,reference,0,environment,reference,1.0,,False,,mfcc,26,0,0,0,0.0001242907485961914,0.0,1.0,0.0
location,reference,0,environment,reference,1.0,,False,,time_domain,11,1,0,0,0.0029917410041680336,0.0,1.0,0.0
location,reference,0,environment,reference,1.0,,False,,frame_energy,8,2,0,0,0.00011432056513526511,0.0,1.0,0.0
location,reference,0,environment,reference,1.0,,False,,band_ratios,8,3,3,0,7.213711738586425e-07,0.0,1.0,0.0
location,reference,0,environment,reference,1.0,,False,,local_transient,4,1,0,0,4.050676797735933e-05,0.0,1.0,0.0
location,1m_30db,1,environment,1m_30db,1.0,30.0,False,,logmel,80,0,0,0,2.017592430114746e-05,122.94317613461412,0.66,0.32639027596559606
location,1m_30db,1,environment,1m_30db,1.0,30.0,False,,spectral_stats,44,9,3,3,0.0068125,inf,0.66,0.32639027596559606
location,1m_30db,1,environment,1m_30db,1.0,30.0,False,,mfcc,26,0,0,0,0.0001242907485961914,19.66840536900943,0.66,0.32639027596559606
location,1m_30db,1,environment,1m_30db,1.0,30.0,False,,time_domain,11,1,0,0,0.0029917410041680336,38.308853240629816,0.66,0.32639027596559606
location,1m_30db,1,environment,1m_30db,1.0,30.0,False,,frame_energy,8,2,0,0,0.00011432056513526511,99052525305597.75,0.66,0.32639027596559606
location,1m_30db,1,environment,1m_30db,1.0,30.0,False,,band_ratios,8,3,3,0,7.213711738586425e-07,0.8006100705926088,0.66,0.32639027596559606
location,1m_30db,1,environment,1m_30db,1.0,30.0,False,,local_transient,4,1,0,0,4.050676797735933e-05,20075763140379.887,0.66,0.32639027596559606
location,10m_30db,2,environment,10m_30db,10.0,30.0,True,,logmel,80,0,0,0,2.017592430114746e-05,93.42354585568258,0.58,0.3692242280948596
location,10m_30db,2,environment,10m_30db,10.0,30.0,True,,spectral_stats,44,9,3,3,0.0068125,inf,0.58,0.3692242280948596
location,10m_30db,2,environment,10m_30db,10.0,30.0,True,,mfcc,26,0,0,0,0.0001242907485961914,17.787230388384128,0.58,0.3692242280948596
location,10m_30db,2,environment,10m_30db,10.0,30.0,True,,time_domain,11,1,0,0,0.0029917410041680336,47.325102789937816,0.58,0.3692242280948596
location,10m_30db,2,environment,10m_30db,10.0,30.0,True,,frame_energy,8,2,0,0,0.00011432056513526511,896638646073.069,0.58,0.3692242280948596
location,10m_30db,2,environment,10m_30db,10.0,30.0,True,,band_ratios,8,3,3,0,7.213711738586425e-07,0.8195179066873785,0.58,0.3692242280948596
location,10m_30db,2,environment,10m_30db,10.0,30.0,True,,local_transient,4,1,0,0,4.050676797735933e-05,180101866969.454,0.58,0.3692242280948596
location,10m_15db,3,environment,10m_15db,10.0,15.0,True,,logmel,80,0,0,0,2.017592430114746e-05,115.36150791005835,0.51,0.2943342539719502
location,10m_15db,3,environment,10m_15db,10.0,15.0,True,,spectral_stats,44,9,3,3,0.0068125,inf,0.51,0.2943342539719502
location,10m_15db,3,environment,10m_15db,10.0,15.0,True,,mfcc,26,0,0,0,0.0001242907485961914,19.518284850028557,0.51,0.2943342539719502
location,10m_15db,3,environment,10m_15db,10.0,15.0,True,,time_domain,11,1,0,0,0.0029917410041680336,322.0514454671116,0.51,0.2943342539719502
location,10m_15db,3,environment,10m_15db,10.0,15.0,True,,frame_energy,8,2,0,0,0.00011432056513526511,28841904644963.105,0.51,0.2943342539719502
location,10m_15db,3,environment,10m_15db,10.0,15.0,True,,band_ratios,8,3,3,0,7.213711738586425e-07,0.9467313363308607,0.51,0.2943342539719502
location,10m_15db,3,environment,10m_15db,10.0,15.0,True,,local_transient,4,1,0,0,4.050676797735933e-05,5772703090760.371,0.51,0.2943342539719502
location,10m_5db,4,environment,10m_5db,10.0,5.0,True,,logmel,80,0,0,0,2.017592430114746e-05,129.83935117929383,0.52,0.31879876577744853
location,10m_5db,4,environment,10m_5db,10.0,5.0,True,,spectral_stats,44,9,3,3,0.0068125,inf,0.52,0.31879876577744853
location,10m_5db,4,environment,10m_5db,10.0,5.0,True,,mfcc,26,0,0,0,0.0001242907485961914,20.464176170904373,0.52,0.31879876577744853
location,10m_5db,4,environment,10m_5db,10.0,5.0,True,,time_domain,11,1,0,0,0.0029917410041680336,660.6960027811391,0.52,0.31879876577744853
location,10m_5db,4,environment,10m_5db,10.0,5.0,True,,frame_energy,8,2,0,0,0.00011432056513526511,299302312146757.4,0.52,0.31879876577744853
location,10m_5db,4,environment,10m_5db,10.0,5.0,True,,band_ratios,8,3,3,0,7.213711738586425e-07,0.9458746266025962,0.52,0.31879876577744853
location,10m_5db,4,environment,10m_5db,10.0,5.0,True,,local_transient,4,1,0,0,4.050676797735933e-05,59803471447967.69,0.52,0.31879876577744853
location,30m_30db,5,environment,30m_30db,30.0,30.0,True,,logmel,80,0,0,0,2.017592430114746e-05,78.91894804151491,0.61,0.2727411870290969
location,30m_30db,5,environment,30m_30db,30.0,30.0,True,,spectral_stats,44,9,3,3,0.0068125,inf,0.61,0.2727411870290969
location,30m_30db,5,environment,30m_30db,30.0,30.0,True,,mfcc,26,0,0,0,0.0001242907485961914,16.761785916131632,0.61,0.2727411870290969
location,30m_30db,5,environment,30m_30db,30.0,30.0,True,,time_domain,11,1,0,0,0.0029917410041680336,66.97517770014102,0.61,0.2727411870290969
location,30m_30db,5,environment,30m_30db,30.0,30.0,True,,frame_energy,8,2,0,0,0.00011432056513526511,82585902190.86905,0.61,0.2727411870290969
location,30m_30db,5,environment,30m_30db,30.0,30.0,True,,band_ratios,8,3,3,0,7.213711738586425e-07,0.811595722248788,0.61,0.2727411870290969
location,30m_30db,5,environment,30m_30db,30.0,30.0,True,,local_transient,4,1,0,0,4.050676797735933e-05,16620948028.431988,0.61,0.2727411870290969
location,30m_15db,6,environment,30m_15db,30.0,15.0,True,,logmel,80,0,0,0,2.017592430114746e-05,100.9084758240984,0.6,0.335029697130245
location,30m_15db,6,environment,30m_15db,30.0,15.0,True,,spectral_stats,44,9,3,3,0.0068125,inf,0.6,0.335029697130245
location,30m_15db,6,environment,30m_15db,30.0,15.0,True,,mfcc,26,0,0,0,0.0001242907485961914,18.531365974013653,0.6,0.335029697130245
location,30m_15db,6,environment,30m_15db,30.0,15.0,True,,time_domain,11,1,0,0,0.0029917410041680336,336.52194698259297,0.6,0.335029697130245
location,30m_15db,6,environment,30m_15db,30.0,15.0,True,,frame_energy,8,2,0,0,0.00011432056513526511,2763998504921.649,0.6,0.335029697130245
location,30m_15db,6,environment,30m_15db,30.0,15.0,True,,band_ratios,8,3,3,0,7.213711738586425e-07,0.9438483698644731,0.6,0.335029697130245
location,30m_15db,6,environment,30m_15db,30.0,15.0,True,,local_transient,4,1,0,0,4.050676797735933e-05,556737669835.8009,0.6,0.335029697130245
location,30m_5db,7,environment,30m_5db,30.0,5.0,True,,logmel,80,0,0,0,2.017592430114746e-05,115.21857213199658,0.65,0.23145502494313785
location,30m_5db,7,environment,30m_5db,30.0,5.0,True,,spectral_stats,44,9,3,3,0.0068125,inf,0.65,0.23145502494313785
location,30m_5db,7,environment,30m_5db,30.0,5.0,True,,mfcc,26,0,0,0,0.0001242907485961914,19.464459571219265,0.65,0.23145502494313785
location,30m_5db,7,environment,30m_5db,30.0,5.0,True,,time_domain,11,1,0,0,0.0029917410041680336,689.1208444146074,0.65,0.23145502494313785
location,30m_5db,7,environment,30m_5db,30.0,5.0,True,,frame_energy,8,2,0,0,0.00011432056513526511,26855206460619.492,0.65,0.23145502494313785
location,30m_5db,7,environment,30m_5db,30.0,5.0,True,,band_ratios,8,3,3,0,7.213711738586425e-07,0.9459815338836033,0.65,0.23145502494313785
location,30m_5db,7,environment,30m_5db,30.0,5.0,True,,local_transient,4,1,0,0,4.050676797735933e-05,5375363583646.313,0.65,0.23145502494313785
decay,reference,0,environment,reference,1.0,,False,,logmel,80,0,0,0,2.090121078491211e-05,0.0,1.0,0.0
decay,reference,0,environment,reference,1.0,,False,,spectral_stats,44,8,3,0,0.0068125,0.0,1.0,0.0
decay,reference,0,environment,reference,1.0,,False,,mfcc,26,0,0,0,0.00012828387451171874,0.0,1.0,0.0
decay,reference,0,environment,reference,1.0,,False,,time_domain,11,1,0,0,0.003812862150077976,0.0,1.0,0.0
decay,reference,0,environment,reference,1.0,,False,,frame_energy,8,2,0,0,0.00011155769921516387,0.0,1.0,0.0
decay,reference,0,environment,reference,1.0,,False,,band_ratios,8,3,3,0,5.037046074867249e-07,0.0,1.0,0.0
decay,reference,0,environment,reference,1.0,,False,,local_transient,4,1,0,0,5.032234721955521e-05,0.0,1.0,0.0
decay,1m_30db,1,environment,1m_30db,1.0,30.0,False,,logmel,80,0,0,0,2.090121078491211e-05,17.147894741963032,0.76,0.28996833043120623
decay,1m_30db,1,environment,1m_30db,1.0,30.0,False,,spectral_stats,44,8,3,3,0.0068125,inf,0.76,0.28996833043120623
decay,1m_30db,1,environment,1m_30db,1.0,30.0,False,,mfcc,26,0,0,0,0.00012828387451171874,3.6017196995678185,0.76,0.28996833043120623
decay,1m_30db,1,environment,1m_30db,1.0,30.0,False,,time_domain,11,1,0,0,0.003812862150077976,4.996702243800042,0.76,0.28996833043120623
decay,1m_30db,1,environment,1m_30db,1.0,30.0,False,,frame_energy,8,2,0,0,0.00011155769921516387,91721444949836.84,0.76,0.28996833043120623
decay,1m_30db,1,environment,1m_30db,1.0,30.0,False,,band_ratios,8,3,3,0,5.037046074867249e-07,1.2266195190374292,0.76,0.28996833043120623
decay,1m_30db,1,environment,1m_30db,1.0,30.0,False,,local_transient,4,1,0,0,5.032234721955521e-05,18559050822571.94,0.76,0.28996833043120623
decay,10m_30db,2,environment,10m_30db,10.0,30.0,True,,logmel,80,0,0,0,2.090121078491211e-05,13.792612572794145,0.69,0.2451571757390073
decay,10m_30db,2,environment,10m_30db,10.0,30.0,True,,spectral_stats,44,8,3,3,0.0068125,inf,0.69,0.2451571757390073
decay,10m_30db,2,environment,10m_30db,10.0,30.0,True,,mfcc,26,0,0,0,0.00012828387451171874,3.404713468409373,0.69,0.2451571757390073
decay,10m_30db,2,environment,10m_30db,10.0,30.0,True,,time_domain,11,1,0,0,0.003812862150077976,13.351807169955372,0.69,0.2451571757390073
decay,10m_30db,2,environment,10m_30db,10.0,30.0,True,,frame_energy,8,2,0,0,0.00011155769921516387,871151782100.8027,0.69,0.2451571757390073
decay,10m_30db,2,environment,10m_30db,10.0,30.0,True,,band_ratios,8,3,3,0,5.037046074867249e-07,1.2863853979105693,0.69,0.2451571757390073
decay,10m_30db,2,environment,10m_30db,10.0,30.0,True,,local_transient,4,1,0,0,5.032234721955521e-05,176925452757.2939,0.69,0.2451571757390073
decay,10m_15db,3,environment,10m_15db,10.0,15.0,True,,logmel,80,0,0,0,2.090121078491211e-05,16.49010572164814,0.67,0.27866298861615946
decay,10m_15db,3,environment,10m_15db,10.0,15.0,True,,spectral_stats,44,8,3,3,0.0068125,inf,0.67,0.27866298861615946
decay,10m_15db,3,environment,10m_15db,10.0,15.0,True,,mfcc,26,0,0,0,0.00012828387451171874,3.563760356626574,0.67,0.27866298861615946
decay,10m_15db,3,environment,10m_15db,10.0,15.0,True,,time_domain,11,1,0,0,0.003812862150077976,281.5411026864909,0.67,0.27866298861615946
decay,10m_15db,3,environment,10m_15db,10.0,15.0,True,,frame_energy,8,2,0,0,0.00011155769921516387,29179675068444.414,0.67,0.27866298861615946
decay,10m_15db,3,environment,10m_15db,10.0,15.0,True,,band_ratios,8,3,3,0,5.037046074867249e-07,1.4265372453129663,0.67,0.27866298861615946
decay,10m_15db,3,environment,10m_15db,10.0,15.0,True,,local_transient,4,1,0,0,5.032234721955521e-05,5908517313391.777,0.67,0.27866298861615946
decay,10m_5db,4,environment,10m_5db,10.0,5.0,True,,logmel,80,0,0,0,2.090121078491211e-05,18.162386831762667,0.83,0.23925906034920325
decay,10m_5db,4,environment,10m_5db,10.0,5.0,True,,spectral_stats,44,8,3,3,0.0068125,inf,0.83,0.23925906034920325
decay,10m_5db,4,environment,10m_5db,10.0,5.0,True,,mfcc,26,0,0,0,0.00012828387451171874,3.686885541907942,0.83,0.23925906034920325
decay,10m_5db,4,environment,10m_5db,10.0,5.0,True,,time_domain,11,1,0,0,0.003812862150077976,588.642250168216,0.83,0.23925906034920325
decay,10m_5db,4,environment,10m_5db,10.0,5.0,True,,frame_energy,8,2,0,0,0.00011155769921516387,279925966801279.94,0.83,0.23925906034920325
decay,10m_5db,4,environment,10m_5db,10.0,5.0,True,,band_ratios,8,3,3,0,5.037046074867249e-07,1.4594754737082993,0.83,0.23925906034920325
decay,10m_5db,4,environment,10m_5db,10.0,5.0,True,,local_transient,4,1,0,0,5.032234721955521e-05,57100064784348.9,0.83,0.23925906034920325
decay,30m_30db,5,environment,30m_30db,30.0,30.0,True,,logmel,80,0,0,0,2.090121078491211e-05,12.113215512700737,0.84,0.23560603574958058
decay,30m_30db,5,environment,30m_30db,30.0,30.0,True,,spectral_stats,44,8,3,3,0.0068125,inf,0.84,0.23560603574958058
decay,30m_30db,5,environment,30m_30db,30.0,30.0,True,,mfcc,26,0,0,0,0.00012828387451171874,3.2541921374521072,0.84,0.23560603574958058
decay,30m_30db,5,environment,30m_30db,30.0,30.0,True,,time_domain,11,1,0,0,0.003812862150077976,30.35173028393643,0.84,0.23560603574958058
decay,30m_30db,5,environment,30m_30db,30.0,30.0,True,,frame_energy,8,2,0,0,0.00011155769921516387,84572231344.68391,0.84,0.23560603574958058
decay,30m_30db,5,environment,30m_30db,30.0,30.0,True,,band_ratios,8,3,3,0,5.037046074867249e-07,1.2802296964356386,0.84,0.23560603574958058
decay,30m_30db,5,environment,30m_30db,30.0,30.0,True,,local_transient,4,1,0,0,5.032234721955521e-05,17134549375.872417,0.84,0.23560603574958058
decay,30m_15db,6,environment,30m_15db,30.0,15.0,True,,logmel,80,0,0,0,2.090121078491211e-05,14.790863387378229,0.4,0.30304576336566325
decay,30m_15db,6,environment,30m_15db,30.0,15.0,True,,spectral_stats,44,8,3,3,0.0068125,inf,0.4,0.30304576336566325
decay,30m_15db,6,environment,30m_15db,30.0,15.0,True,,mfcc,26,0,0,0,0.00012828387451171874,3.5093683143337495,0.4,0.30304576336566325
decay,30m_15db,6,environment,30m_15db,30.0,15.0,True,,time_domain,11,1,0,0,0.003812862150077976,308.66486483538984,0.4,0.30304576336566325
decay,30m_15db,6,environment,30m_15db,30.0,15.0,True,,frame_energy,8,2,0,0,0.00011155769921516387,2824138011265.1523,0.4,0.30304576336566325
decay,30m_15db,6,environment,30m_15db,30.0,15.0,True,,band_ratios,8,3,3,0,5.037046074867249e-07,1.46741580147915,0.4,0.30304576336566325
decay,30m_15db,6,environment,30m_15db,30.0,15.0,True,,local_transient,4,1,0,0,5.032234721955521e-05,568617371832.0845,0.4,0.30304576336566325
decay,30m_5db,7,environment,30m_5db,30.0,5.0,True,,logmel,80,0,0,0,2.090121078491211e-05,16.52546926980181,0.56,0.23989793748209523
decay,30m_5db,7,environment,30m_5db,30.0,5.0,True,,spectral_stats,44,8,3,3,0.0068125,inf,0.56,0.23989793748209523
decay,30m_5db,7,environment,30m_5db,30.0,5.0,True,,mfcc,26,0,0,0,0.00012828387451171874,3.5759949696560187,0.56,0.23989793748209523
decay,30m_5db,7,environment,30m_5db,30.0,5.0,True,,time_domain,11,1,0,0,0.003812862150077976,612.6265707410689,0.56,0.23989793748209523
decay,30m_5db,7,environment,30m_5db,30.0,5.0,True,,frame_energy,8,2,0,0,0.00011155769921516387,29283585430630.906,0.56,0.23989793748209523
decay,30m_5db,7,environment,30m_5db,30.0,5.0,True,,band_ratios,8,3,3,0,5.037046074867249e-07,1.4364903074056927,0.56,0.23989793748209523
decay,30m_5db,7,environment,30m_5db,30.0,5.0,True,,local_transient,4,1,0,0,5.032234721955521e-05,5895934257018.74,0.56,0.23989793748209523
sharpness,reference,0,environment,reference,1.0,,False,,logmel,80,0,0,0,2.028237724304199e-05,0.0,1.0,0.0
sharpness,reference,0,environment,reference,1.0,,False,,spectral_stats,44,9,3,0,0.0068125,0.0,1.0,0.0
sharpness,reference,0,environment,reference,1.0,,False,,mfcc,26,0,0,0,0.0001247572021484375,0.0,1.0,0.0
sharpness,reference,0,environment,reference,1.0,,False,,time_domain,11,1,0,0,0.002413111788234003,0.0,1.0,0.0
sharpness,reference,0,environment,reference,1.0,,False,,frame_energy,8,2,0,0,0.0006073271663641753,0.0,1.0,0.0
sharpness,reference,0,environment,reference,1.0,,False,,band_ratios,8,3,3,0,9.752535820007324e-07,0.0,1.0,0.0
sharpness,reference,0,environment,reference,1.0,,False,,local_transient,4,1,0,0,0.00014184251610667312,0.0,1.0,0.0
sharpness,1m_30db,1,environment,1m_30db,1.0,30.0,False,,logmel,80,0,0,0,2.028237724304199e-05,75.40153206635972,1.0,0.0
sharpness,1m_30db,1,environment,1m_30db,1.0,30.0,False,,spectral_stats,44,9,3,3,0.0068125,inf,1.0,0.0
sharpness,1m_30db,1,environment,1m_30db,1.0,30.0,False,,mfcc,26,0,0,0,0.0001247572021484375,11.240461318225101,1.0,0.0
sharpness,1m_30db,1,environment,1m_30db,1.0,30.0,False,,time_domain,11,1,0,0,0.002413111788234003,20.73818035138525,1.0,0.0
sharpness,1m_30db,1,environment,1m_30db,1.0,30.0,False,,frame_energy,8,2,0,0,0.0006073271663641753,100352150110958.97,1.0,0.0
sharpness,1m_30db,1,environment,1m_30db,1.0,30.0,False,,band_ratios,8,3,3,0,9.752535820007324e-07,0.3002001204121837,1.0,0.0
sharpness,1m_30db,1,environment,1m_30db,1.0,30.0,False,,local_transient,4,1,0,0,0.00014184251610667312,20357056971334.19,1.0,0.0
sharpness,10m_30db,2,environment,10m_30db,10.0,30.0,True,,logmel,80,0,0,0,2.028237724304199e-05,57.53275317082487,1.0,0.0
sharpness,10m_30db,2,environment,10m_30db,10.0,30.0,True,,spectral_stats,44,9,3,3,0.0068125,inf,1.0,0.0
sharpness,10m_30db,2,environment,10m_30db,10.0,30.0,True,,mfcc,26,0,0,0,0.0001247572021484375,10.109831556877207,1.0,0.0
sharpness,10m_30db,2,environment,10m_30db,10.0,30.0,True,,time_domain,11,1,0,0,0.002413111788234003,26.816349561557992,1.0,0.0
sharpness,10m_30db,2,environment,10m_30db,10.0,30.0,True,,frame_energy,8,2,0,0,0.0006073271663641753,845680035743.0488,1.0,0.0
sharpness,10m_30db,2,environment,10m_30db,10.0,30.0,True,,band_ratios,8,3,3,0,9.752535820007324e-07,0.32749692099127997,1.0,0.0
sharpness,10m_30db,2,environment,10m_30db,10.0,30.0,True,,local_transient,4,1,0,0,0.00014184251610667312,170980702344.92416,1.0,0.0
sharpness,10m_15db,3,environment,10m_15db,10.0,15.0,True,,logmel,80,0,0,0,2.028237724304199e-05,70.80716839176696,0.68,0.298977850520805
sharpness,10m_15db,3,environment,10m_15db,10.0,15.0,True,,spectral_stats,44,9,3,3,0.0068125,inf,0.68,0.298977850520805
sharpness,10m_15db,3,environment,10m_15db,10.0,15.0,True,,mfcc,26,0,0,0,0.0001247572021484375,11.180791831844106,0.68,0.298977850520805
sharpness,10m_15db,3,environment,10m_15db,10.0,15.0,True,,time_domain,11,1,0,0,0.002413111788234003,46.51275471322512,0.68,0.298977850520805
sharpness,10m_15db,3,environment,10m_15db,10.0,15.0,True,,frame_energy,8,2,0,0,0.0006073271663641753,27061574392448.562,0.68,0.298977850520805
sharpness,10m_15db,3,environment,10m_15db,10.0,15.0,True,,band_ratios,8,3,3,0,9.752535820007324e-07,0.3388495727037813,0.68,0.298977850520805
sharpness,10m_15db,3,environment,10m_15db,10.0,15.0,True,,local_transient,4,1,0,0,0.00014184251610667312,5468477801806.2,0.68,0.298977850520805
sharpness,10m_5db,4,environment,10m_5db,10.0,5.0,True,,logmel,80,0,0,0,2.028237724304199e-05,79.42861768138908,0.72,0.28855728395320224
sharpness,10m_5db,4,environment,10m_5db,10.0,5.0,True,,spectral_stats,44,9,3,3,0.0068125,inf,0.72,0.28855728395320224
sharpness,10m_5db,4,environment,10m_5db,10.0,5.0,True,,mfcc,26,0,0,0,0.0001247572021484375,11.765559696204043,0.72,0.28855728395320224
sharpness,10m_5db,4,environment,10m_5db,10.0,5.0,True,,time_domain,11,1,0,0,0.002413111788234003,205.9702810911798,0.72,0.28855728395320224
sharpness,10m_5db,4,environment,10m_5db,10.0,5.0,True,,frame_energy,8,2,0,0,0.0006073271663641753,270234789015947.2,0.72,0.28855728395320224
sharpness,10m_5db,4,environment,10m_5db,10.0,5.0,True,,band_ratios,8,3,3,0,9.752535820007324e-07,0.34162188301756874,0.72,0.28855728395320224
sharpness,10m_5db,4,environment,10m_5db,10.0,5.0,True,,local_transient,4,1,0,0,0.00014184251610667312,54339323556612.68,0.72,0.28855728395320224
sharpness,30m_30db,5,environment,30m_30db,30.0,30.0,True,,logmel,80,0,0,0,2.028237724304199e-05,48.83232710713069,1.0,0.0
sharpness,30m_30db,5,environment,30m_30db,30.0,30.0,True,,spectral_stats,44,9,3,3,0.0068125,inf,1.0,0.0
sharpness,30m_30db,5,environment,30m_30db,30.0,30.0,True,,mfcc,26,0,0,0,0.0001247572021484375,9.57616855869879,1.0,0.0
sharpness,30m_30db,5,environment,30m_30db,30.0,30.0,True,,time_domain,11,1,0,0,0.002413111788234003,38.626012766922365,1.0,0.0
sharpness,30m_30db,5,environment,30m_30db,30.0,30.0,True,,frame_energy,8,2,0,0,0.0006073271663641753,79180159131.7747,1.0,0.0
sharpness,30m_30db,5,environment,30m_30db,30.0,30.0,True,,band_ratios,8,3,3,0,9.752535820007324e-07,0.31932653501422387,1.0,0.0
sharpness,30m_30db,5,environment,30m_30db,30.0,30.0,True,,local_transient,4,1,0,0,0.00014184251610667312,15751694796.32143,1.0,0.0
sharpness,30m_15db,6,environment,30m_15db,30.0,15.0,True,,logmel,80,0,0,0,2.028237724304199e-05,61.855875884973024,0.76,0.2523360247522242
sharpness,30m_15db,6,environment,30m_15db,30.0,15.0,True,,spectral_stats,44,9,3,3,0.0068125,inf,0.76,0.2523360247522242
sharpness,30m_15db,6,environment,30m_15db,30.0,15.0,True,,mfcc,26,0,0,0,0.0001247572021484375,10.71444790750149,0.76,0.2523360247522242
sharpness,30m_15db,6,environment,30m_15db,30.0,15.0,True,,time_domain,11,1,0,0,0.002413111788234003,57.41087517821391,0.76,0.2523360247522242
sharpness,30m_15db,6,environment,30m_15db,30.0,15.0,True,,frame_energy,8,2,0,0,0.0006073271663641753,2489121271798.046,0.76,0.2523360247522242
sharpness,30m_15db,6,environment,30m_15db,30.0,15.0,True,,band_ratios,8,3,3,0,9.752535820007324e-07,0.3451076606492739,0.76,0.2523360247522242
sharpness,30m_15db,6,environment,30m_15db,30.0,15.0,True,,local_transient,4,1,0,0,0.00014184251610667312,498589701321.17303,0.76,0.2523360247522242
sharpness,30m_5db,7,environment,30m_5db,30.0,5.0,True,,logmel,80,0,0,0,2.028237724304199e-05,70.55664007767272,0.8,0.28571428571428575
sharpness,30m_5db,7,environment,30m_5db,30.0,5.0,True,,spectral_stats,44,9,3,3,0.0068125,inf,0.8,0.28571428571428575
sharpness,30m_5db,7,environment,30m_5db,30.0,5.0,True,,mfcc,26,0,0,0,0.0001247572021484375,11.331973514567157,0.8,0.28571428571428575
sharpness,30m_5db,7,environment,30m_5db,30.0,5.0,True,,time_domain,11,1,0,0,0.002413111788234003,166.37657619938406,0.8,0.28571428571428575
sharpness,30m_5db,7,environment,30m_5db,30.0,5.0,True,,frame_energy,8,2,0,0,0.0006073271663641753,25017464664838.867,0.8,0.28571428571428575
sharpness,30m_5db,7,environment,30m_5db,30.0,5.0,True,,band_ratios,8,3,3,0,9.752535820007324e-07,0.34118128127266084,0.8,0.28571428571428575
sharpness,30m_5db,7,environment,30m_5db,30.0,5.0,True,,local_transient,4,1,0,0,0.00014184251610667312,5046777821630.084,0.8,0.28571428571428575
